2451453|57034|9184|3096388|1370047|5567|5731650|3096388|1370047|5567|5731650|6|9186|5|4|33|1|6|7.88|0.63|8.51|15.00|0.79|6.30|0.79|0.79|15.00|
2450852|79789|2226|2472845|875773|4082|5571991|2472845|875773|4082|5571991|3|6328|18|4|12|1|8|24.51|1.96|26.47|15.00|2.45|19.61|2.45|2.45|15.00|
2450963|77898|15163|5809865|1372268|5057|1243915|5809865|1372268|5057|1243915|6|1722|5|1|17|2|5|43.96|3.52|47.48|15.00|4.40|35.17|4.40|4.40|15.00|
2451139|42854|13860|1041380|1553057|3271|1257101|1041380|1553057|3271|1257101|2|10766|14|1|22|2|2|75.50|6.04|81.54|15.00|7.55|60.40|7.55|7.55|15.00|
2451212|63298|5619|232686|44610|1167|4869489|232686|44610|1167|4869489|2|7343|17|4|14|3|3|11.60|0.93|12.53|15.00|1.16|9.28|1.16|1.16|15.00|
2450836|2141|10703|9896608|67278|6081|5826180|9896608|67278|6081|5826180|6|11479|13|2|33|3|3|68.06|5.44|73.50|15.00|6.81|54.45|6.81|6.81|15.00|
2450892|23873|10223|4155232|1010671|2363|3318052|4155232|1010671|2363|3318052|1|428|18|4|1|4|5|62.69|5.02|67.71|15.00|6.27|50.15|6.27|6.27|15.00|
2451228|1247|10773|591741|1823396|4518|448538|591741|1823396|4518|448538|2|4249|16|4|6|4|3|69.63|5.57|75.20|15.00|6.96|55.70|6.96|6.96|15.00|
2451155|37393|5483|4529075|652721|5337|5972413|4529075|652721|5337|5972413|5|3555|20|4|17|5|6|48.21|3.86|52.07|15.00|4.82|38.57|4.82|4.82|15.00|
2451513|61649|15212|7249702|1516229|2519|220928|7249702|1516229|2519|220928|2|9272|12|4|32|5|5|44.88|3.59|48.47|15.00|4.49|35.90|4.49|4.49|15.00|
2450916|29118|10192|11892898|972508|6612|2499111|11892898|972508|6612|2499111|6|6831|1|2|35|6|8|43.39|3.47|46.86|15.00|4.34|34.71|4.34|4.34|15.00|
2451236|14416|11700|9206343|436124|1698|666275|9206343|436124|1698|666275|4|7684|5|3|30|6|4|27.84|2.23|30.07|15.00|2.78|22.27|2.78|2.78|15.00|
2451532|34733|15805|8640686|33137|1010|5105494|8640686|33137|1010|5105494|1|9496|9|2|28|7|3|95.07|7.61|102.68|15.00|9.51|76.06|9.51|9.51|15.00|
2451027|2254|11009|819607|1206950|1737|3290050|819607|1206950|1737|3290050|2|6411|20|3|1|7|4|70.08|5.61|75.69|15.00|7.01|56.06|7.01|7.01|15.00|
2451245|23782|1633|10610325|104967|1344|4984205|10610325|104967|1344|4984205|2|9438|12|4|13|8|5|31.62|2.53|34.15|15.00|3.16|25.30|3.16|3.16|15.00|
2451081|35004|17795|7627478|1429665|6890|199270|7627478|1429665|6890|199270|3|4802|19|3|11|8|7|36.01|2.88|38.89|15.00|3.60|28.81|3.60|3.60|15.00|
2450885|55955|16676|533477|777595|1069|2752008|533477|777595|1069|2752008|1|6181|15|1|7|9|4|15.02|1.20|16.22|15.00|1.50|12.02|1.50|1.50|15.00|
2451321|65796|10595|9193917|1056196|2727|4765583|9193917|1056196|2727|4765583|6|3872|17|4|26|9|9|94.90|7.59|102.49|15.00|9.49|75.92|9.49|9.49|15.00|
2451533|26449|2817|3097409|1684299|3142|989985|3097409|1684299|3142|989985|6|1865|3|3|8|10|6|56.44|4.52|60.96|15.00|5.64|45.15|5.64|5.64|15.00|
2451099|31371|17562|8609099|79218|5866|2624668|8609099|79218|5866|2624668|2|5249|15|3|3|10|5|26.38|2.11|28.49|15.00|2.64|21.10|2.64|2.64|15.00|
2450909|32138|9936|6412510|506888|4269|817001|6412510|506888|4269|817001|3|785|4|4|30|11|1|32.92|2.63|35.55|15.00|3.29|26.34|3.29|3.29|15.00|
2450933|42876|12043|5343411|1456551|473|5687326|5343411|1456551|473|5687326|4|7598|15|3|14|11|5|18.50|1.48|19.98|15.00|1.85|14.80|1.85|1.85|15.00|
2450849|11636|9445|11252408|1024722|329|1478450|11252408|1024722|329|1478450|3|6294|8|4|30|12|4|33.69|2.70|36.39|15.00|3.37|26.95|3.37|3.37|15.00|
2451415|16687|6151|1270242|883554|3174|2705874|1270242|883554|3174|2705874|2|7625|18|4|11|12|6|1.56|0.12|1.68|15.00|0.16|1.25|0.16|0.16|15.00|
2451361|36147|11918|6766524|1723296|3931|4892703|6766524|1723296|3931|4892703|1|10552|9|4|8|13|9|97.56|7.80|105.36|15.00|9.76|78.05|9.76|9.76|15.00|
2451338|52378|6407|5733261|510214|392|1755567|5733261|510214|392|1755567|4|7393|13|5|14|13|8|50.19|4.02|54.21|15.00|5.02|40.15|5.02|5.02|15.00|
2451330|35618|1915|8714109|3216|3807|4115655|8714109|3216|3807|4115655|6|615|13|2|28|14|2|39.40|3.15|42.55|15.00|3.94|31.52|3.94|3.94|15.00|
2450907|48798|16083|1214020|617512|2938|388720|1214020|617512|2938|388720|2|3129|13|2|2|14|7|53.69|4.30|57.99|15.00|5.37|42.95|5.37|5.37|15.00|
2451146|46683|10779|244564|903986|1341|4774071|244564|903986|1341|4774071|4|6142|20|4|19|15|5|48.57|3.89|52.46|15.00|4.86|38.86|4.86|4.86|15.00|
2450937|54611|496|4504256|1447378|5759|5530608|4504256|1447378|5759|5530608|2|8755|16|1|16|15|3|24.23|1.94|26.17|15.00|2.42|19.38|2.42|2.42|15.00|
2451292|49880|9776|2294020|67049|6406|4425411|2294020|67049|6406|4425411|3|11600|18|1|26|16|8|11.93|0.95|12.88|15.00|1.19|9.54|1.19|1.19|15.00|
2451449|48753|12772|9507437|281223|4815|4674255|9507437|281223|4815|4674255|1|8176|12|4|7|16|6|49.47|3.96|53.43|15.00|4.95|39.58|4.95|4.95|15.00|
2450991|65454|11005|5107754|1774380|6455|159598|5107754|1774380|6455|159598|2|1657|1|2|21|17|9|33.58|2.69|36.27|15.00|3.36|26.86|3.36|3.36|15.00|
2451069|73081|1114|1643927|1118419|1311|1014859|1643927|1118419|1311|1014859|6|2089|8|4|9|17|2|74.36|5.95|80.31|15.00|7.44|59.49|7.44|7.44|15.00|
2451151|83370|1005|9889000|936815|5607|5833849|9889000|936815|5607|5833849|6|3071|15|3|15|18|4|22.61|1.81|24.42|15.00|2.26|18.09|2.26|2.26|15.00|
2451348|63282|629|1647758|189642|2697|1825506|1647758|189642|2697|1825506|5|1246|13|5|34|18|5|72.30|5.78|78.08|15.00|7.23|57.84|7.23|7.23|15.00|
2451076|34984|6760|6548303|803018|3198|1670717|6548303|803018|3198|1670717|6|10039|18|1|22|19|10|34.41|2.75|37.16|15.00|3.44|27.53|3.44|3.44|15.00|
2451443|77848|5374|7422128|255799|6643|4577456|7422128|255799|6643|4577456|5|4803|10|4|32|19|7|2.68|0.21|2.89|15.00|0.27|2.14|0.27|0.27|15.00|
2451390|2454|16465|5831895|1217623|3208|315203|5831895|1217623|3208|315203|4|2204|12|3|4|20|1|76.97|6.16|83.13|15.00|7.70|61.58|7.70|7.70|15.00|
2451195|48432|17217|11280206|1672610|1355|5630428|11280206|1672610|1355|5630428|3|6687|18|3|27|20|5|78.89|6.31|85.20|15.00|7.89|63.11|7.89|7.89|15.00|
2451379|25620|14112|10619206|70067|1548|1122665|10619206|70067|1548|1122665|5|6492|6|3|4|21|10|57.23|4.58|61.81|15.00|5.72|45.78|5.72|5.72|15.00|
2451191|57963|10086|6516428|1408799|4819|891368|6516428|1408799|4819|891368|1|1217|18|1|29|21|5|13.24|1.06|14.30|15.00|1.32|10.59|1.32|1.32|15.00|
2451332|70358|14057|11863775|1398595|5023|564303|11863775|1398595|5023|564303|4|9295|8|1|22|22|7|82.59|6.61|89.20|15.00|8.26|66.07|8.26|8.26|15.00|
2450829|26709|9198|4881166|1140999|3553|2677692|4881166|1140999|3553|2677692|5|9365|16|3|17|22|7|15.26|1.22|16.48|15.00|1.53|12.21|1.53|1.53|15.00|
2451128|44269|12476|3356958|626042|6840|3524334|3356958|626042|6840|3524334|4|1077|9|4|26|23|9|83.36|6.67|90.03|15.00|8.34|66.69|8.34|8.34|15.00|
2451084|85899|5513|1404907|380564|1716|2046182|1404907|380564|1716|2046182|5|1449|3|4|14|23|8|9.11|0.73|9.84|15.00|0.91|7.29|0.91|0.91|15.00|
2450919|17971|15290|10103703|425277|1087|2292152|10103703|425277|1087|2292152|5|6624|13|1|3|24|4|65.45|5.24|70.69|15.00|6.55|52.36|6.55|6.55|15.00|
2450883|20766|11045|7713839|750756|5928|2884988|7713839|750756|5928|2884988|5|5279|6|2|34|24|2|16.98|1.36|18.34|15.00|1.70|13.58|1.70|1.70|15.00|
2451044|75402|6774|8723912|1904759|3228|1081912|8723912|1904759|3228|1081912|1|4582|9|2|30|25|6|34.91|2.79|37.70|15.00|3.49|27.93|3.49|3.49|15.00|
2450861|70887|5300|11863270|1555265|1316|4860998|11863270|1555265|1316|4860998|3|4154|18|1|11|25|4|1.28|0.10|1.38|15.00|0.13|1.02|0.13|0.13|15.00|
2451367|33656|1484|4010162|864348|5786|3081967|4010162|864348|5786|3081967|5|3546|9|2|25|26|4|21.10|1.69|22.79|15.00|2.11|16.88|2.11|2.11|15.00|
2451420|35961|15834|7911508|556019|6189|2068783|7911508|556019|6189|2068783|5|5169|1|2|3|26|2|13.28|1.06|14.34|15.00|1.33|10.62|1.33|1.33|15.00|
2450966|76580|2798|6074839|651364|6769|482571|6074839|651364|6769|482571|3|769|12|5|16|27|2|51.01|4.08|55.09|15.00|5.10|40.81|5.10|5.10|15.00|
2451524|43506|16643|2194630|73419|2331|1311628|2194630|73419|2331|1311628|3|4620|8|3|10|27|7|48.89|3.91|52.80|15.00|4.89|39.11|4.89|4.89|15.00|
2450884|55543|16983|9958255|496007|270|3490314|9958255|496007|270|3490314|6|5510|18|3|35|28|2|52.50|4.20|56.70|15.00|5.25|42.00|5.25|5.25|15.00|
2450965|35215|13876|7711257|994852|5960|2587035|7711257|994852|5960|2587035|5|3919|1|1|9|28|6|51.65|4.13|55.78|15.00|5.17|41.32|5.17|5.17|15.00|
2451276|51001|13621|1706409|182221|5664|1354450|1706409|182221|5664|1354450|1|6944|3|3|2|29|7|51.46|4.12|55.58|15.00|5.15|41.17|5.15|5.15|15.00|
2451540|60979|5324|3849739|835817|3542|4132253|3849739|835817|3542|4132253|1|10264|8|5|15|29|2|39.13|3.13|42.26|15.00|3.91|31.30|3.91|3.91|15.00|
2450914|53233|1239|391582|20626|5267|4957492|391582|20626|5267|4957492|2|127|19|2|5|30|6|97.78|7.82|105.60|15.00|9.78|78.22|9.78|9.78|15.00|
2451513|12124|11485|11908222|1638632|6701|2062566|11908222|1638632|6701|2062566|3|10855|20|5|15|30|1|79.50|6.36|85.86|15.00|7.95|63.60|7.95|7.95|15.00|
2451361|22284|5279|2707166|169746|1938|3360319|2707166|169746|1938|3360319|1|6711|5|1|11|31|7|42.84|3.43|46.27|15.00|4.28|34.27|4.28|4.28|15.00|
2451221|23736|2266|11506924|508581|2347|2978142|11506924|508581|2347|2978142|3|4270|19|1|19|31|10|64.13|5.13|69.26|15.00|6.41|51.30|6.41|6.41|15.00|
2451395|3387|4952|4756344|1591397|3912|363632|4756344|1591397|3912|363632|4|8611|8|3|23|32|10|7.56|0.60|8.16|15.00|0.76|6.05|0.76|0.76|15.00|
2450974|79530|16974|3754518|599160|5323|1996066|3754518|599160|5323|1996066|2|8097|3|4|5|32|8|83.69|6.70|90.39|15.00|8.37|66.95|8.37|8.37|15.00|
2451419|40281|3629|10134406|287375|7136|5497566|10134406|287375|7136|5497566|4|11243|3|2|20|33|4|14.63|1.17|15.80|15.00|1.46|11.70|1.46|1.46|15.00|
2451280|19100|4956|3840208|424654|3152|2295349|3840208|424654|3152|2295349|4|3175|11|2|24|33|4|44.31|3.54|47.85|15.00|4.43|35.45|4.43|4.43|15.00|
2451395|13675|7505|7104214|1876008|2373|437634|7104214|1876008|2373|437634|1|4714|10|5|31|34|1|45.68|3.65|49.33|15.00|4.57|36.54|4.57|4.57|15.00|
2451322|79168|10567|3646969|167396|1949|3844199|3646969|167396|1949|3844199|4|10344|10|2|11|34|3|82.45|6.60|89.05|15.00|8.25|65.96|8.25|8.25|15.00|
2450994|59257|7183|9948237|1035702|3191|468670|9948237|1035702|3191|468670|2|3773|14|1|18|35|1|90.90|7.27|98.17|15.00|9.09|72.72|9.09|9.09|15.00|
2450858|74158|14042|7703089|883135|6598|5106499|7703089|883135|6598|5106499|1|4368|20|1|5|35|4|54.13|4.33|58.46|15.00|5.41|43.30|5.41|5.41|15.00|
2451334|33408|10882|919359|1111267|6857|3825261|919359|1111267|6857|3825261|4|9678|17|1|1|36|6|25.46|2.04|27.50|15.00|2.55|20.37|2.55|2.55|15.00|
2451041|36463|10900|9489196|1560394|7162|1838413|9489196|1560394|7162|1838413|6|5470|4|1|6|36|8|48.23|3.86|52.09|15.00|4.82|38.58|4.82|4.82|15.00|
2450962|20508|6573|9529141|1024223|1395|3434113|9529141|1024223|1395|3434113|3|8342|20|3|2|37|7|18.18|1.45|19.63|15.00|1.82|14.54|1.82|1.82|15.00|
2451156|47140|16114|1621105|373126|2696|3356770|1621105|373126|2696|3356770|1|6461|3|1|33|37|9|84.25|6.74|90.99|15.00|8.43|67.40|8.43|8.43|15.00|
2450900|77697|13814|3910123|1271509|2326|3875204|3910123|1271509|2326|3875204|5|9496|18|1|1|38|7|30.80|2.46|33.26|15.00|3.08|24.64|3.08|3.08|15.00|
2450905|76215|13600|5138144|366403|41|96172|5138144|366403|41|96172|6|4904|13|5|24|38|2|0.18|0.01|0.19|15.00|0.02|0.14|0.02|0.02|15.00|
2450972|51165|14078|7518448|1200111|1801|3137029|7518448|1200111|1801|3137029|5|10547|14|1|5|39|7|71.51|5.72|77.23|15.00|7.15|57.21|7.15|7.15|15.00|
2451164|62409|13058|1698464|314061|4827|581285|1698464|314061|4827|581285|4|3129|13|4|20|39|5|74.99|6.00|80.99|15.00|7.50|59.99|7.50|7.50|15.00|
2451140|74763|11165|3968080|1170534|3708|99861|3968080|1170534|3708|99861|6|1585|18|3|13|40|7|88.18|7.05|95.23|15.00|8.82|70.54|8.82|8.82|15.00|
2450828|10486|11786|10613640|1864915|5131|274487|10613640|1864915|5131|274487|3|287|8|4|8|40|8|31.12|2.49|33.61|15.00|3.11|24.90|3.11|3.11|15.00|
2450989|61411|11724|11091020|332092|1075|1397685|11091020|332092|1075|1397685|6|9085|17|2|14|41|7|11.75|0.94|12.69|15.00|1.18|9.40|1.18|1.18|15.00|
2451532|26187|4785|6042285|848399|875|475668|6042285|848399|875|475668|5|9588|15|3|22|41|6|95.34|7.63|102.97|15.00|9.53|76.27|9.53|9.53|15.00|
2451122|37779|15066|11578515|549250|389|3418828|11578515|549250|389|3418828|3|57|4|3|17|42|2|44.15|3.53|47.68|15.00|4.42|35.32|4.42|4.42|15.00|
2450866|81554|1523|1708485|1503692|7142|5875237|1708485|1503692|7142|5875237|5|4365|14|4|21|42|3|98.88|7.91|106.79|15.00|9.89|79.10|9.89|9.89|15.00|
2451361|44423|14322|2829966|1056540|3427|3131821|2829966|1056540|3427|3131821|5|3179|18|4|25|43|9|96.16|7.69|103.85|15.00|9.62|76.93|9.62|9.62|15.00|
2451299|74514|15176|9158204|1060932|4791|1355399|9158204|1060932|4791|1355399|1|7348|9|2|30|43|9|44.29|3.54|47.83|15.00|4.43|35.43|4.43|4.43|15.00|
2451233|48301|2091|4650841|1852397|2431|1564747|4650841|1852397|2431|1564747|3|277|2|3|18|44|7|79.01|6.32|85.33|15.00|7.90|63.21|7.90|7.90|15.00|
2451543|67791|16241|716140|327185|5268|3488465|716140|327185|5268|3488465|6|4431|8|2|15|44|5|98.42|7.87|106.29|15.00|9.84|78.74|9.84|9.84|15.00|
2451459|31995|5629|3711919|545490|4942|2756847|3711919|545490|4942|2756847|6|9351|16|2|23|45|7|2.20|0.18|2.38|15.00|0.22|1.76|0.22|0.22|15.00|
2451184|64702|6638|8163266|1362517|6937|207689|8163266|1362517|6937|207689|4|1051|17|4|25|45|9|67.42|5.39|72.81|15.00|6.74|53.94|6.74|6.74|15.00|
2450900|53086|1851|10157588|1248266|2113|2332630|10157588|1248266|2113|2332630|6|6447|15|4|26|46|8|79.37|6.35|85.72|15.00|7.94|63.50|7.94|7.94|15.00|
2451195|64422|2195|4207084|674137|6226|2238800|4207084|674137|6226|2238800|2|7314|9|2|4|46|2|74.34|5.95|80.29|15.00|7.43|59.47|7.43|7.43|15.00|
2450874|21116|10993|7555870|1044554|307|2736072|7555870|1044554|307|2736072|2|8984|13|3|1|47|3|67.82|5.43|73.25|15.00|6.78|54.26|6.78|6.78|15.00|
2451009|4897|8826|7164298|813533|434|320311|7164298|813533|434|320311|6|8039|20|2|2|47|6|77.09|6.17|83.26|15.00|7.71|61.67|7.71|7.71|15.00|
2451326|80824|10157|10179168|1248401|6595|2704685|10179168|1248401|6595|2704685|6|860|12|1|6|48|9|28.48|2.28|30.76|15.00|2.85|22.78|2.85|2.85|15.00|
2451380|42576|10156|670347|1639183|4152|995357|670347|1639183|4152|995357|2|1555|8|1|26|48|9|97.51|7.80|105.31|15.00|9.75|78.01|9.75|9.75|15.00|
2451231|49059|6115|7410528|322778|2658|2143372|7410528|322778|2658|2143372|2|8241|6|4|17|49|4|54.12|4.33|58.45|15.00|5.41|43.30|5.41|5.41|15.00|
2451273|30401|17398|2999316|1116483|6644|793459|2999316|1116483|6644|793459|4|7549|2|3|31|49|6|63.05|5.04|68.09|15.00|6.30|50.44|6.30|6.30|15.00|
2451192|52192|9922|6562588|407036|3186|1818718|6562588|407036|3186|1818718|1|3279|20|2|28|50|9|76.26|6.10|82.36|15.00|7.63|61.01|7.63|7.63|15.00|
2450939|10503|5811|1030381|1148409|4867|4903505|1030381|1148409|4867|4903505|2|1502|4|4|1|50|4|28.73|2.30|31.03|15.00|2.87|22.98|2.87|2.87|15.00|
2451469|84368|15406|10111135|46342|908|1595890|10111135|46342|908|1595890|3|7660|6|2|31|51|1|5.13|0.41|5.54|15.00|0.51|4.10|0.51|0.51|15.00|
2451386|11950|12014|7787266|1601767|368|2794445|7787266|1601767|368|2794445|2|8434|12|1|17|51|7|4.85|0.39|5.24|15.00|0.48|3.88|0.48|0.48|15.00|
2451351|33454|12681|5504918|1059004|1287|1932252|5504918|1059004|1287|1932252|6|1392|15|2|7|52|9|8.16|0.65|8.81|15.00|0.82|6.53|0.82|0.82|15.00|
2451019|76882|1934|1655942|1189808|2987|5949520|1655942|1189808|2987|5949520|5|9351|20|4|1|52|10|73.84|5.91|79.75|15.00|7.38|59.07|7.38|7.38|15.00|
2450974|69109|6585|4261810|1864642|5648|2846235|4261810|1864642|5648|2846235|2|8648|14|2|13|53|10|57.97|4.64|62.61|15.00|5.80|46.38|5.80|5.80|15.00|
2451444|7830|15759|1558675|1516850|6476|4613382|1558675|1516850|6476|4613382|3|4629|3|5|14|53|3|59.13|4.73|63.86|15.00|5.91|47.30|5.91|5.91|15.00|
2451222|45086|9292|10691444|154984|5828|5096875|10691444|154984|5828|5096875|2|8705|3|2|15|54|8|69.78|5.58|75.36|15.00|6.98|55.82|6.98|6.98|15.00|
2450981|28570|1986|76309|713745|5006|1829823|76309|713745|5006|1829823|2|2623|17|4|25|54|7|41.09|3.29|44.38|15.00|4.11|32.87|4.11|4.11|15.00|
2451132|68045|15089|3602781|1303333|1390|2631529|3602781|1303333|1390|2631529|4|1394|2|1|33|55|8|16.50|1.32|17.82|15.00|1.65|13.20|1.65|1.65|15.00|
2451018|23788|7092|7198651|1843102|3097|1676599|7198651|1843102|3097|1676599|5|6088|4|4|1|55|5|23.79|1.90|25.69|15.00|2.38|19.03|2.38|2.38|15.00|
2451192|21035|13866|4686702|537569|6826|5584856|4686702|537569|6826|5584856|3|9866|3|4|14|56|3|32.21|2.58|34.79|15.00|3.22|25.77|3.22|3.22|15.00|
2451419|25544|12372|11563133|890673|5212|3086970|11563133|890673|5212|3086970|3|10634|15|5|16|56|9|63.84|5.11|68.95|15.00|6.38|51.07|6.38|6.38|15.00|
2451377|84512|16773|6212365|1536949|3032|5281176|6212365|1536949|3032|5281176|4|2667|15|1|11|57|10|86.09|6.89|92.98|15.00|8.61|68.87|8.61|8.61|15.00|
2450895|46867|7493|9256840|1617243|2714|5072944|9256840|1617243|2714|5072944|5|675|14|1|5|57|8|95.81|7.66|103.47|15.00|9.58|76.65|9.58|9.58|15.00|
2451109|46259|11469|2811732|274351|762|5031748|2811732|274351|762|5031748|6|2132|18|1|34|58|8|5.39|0.43|5.82|15.00|0.54|4.31|0.54|0.54|15.00|
2451114|44377|17956|2143456|6242|4800|2304325|2143456|6242|4800|2304325|5|11698|10|1|27|58|10|1.42|0.11|1.53|15.00|0.14|1.14|0.14|0.14|15.00|
2451184|13254|13552|5126307|556364|5454|3977879|5126307|556364|5454|3977879|6|4558|13|5|19|59|6|30.40|2.43|32.83|15.00|3.04|24.32|3.04|3.04|15.00|
2450975|12939|12403|6194025|798881|5315|3968120|6194025|798881|5315|3968120|6|2558|7|4|7|59|10|85.67|6.85|92.52|15.00|8.57|68.54|8.57|8.57|15.00|
2451081|47742|1846|5970582|952667|4327|2981227|5970582|952667|4327|2981227|5|8583|4|3|16|60|5|74.08|5.93|80.01|15.00|7.41|59.26|7.41|7.41|15.00|
2450982|15713|4157|2255265|1615459|4752|3393303|2255265|1615459|4752|3393303|3|9747|6|3|30|60|8|3.83|0.31|4.14|15.00|0.38|3.06|0.38|0.38|15.00|
2451437|30427|10545|8747355|190585|3003|4091571|8747355|190585|3003|4091571|2|7262|1|2|28|61|5|60.48|4.84|65.32|15.00|6.05|48.38|6.05|6.05|15.00|
2451458|76069|12126|5833506|988036|5601|1302003|5833506|988036|5601|1302003|2|5115|9|3|17|61|10|61.29|4.90|66.19|15.00|6.13|49.03|6.13|6.13|15.00|
2451507|30274|5162|902573|1161496|1195|4656602|902573|1161496|1195|4656602|3|3036|17|3|9|62|5|57.18|4.57|61.75|15.00|5.72|45.74|5.72|5.72|15.00|
2450881|6183|6318|10749748|362450|501|3315460|10749748|362450|501|3315460|5|8730|11|5|5|62|4|18.51|1.48|19.99|15.00|1.85|14.81|1.85|1.85|15.00|
2450921|77835|10360|3853872|520294|740|2644582|3853872|520294|740|2644582|1|8148|5|4|6|63|8|75.08|6.01|81.09|15.00|7.51|60.06|7.51|7.51|15.00|
2450910|36602|3281|5000359|1725170|3475|1329332|5000359|1725170|3475|1329332|5|11459|13|5|21|63|6|8.09|0.65|8.74|15.00|0.81|6.47|0.81|0.81|15.00|
2450968|36441|14720|1511319|613023|4101|3670485|1511319|613023|4101|3670485|2|7572|17|3|21|64|6|50.20|4.02|54.22|15.00|5.02|40.16|5.02|5.02|15.00|
2450931|2561|3329|8342987|149966|5482|5676485|8342987|149966|5482|5676485|3|11303|1|4|23|64|8|24.35|1.95|26.30|15.00|2.44|19.48|2.44|2.44|15.00|
2451063|17281|14746|11115277|1008365|4983|3824918|11115277|1008365|4983|3824918|4|9527|4|2|20|65|7|14.50|1.16|15.66|15.00|1.45|11.60|1.45|1.45|15.00|
2450854|75707|2336|3425062|321526|4272|5624634|3425062|321526|4272|5624634|6|863|14|4|35|65|2|79.24|6.34|85.58|15.00|7.92|63.39|7.92|7.92|15.00|
2450905|47656|9916|11573131|1552008|2553|4853365|11573131|1552008|2553|4853365|6|3042|8|2|19|66|2|73.93|5.91|79.84|15.00|7.39|59.14|7.39|7.39|15.00|
2451068|46356|3155|4022065|928550|4863|4368733|4022065|928550|4863|4368733|4|45|15|4|31|66|7|61.32|4.91|66.23|15.00|6.13|49.06|6.13|6.13|15.00|
2450835|68100|14173|3985084|1210604|740|2974865|3985084|1210604|740|2974865|2|3063|1|2|3|67|7|66.05|5.28|71.33|15.00|6.61|52.84|6.61|6.61|15.00|
2451333|38709|13573|6169850|139684|3534|695421|6169850|139684|3534|695421|2|4418|15|2|22|67|4|73.53|5.88|79.41|15.00|7.35|58.82|7.35|7.35|15.00|
2451482|6302|4539|8842369|292663|6347|3734914|8842369|292663|6347|3734914|5|388|4|2|4|68|1|44.55|3.56|48.11|15.00|4.46|35.64|4.46|4.46|15.00|
2451182|10520|6546|8088195|339423|1320|1978060|8088195|339423|1320|1978060|2|6563|6|5|6|68|4|20.07|1.61|21.68|15.00|2.01|16.06|2.01|2.01|15.00|
2451383|47953|12859|8159710|277813|592|219091|8159710|277813|592|219091|4|59|15|4|16|69|5|66.31|5.30|71.61|15.00|6.63|53.05|6.63|6.63|15.00|
2451454|10231|12691|8926649|1760719|720|4960192|8926649|1760719|720|4960192|2|9359|18|4|9|69|3|7.95|0.64|8.59|15.00|0.80|6.36|0.80|0.80|15.00|
2450906|10043|13369|2134851|950917|5201|360385|2134851|950917|5201|360385|5|6783|19|2|35|70|10|86.95|6.96|93.91|15.00|8.70|69.56|8.70|8.70|15.00|
2451416|25910|2222|596454|1309461|6584|5846643|596454|1309461|6584|5846643|3|602|15|3|28|70|2|43.99|3.52|47.51|15.00|4.40|35.19|4.40|4.40|15.00|
2450965|72851|4784|8358768|463825|6704|1038451|8358768|463825|6704|1038451|2|2311|1|2|11|71|8|95.73|7.66|103.39|15.00|9.57|76.58|9.57|9.57|15.00|
2450915|43587|346|1397195|421338|5037|4868275|1397195|421338|5037|4868275|1|10111|9|4|4|71|9|51.90|4.15|56.05|15.00|5.19|41.52|5.19|5.19|15.00|
2451110|55698|2785|1822187|1884141|4259|851022|1822187|1884141|4259|851022|1|6748|6|4|16|72|5|66.03|5.28|71.31|15.00|6.60|52.82|6.60|6.60|15.00|
2450961|5247|10511|9107481|1516879|2609|5113820|9107481|1516879|2609|5113820|1|1359|13|2|16|72|9|39.34|3.15|42.49|15.00|3.93|31.47|3.93|3.93|15.00|
2451426|83984|14840|6244887|1503270|5139|3407059|6244887|1503270|5139|3407059|2|7536|8|4|2|73|7|69.74|5.58|75.32|15.00|6.97|55.79|6.97|6.97|15.00|
2451139|41206|3157|11856622|625449|1032|3161417|11856622|625449|1032|3161417|3|7140|15|5|10|73|5|58.22|4.66|62.88|15.00|5.82|46.58|5.82|5.82|15.00|
2451210|70408|6330|6432111|39750|2199|5457104|6432111|39750|2199|5457104|6|10927|16|1|27|74|5|70.05|5.60|75.65|15.00|7.00|56.04|7.00|7.00|15.00|
2451163|23845|4546|1294448|1792890|6808|2440698|1294448|1792890|6808|2440698|4|5303|20|2|5|74|10|67.16|5.37|72.53|15.00|6.72|53.73|6.72|6.72|15.00|
2450828|40640|1703|1221194|726697|6027|2517633|1221194|726697|6027|2517633|3|6316|17|3|19|75|2|86.83|6.95|93.78|15.00|8.68|69.46|8.68|8.68|15.00|
2451278|22604|4578|7410379|1355029|5181|1781811|7410379|1355029|5181|1781811|5|5363|19|3|5|75|1|18.67|1.49|20.16|15.00|1.87|14.94|1.87|1.87|15.00|
2451424|5439|563|4853102|534468|277|4054765|4853102|534468|277|4054765|6|1175|11|3|8|76|4|37.02|2.96|39.98|15.00|3.70|29.62|3.70|3.70|15.00|
2450993|43866|11092|3096615|669057|1646|2035330|3096615|669057|1646|2035330|1|7897|18|3|10|76|10|45.72|3.66|49.38|15.00|4.57|36.58|4.57|4.57|15.00|
2451077|2250|10309|10720996|646086|6919|5777147|10720996|646086|6919|5777147|2|10905|14|1|33|77|4|28.66|2.29|30.95|15.00|2.87|22.93|2.87|2.87|15.00|
2450865|20572|13230|11886422|451663|1130|5409189|11886422|451663|1130|5409189|4|7813|8|1|21|77|5|22.83|1.83|24.66|15.00|2.28|18.26|2.28|2.28|15.00|
2451333|49047|5350|4416585|389016|4585|339201|4416585|389016|4585|339201|1|600|18|4|33|78|7|32.28|2.58|34.86|15.00|3.23|25.82|3.23|3.23|15.00|
2451194|20416|413|1502524|1305972|2285|2339721|1502524|1305972|2285|2339721|1|8091|20|1|5|78|5|2.74|0.22|2.96|15.00|0.27|2.19|0.27|0.27|15.00|
2451178|51936|12317|987010|370953|3706|1897500|987010|370953|3706|1897500|2|5994|6|5|19|79|1|38.82|3.11|41.93|15.00|3.88|31.06|3.88|3.88|15.00|
2451041|35243|16388|1042456|577286|5676|3895055|1042456|577286|5676|3895055|4|4122|19|3|4|79|3|5.06|0.40|5.46|15.00|0.51|4.05|0.51|0.51|15.00|
2450877|24771|4865|6031816|615707|1098|2259474|6031816|615707|1098|2259474|5|8215|16|3|21|80|2|22.28|1.78|24.06|15.00|2.23|17.82|2.23|2.23|15.00|
2451531|43547|1711|11577232|524850|2621|5933254|11577232|524850|2621|5933254|6|2070|8|2|1|80|10|31.29|2.50|33.79|15.00|3.13|25.03|3.13|3.13|15.00|
2450950|31020|14839|4301507|853287|648|2277665|4301507|853287|648|2277665|6|8611|7|5|7|81|8|98.79|7.90|106.69|15.00|9.88|79.03|9.88|9.88|15.00|
2450987|72957|1158|689101|187134|3854|1244485|689101|187134|3854|1244485|6|3737|3|1|2|81|8|30.80|2.46|33.26|15.00|3.08|24.64|3.08|3.08|15.00|
2451185|79915|2794|3680988|1066514|4011|3683118|3680988|1066514|4011|3683118|3|618|2|4|16|82|2|18.49|1.48|19.97|15.00|1.85|14.79|1.85|1.85|15.00|
2451252|59084|10762|8693649|1626119|3802|5152363|8693649|1626119|3802|5152363|5|3666|4|4|23|82|5|58.21|4.66|62.87|15.00|5.82|46.57|5.82|5.82|15.00|
2450995|2720|5812|7396384|620816|4891|4189044|7396384|620816|4891|4189044|4|4539|12|4|21|83|10|46.05|3.68|49.73|15.00|4.60|36.84|4.60|4.60|15.00|
2451209|65689|11507|7918926|926956|466|1184849|7918926|926956|466|1184849|2|6412|6|2|22|83|4|33.00|2.64|35.64|15.00|3.30|26.40|3.30|3.30|15.00|
2451333|56130|4050|2094650|1725156|5530|4072741|2094650|1725156|5530|4072741|1|408|7|1|34|84|10|6.98|0.56|7.54|15.00|0.70|5.58|0.70|0.70|15.00|
2451070|29337|1345|11443092|811251|3827|164504|11443092|811251|3827|164504|5|3691|16|4|31|84|10|54.13|4.33|58.46|15.00|5.41|43.30|5.41|5.41|15.00|
2451136|52979|14693|9897295|1180768|5659|2306087|9897295|1180768|5659|2306087|5|11391|19|3|7|85|3|5.62|0.45|6.07|15.00|0.56|4.50|0.56|0.56|15.00|
2451363|71636|661|4304074|1621997|3015|3631862|4304074|1621997|3015|3631862|2|3857|6|2|5|85|9|33.23|2.66|35.89|15.00|3.32|26.58|3.32|3.32|15.00|
2450872|77218|3384|5541418|1897793|1291|4946664|5541418|1897793|1291|4946664|1|4494|18|2|14|86|4|44.92|3.59|48.51|15.00|4.49|35.94|4.49|4.49|15.00|
2451534|56543|13411|7406143|504472|1470|5191806|7406143|504472|1470|5191806|5|7184|6|3|10|86|1|58.90|4.71|63.61|15.00|5.89|47.12|5.89|5.89|15.00|
2451142|7906|5574|6905844|395333|1163|488926|6905844|395333|1163|488926|1|2685|7|5|11|87|10|45.68|3.65|49.33|15.00|4.57|36.54|4.57|4.57|15.00|
2450903|1239|13574|6341410|1104995|4557|3576693|6341410|1104995|4557|3576693|3|3449|18|3|35|87|10|0.83|0.07|0.90|15.00|0.08|0.66|0.08|0.08|15.00|
2451154|45156|5059|11259090|1571339|7021|1676337|11259090|1571339|7021|1676337|5|5349|2|3|30|88|7|57.03|4.56|61.59|15.00|5.70|45.62|5.70|5.70|15.00|
2451163|5529|10307|6244389|1349473|4694|99128|6244389|1349473|4694|99128|4|8020|12|2|27|88|8|79.83|6.39|86.22|15.00|7.98|63.86|7.98|7.98|15.00|
2451012|75199|5920|7957891|27820|7150|1688145|7957891|27820|7150|1688145|4|11579|3|2|13|89|10|32.53|2.60|35.13|15.00|3.25|26.02|3.25|3.25|15.00|
2451431|63523|10251|87829|221217|719|416409|87829|221217|719|416409|6|5840|8|5|16|89|3|0.38|0.03|0.41|15.00|0.04|0.30|0.04|0.04|15.00|
2451068|16199|1761|5657224|1668594|469|366350|5657224|1668594|469|366350|4|6369|14|4|21|90|4|43.30|3.46|46.76|15.00|4.33|34.64|4.33|4.33|15.00|
2451314|28074|14335|6132437|1621264|6387|5271084|6132437|1621264|6387|5271084|6|9107|4|3|29|90|6|0.53|0.04|0.57|15.00|0.05|0.42|0.05|0.05|15.00|
2451446|19622|10769|4048836|128441|1178|602912|4048836|128441|1178|602912|5|6217|8|1|11|91|6|29.46|2.36|31.82|15.00|2.95|23.57|2.95|2.95|15.00|
2451135|11360|10707|1808069|50163|1800|2514324|1808069|50163|1800|2514324|1|10353|10|4|20|91|6|63.29|5.06|68.35|15.00|6.33|50.63|6.33|6.33|15.00|
2451529|56279|16737|2939244|1006428|963|78513|2939244|1006428|963|78513|4|11047|15|5|34|92|9|76.69|6.14|82.83|15.00|7.67|61.35|7.67|7.67|15.00|
2450994|73352|10883|7373082|1013592|6676|139073|7373082|1013592|6676|139073|4|11156|9|4|29|92|3|4.27|0.34|4.61|15.00|0.43|3.42|0.43|0.43|15.00|
2451197|85517|13038|7225192|1761776|3229|4319746|7225192|1761776|3229|4319746|2|1963|16|3|18|93|1|28.15|2.25|30.40|15.00|2.81|22.52|2.81|2.81|15.00|
2451102|11891|9592|10513746|627142|2541|713352|10513746|627142|2541|713352|4|6676|3|1|30|93|7|25.03|2.00|27.03|15.00|2.50|20.02|2.50|2.50|15.00|
2451358|60207|14453|3405477|1696904|6016|3812298|3405477|1696904|6016|3812298|2|8200|15|5|7|94|10|34.25|2.74|36.99|15.00|3.43|27.40|3.43|3.43|15.00|
2451523|29547|932|3299304|403166|5782|569751|3299304|403166|5782|569751|1|1484|14|1|18|94|6|71.05|5.68|76.73|15.00|7.11|56.84|7.11|7.11|15.00|
2451088|76393|12866|10071842|904886|7169|4458970|10071842|904886|7169|4458970|2|5821|2|1|4|95|8|67.72|5.42|73.14|15.00|6.77|54.18|6.77|6.77|15.00|
2451040|72914|10860|1419226|1907527|3595|2142933|1419226|1907527|3595|2142933|1|6974|13|4|27|95|4|19.18|1.53|20.71|15.00|1.92|15.34|1.92|1.92|15.00|
2451539|3130|1694|5197973|1792099|3694|5223939|5197973|1792099|3694|5223939|6|8948|12|3|35|96|3|8.48|0.68|9.16|15.00|0.85|6.78|0.85|0.85|15.00|
2451026|46003|5626|7902800|929671|1283|3523684|7902800|929671|1283|3523684|3|10224|3|3|25|96|1|0.11|0.01|0.12|15.00|0.01|0.09|0.01|0.01|15.00|
2451367|51571|718|6247259|1376180|552|1670773|6247259|1376180|552|1670773|1|197|15|1|7|97|1|25.44|2.04|27.48|15.00|2.54|20.35|2.54|2.54|15.00|
2450858|12687|16593|5427410|1554600|4510|1045876|5427410|1554600|4510|1045876|3|5318|18|3|10|97|1|57.53|4.60|62.13|15.00|5.75|46.02|5.75|5.75|15.00|
2450901|47054|2886|5345814|630360|4957|1781170|5345814|630360|4957|1781170|6|4501|4|4|24|98|4|71.12|5.69|76.81|15.00|7.11|56.90|7.11|7.11|15.00|
2451122|79844|556|3526741|181141|1339|373435|3526741|181141|1339|373435|5|4972|6|2|7|98|1|74.08|5.93|80.01|15.00|7.41|59.26|7.41|7.41|15.00|
2450819|39989|1506|5057496|1058724|2051|63027|5057496|1058724|2051|63027|5|10807|5|1|3|99|5|53.65|4.29|57.94|15.00|5.37|42.92|5.37|5.37|15.00|
2450935|22189|13398|7515282|757256|1610|4731887|7515282|757256|1610|4731887|1|11017|8|5|24|99|1|63.06|5.04|68.10|15.00|6.31|50.45|6.31|6.31|15.00|
2451396|32700|8326|6006560|822042|1355|1336299|6006560|822042|1355|1336299|3|6332|19|4|26|100|10|77.54|6.20|83.74|15.00|7.75|62.03|7.75|7.75|15.00|
2450990|86270|744|2784115|813004|3990|4109590|2784115|813004|3990|4109590|3|193|1|2|10|100|1|91.34|7.31|98.65|15.00|9.13|73.07|9.13|9.13|15.00|
2451525|86025|5442|8111533|1431961|3463|522190|8111533|1431961|3463|522190|4|2405|5|2|14|101|1|72.98|5.84|78.82|15.00|7.30|58.38|7.30|7.30|15.00|
2450844|23882|10326|8821363|565357|5517|3278302|8821363|565357|5517|3278302|4|5012|4|3|3|101|2|22.79|1.82|24.61|15.00|2.28|18.23|2.28|2.28|15.00|
2451173|42742|10712|4162326|1444143|2356|2487618|4162326|1444143|2356|2487618|4|946|13|4|23|102|10|49.82|3.99|53.81|15.00|4.98|39.86|4.98|4.98|15.00|
2451340|26861|44|3688598|261501|7040|5920601|3688598|261501|7040|5920601|3|4497|17|2|16|102|3|89.09|7.13|96.22|15.00|8.91|71.27|8.91|8.91|15.00|
2451213|74193|604|11556140|309862|4142|5914925|11556140|309862|4142|5914925|1|7068|6|2|31|103|2|39.84|3.19|43.03|15.00|3.98|31.87|3.98|3.98|15.00|
2451354|23934|6262|3108701|1854410|2918|3795172|3108701|1854410|2918|3795172|4|590|18|3|26|103|1|91.61|7.33|98.94|15.00|9.16|73.29|9.16|9.16|15.00|
2451494|62553|1508|8313854|977672|6206|3246863|8313854|977672|6206|3246863|4|6703|2|1|35|104|8|50.90|4.07|54.97|15.00|5.09|40.72|5.09|5.09|15.00|
2451352|34905|14307|2744072|76800|118|4553027|2744072|76800|118|4553027|2|335|13|2|14|104|10|35.85|2.87|38.72|15.00|3.59|28.68|3.59|3.59|15.00|
2451543|76783|9912|9257685|556371|2953|1086462|9257685|556371|2953|1086462|1|1311|8|4|28|105|3|14.65|1.17|15.82|15.00|1.47|11.72|1.47|1.47|15.00|
2451472|2538|13084|5903115|1252549|4814|5171249|5903115|1252549|4814|5171249|3|7541|2|3|16|105|8|94.84|7.59|102.43|15.00|9.48|75.87|9.48|9.48|15.00|
2451408|23443|17400|5174973|481020|6659|3709386|5174973|481020|6659|3709386|4|2353|9|2|20|106|10|53.47|4.28|57.75|15.00|5.35|42.78|5.35|5.35|15.00|
2451020|55833|13853|5823262|1292331|1984|741791|5823262|1292331|1984|741791|4|1015|17|2|33|106|6|36.87|2.95|39.82|15.00|3.69|29.50|3.69|3.69|15.00|
2450829|58623|12866|5961486|1118520|3018|5666534|5961486|1118520|3018|5666534|6|7394|9|4|3|107|10|29.85|2.39|32.24|15.00|2.99|23.88|2.99|2.99|15.00|
2450933|38211|17182|1248767|691779|4550|3928572|1248767|691779|4550|3928572|3|3953|11|2|25|107|3|59.75|4.78|64.53|15.00|5.98|47.80|5.98|5.98|15.00|
2451522|82192|6009|2131598|1646847|862|4052856|2131598|1646847|862|4052856|1|7130|20|5|23|108|10|41.61|3.33|44.94|15.00|4.16|33.29|4.16|4.16|15.00|
2451298|20924|1760|9435902|556810|4887|663716|9435902|556810|4887|663716|6|8164|10|1|17|108|6|42.12|3.37|45.49|15.00|4.21|33.70|4.21|4.21|15.00|
2451479|81341|12561|7051350|1024879|2312|5173758|7051350|1024879|2312|5173758|1|4794|5|3|19|109|3|32.17|2.57|34.74|15.00|3.22|25.74|3.22|3.22|15.00|
2451208|85425|2260|5815101|380230|1981|4397064|5815101|380230|1981|4397064|1|4372|4|5|21|109|10|3.30|0.26|3.56|15.00|0.33|2.64|0.33|0.33|15.00|
2450912|10239|4515|3792560|567439|5307|5198884|3792560|567439|5307|5198884|6|11682|8|3|28|110|9|5.61|0.45|6.06|15.00|0.56|4.49|0.56|0.56|15.00|
2451326|69933|2290|8757769|1728324|2029|3079135|8757769|1728324|2029|3079135|1|63|13|3|21|110|3|76.34|6.11|82.45|15.00|7.63|61.07|7.63|7.63|15.00|
2451048|58110|6602|7847648|20375|3097|5330375|7847648|20375|3097|5330375|6|6592|2|2|7|111|9|53.45|4.28|57.73|15.00|5.35|42.76|5.35|5.35|15.00|
2451255|64561|9016|1165176|3492|5897|3577232|1165176|3492|5897|3577232|2|3954|6|1|29|111|10|21.11|1.69|22.80|15.00|2.11|16.89|2.11|2.11|15.00|
2450920|65038|5346|11113398|744680|2120|1771810|11113398|744680|2120|1771810|1|10864|19|5|21|112|5|41.30|3.30|44.60|15.00|4.13|33.04|4.13|4.13|15.00|
2451131|23426|2606|3042399|1032295|6675|5064533|3042399|1032295|6675|5064533|1|8044|5|3|35|112|6|36.83|2.95|39.78|15.00|3.68|29.46|3.68|3.68|15.00|
2451109|20764|17604|9072079|1918125|7122|2889746|9072079|1918125|7122|2889746|4|10072|16|3|33|113|6|26.89|2.15|29.04|15.00|2.69|21.51|2.69|2.69|15.00|
2451515|40887|10120|6597345|728751|6616|4139842|6597345|728751|6616|4139842|6|11347|15|1|35|113|8|67.52|5.40|72.92|15.00|6.75|54.02|6.75|6.75|15.00|
2451102|38532|10868|6790654|1673102|6077|2368395|6790654|1673102|6077|2368395|1|616|10|3|33|114|4|40.66|3.25|43.91|15.00|4.07|32.53|4.07|4.07|15.00|
2450879|44215|3204|569427|1423509|5232|3471967|569427|1423509|5232|3471967|6|6060|6|2|3|114|8|69.67|5.57|75.24|15.00|6.97|55.74|6.97|6.97|15.00|
2451290|27749|6824|9859495|116712|1310|5589079|9859495|116712|1310|5589079|4|170|15|1|33|115|8|80.77|6.46|87.23|15.00|8.08|64.62|8.08|8.08|15.00|
2451438|10130|17201|9145695|1595712|4492|1106348|9145695|1595712|4492|1106348|5|1036|20|3|33|115|5|56.19|4.50|60.69|15.00|5.62|44.95|5.62|5.62|15.00|
2451532|39450|14416|3755553|520798|3295|2055838|3755553|520798|3295|2055838|3|4783|16|2|27|116|9|17.29|1.38|18.67|15.00|1.73|13.83|1.73|1.73|15.00|
2451001|16414|6784|410524|389440|4882|3670621|410524|389440|4882|3670621|5|8408|14|2|23|116|5|54.14|4.33|58.47|15.00|5.41|43.31|5.41|5.41|15.00|
2451544|71601|14414|4622786|790216|1053|497470|4622786|790216|1053|497470|1|9761|2|1|33|117|4|4.82|0.39|5.21|15.00|0.48|3.86|0.48|0.48|15.00|
2451129|15526|17001|6082094|1685689|5106|100763|6082094|1685689|5106|100763|4|4468|11|2|28|117|10|1.29|0.10|1.39|15.00|0.13|1.03|0.13|0.13|15.00|
2451507|10149|4645|6950946|1067800|2917|1823319|6950946|1067800|2917|1823319|2|323|17|3|21|118|5|84.33|6.75|91.08|15.00|8.43|67.46|8.43|8.43|15.00|
2451414|47706|9443|11756813|798409|4136|3234921|11756813|798409|4136|3234921|2|7381|13|2|27|118|8|34.89|2.79|37.68|15.00|3.49|27.91|3.49|3.49|15.00|
2451375|10653|2530|3617646|624898|4257|5619917|3617646|624898|4257|5619917|5|524|3|3|13|119|3|6.58|0.53|7.11|15.00|0.66|5.26|0.66|0.66|15.00|
2451195|16918|5151|1541284|604487|2538|4997163|1541284|604487|2538|4997163|1|14|9|4|13|119|1|69.36|5.55|74.91|15.00|6.94|55.49|6.94|6.94|15.00|
2451061|920|15572|5499547|1465965|2007|2670139|5499547|1465965|2007|2670139|3|7738|20|5|16|120|2|21.65|1.73|23.38|15.00|2.17|17.32|2.17|2.17|15.00|
2451295|44131|12265|8625067|392609|4776|2730810|8625067|392609|4776|2730810|5|8146|19|3|23|120|1|43.25|3.46|46.71|15.00|4.33|34.60|4.33|4.33|15.00|
2451497|81851|17218|4485835|1088180|5136|2456288|4485835|1088180|5136|2456288|1|716|6|1|13|121|8|53.97|4.32|58.29|15.00|5.40|43.18|5.40|5.40|15.00|
2451204|73898|168|6168351|535032|6364|3037282|6168351|535032|6364|3037282|1|8063|4|3|30|121|2|38.29|3.06|41.35|15.00|3.83|30.63|3.83|3.83|15.00|
2451016|62593|2124|9955890|379862|4354|607049|9955890|379862|4354|607049|3|3141|20|1|14|122|5|45.77|3.66|49.43|15.00|4.58|36.62|4.58|4.58|15.00|
2450859|73335|941|274660|537587|5710|4733835|274660|537587|5710|4733835|5|4335|2|5|29|122|7|48.11|3.85|51.96|15.00|4.81|38.49|4.81|4.81|15.00|
2451337|80344|8434|840383|228917|3325|4015505|840383|228917|3325|4015505|5|4206|2|5|6|123|1|13.40|1.07|14.47|15.00|1.34|10.72|1.34|1.34|15.00|
2450887|45787|2800|8587616|68057|2648|5682709|8587616|68057|2648|5682709|6|7132|2|5|30|123|1|55.33|4.43|59.76|15.00|5.53|44.26|5.53|5.53|15.00|
2451527|50598|9469|7092056|1509188|928|2930540|7092056|1509188|928|2930540|3|6026|18|4|14|124|2|82.43|6.59|89.02|15.00|8.24|65.94|8.24|8.24|15.00|
2451364|46279|9450|6215427|1496350|692|711572|6215427|1496350|692|711572|3|3513|6|5|8|124|4|57.55|4.60|62.15|15.00|5.75|46.04|5.75|5.75|15.00|
2451042|39754|187|7989437|210677|1405|620339|7989437|210677|1405|620339|6|186|19|4|22|125|1|56.16|4.49|60.65|15.00|5.62|44.93|5.62|5.62|15.00|
2451345|22676|12162|2304879|193459|6709|4257480|2304879|193459|6709|4257480|4|292|14|5|35|125|4|72.39|5.79|78.18|15.00|7.24|57.91|7.24|7.24|15.00|
2451420|30050|15264|8802372|1643245|2115|5996388|8802372|1643245|2115|5996388|1|4496|2|2|18|126|10|6.05|0.48|6.53|15.00|0.60|4.84|0.60|0.60|15.00|
2451323|33983|7374|4567779|1485780|3129|2071679|4567779|1485780|3129|2071679|3|5945|7|4|30|126|6|24.36|1.95|26.31|15.00|2.44|19.49|2.44|2.44|15.00|
2451365|11787|4416|3041729|353344|1144|1667919|3041729|353344|1144|1667919|6|2130|14|2|24|127|9|7.63|0.61|8.24|15.00|0.76|6.10|0.76|0.76|15.00|
2450995|74498|4231|6134621|1145352|3996|4497882|6134621|1145352|3996|4497882|4|9597|16|2|31|127|1|80.98|6.48|87.46|15.00|8.10|64.78|8.10|8.10|15.00|
2451239|25508|11227|120993|1658752|2600|2386287|120993|1658752|2600|2386287|6|342|7|1|29|128|7|87.57|7.01|94.58|15.00|8.76|70.06|8.76|8.76|15.00|
2451033|61310|4949|6346092|1270972|3903|1698355|6346092|1270972|3903|1698355|6|4837|19|5|13|128|1|69.04|5.52|74.56|15.00|6.90|55.23|6.90|6.90|15.00|
2450886|3223|17512|9796|1254111|5084|1739840|9796|1254111|5084|1739840|4|5319|20|3|2|129|3|93.92|7.51|101.43|15.00|9.39|75.14|9.39|9.39|15.00|
2450927|16648|2072|7181336|192787|725|3516946|7181336|192787|725|3516946|1|3326|5|3|29|129|8|87.18|6.97|94.15|15.00|8.72|69.74|8.72|8.72|15.00|
2451411|34326|16359|8662671|4789|959|4574278|8662671|4789|959|4574278|2|10809|4|2|15|130|4|51.50|4.12|55.62|15.00|5.15|41.20|5.15|5.15|15.00|
2451164|32078|984|6880766|736348|5564|585239|6880766|736348|5564|585239|2|6905|10|4|30|130|7|1.83|0.15|1.98|15.00|0.18|1.46|0.18|0.18|15.00|
2451297|41771|8591|8548100|1102435|593|455658|8548100|1102435|593|455658|6|8642|8|1|33|131|6|84.97|6.80|91.77|15.00|8.50|67.98|8.50|8.50|15.00|
2451075|79669|14423|5600909|1815711|3751|3550344|5600909|1815711|3751|3550344|5|11448|2|1|30|131|5|11.67|0.93|12.60|15.00|1.17|9.34|1.17|1.17|15.00|
2450836|34394|2141|3903598|456264|1898|2123219|3903598|456264|1898|2123219|5|719|10|4|3|132|10|21.99|1.76|23.75|15.00|2.20|17.59|2.20|2.20|15.00|
2451076|41621|1817|8688301|114156|1930|725766|8688301|114156|1930|725766|1|1519|10|5|23|132|9|69.98|5.60|75.58|15.00|7.00|55.98|7.00|7.00|15.00|
2451279|73144|10433|4379950|2515|4403|4086356|4379950|2515|4403|4086356|3|1854|8|3|2|133|6|80.13|6.41|86.54|15.00|8.01|64.10|8.01|8.01|15.00|
2451500|62605|1823|2643183|1524857|3922|4225231|2643183|1524857|3922|4225231|3|11482|9|2|24|133|8|89.97|7.20|97.17|15.00|9.00|71.98|9.00|9.00|15.00|
2451175|62838|13413|1774191|39591|1458|1711201|1774191|39591|1458|1711201|6|3590|5|4|3|134|4|57.67|4.61|62.28|15.00|5.77|46.14|5.77|5.77|15.00|
2451241|14286|7064|5458104|1105672|3418|851712|5458104|1105672|3418|851712|2|4166|1|2|29|134|10|51.13|4.09|55.22|15.00|5.11|40.90|5.11|5.11|15.00|
2451173|45624|12825|8586260|541162|2479|3645737|8586260|541162|2479|3645737|5|10512|18|2|21|135|7|74.13|5.93|80.06|15.00|7.41|59.30|7.41|7.41|15.00|
2451253|1306|16074|10269168|1459816|576|3028459|10269168|1459816|576|3028459|1|4393|12|4|1|135|3|50.37|4.03|54.40|15.00|5.04|40.30|5.04|5.04|15.00|
2451290|46238|3157|3473969|684492|5777|1971809|3473969|684492|5777|1971809|6|5110|18|4|12|136|6|73.17|5.85|79.02|15.00|7.32|58.54|7.32|7.32|15.00|
2451307|1241|6381|1755297|1237308|5753|480138|1755297|1237308|5753|480138|6|1024|20|1|29|136|9|36.95|2.96|39.91|15.00|3.70|29.56|3.70|3.70|15.00|
2451130|77880|1034|5098812|403653|3384|4910094|5098812|403653|3384|4910094|3|2799|14|5|6|137|6|61.36|4.91|66.27|15.00|6.14|49.09|6.14|6.14|15.00|
2451151|59237|1754|11082087|404818|6357|2565149|11082087|404818|6357|2565149|2|6641|16|5|22|137|9|12.09|0.97|13.06|15.00|1.21|9.67|1.21|1.21|15.00|
2451513|83270|6905|6919765|404754|2862|4931124|6919765|404754|2862|4931124|4|3700|1|3|35|138|7|68.58|5.49|74.07|15.00|6.86|54.86|6.86|6.86|15.00|
2450897|25765|7902|4247676|1202370|2789|3836059|4247676|1202370|2789|3836059|1|6451|20|5|35|138|3|44.99|3.60|48.59|15.00|4.50|35.99|4.50|4.50|15.00|
2451276|72111|7509|1242413|449520|1308|2484072|1242413|449520|1308|2484072|6|10950|12|4|9|139|3|74.05|5.92|79.97|15.00|7.41|59.24|7.41|7.41|15.00|
2451472|17304|6995|5448154|1884374|5940|2640020|5448154|1884374|5940|2640020|1|4273|19|2|9|139|5|76.59|6.13|82.72|15.00|7.66|61.27|7.66|7.66|15.00|
2451357|45337|10902|10536348|1684854|4122|3405258|10536348|1684854|4122|3405258|4|6198|12|4|11|140|6|71.31|5.70|77.01|15.00|7.13|57.05|7.13|7.13|15.00|
2451381|64333|13098|11054823|1120605|4429|2616037|11054823|1120605|4429|2616037|4|11367|8|2|33|140|10|0.68|0.05|0.73|15.00|0.07|0.54|0.07|0.07|15.00|
2451390|84136|12001|10679038|162023|5918|517368|10679038|162023|5918|517368|2|8847|9|2|30|141|8|3.69|0.30|3.99|15.00|0.37|2.95|0.37|0.37|15.00|
2451347|32592|13500|6630458|1058772|2810|2659289|6630458|1058772|2810|2659289|2|4366|6|2|25|141|4|37.99|3.04|41.03|15.00|3.80|30.39|3.80|3.80|15.00|
2450859|52919|11218|8306628|815866|2512|5633932|8306628|815866|2512|5633932|2|8106|17|2|32|142|8|45.95|3.68|49.63|15.00|4.60|36.76|4.60|4.60|15.00|
2451333|84023|17674|11483332|1174104|4410|5122851|11483332|1174104|4410|5122851|6|5129|13|3|24|142|8|97.78|7.82|105.60|15.00|9.78|78.22|9.78|9.78|15.00|
2451400|4561|10910|11753615|367677|6947|1581464|11753615|367677|6947|1581464|1|8522|15|2|24|143|2|77.69|6.22|83.91|15.00|7.77|62.15|7.77|7.77|15.00|
2451540|74655|12975|5257728|79788|6148|1329592|5257728|79788|6148|1329592|5|9527|6|4|2|143|9|47.60|3.81|51.41|15.00|4.76|38.08|4.76|4.76|15.00|
2451176|1961|15558|4763476|1858887|2749|2950704|4763476|1858887|2749|2950704|3|2849|3|5|24|144|7|8.27|0.66|8.93|15.00|0.83|6.62|0.83|0.83|15.00|
2450885|85745|7216|4026201|772356|1011|4043810|4026201|772356|1011|4043810|5|4066|14|5|21|144|2|35.64|2.85|38.49|15.00|3.56|28.51|3.56|3.56|15.00|
2451383|35535|11955|6356113|468097|4850|3983954|6356113|468097|4850|3983954|3|7000|3|1|34|145|6|90.20|7.22|97.42|15.00|9.02|72.16|9.02|9.02|15.00|
2450877|16575|12392|4056050|369331|1696|3583636|4056050|369331|1696|3583636|5|9506|17|3|3|145|2|0.63|0.05|0.68|15.00|0.06|0.50|0.06|0.06|15.00|
2451079|17151|3843|11414066|1300743|3575|3096350|11414066|1300743|3575|3096350|2|2214|3|5|6|146|9|41.00|3.28|44.28|15.00|4.10|32.80|4.10|4.10|15.00|
2451078|52101|6310|1394045|702082|4718|4255003|1394045|702082|4718|4255003|1|923|10|1|1|146|9|81.85|6.55|88.40|15.00|8.19|65.48|8.19|8.19|15.00|
2451254|28963|9476|10157056|506068|2428|5584366|10157056|506068|2428|5584366|6|553|4|2|2|147|9|90.22|7.22|97.44|15.00|9.02|72.18|9.02|9.02|15.00|
2450972|60275|195|8993435|1364133|6284|3422860|8993435|1364133|6284|3422860|3|7837|9|1|23|147|9|14.89|1.19|16.08|15.00|1.49|11.91|1.49|1.49|15.00|
2450990|84087|16688|9158934|912550|3515|5444394|9158934|912550|3515|5444394|5|3831|14|4|34|148|4|19.83|1.59|21.42|15.00|1.98|15.86|1.98|1.98|15.00|
2450910|20759|11619|10831646|560768|3553|2975840|10831646|560768|3553|2975840|1|4377|5|3|3|148|8|8.50|0.68|9.18|15.00|0.85|6.80|0.85|0.85|15.00|
2451375|50835|9336|8193584|292264|2063|5731056|8193584|292264|2063|5731056|3|9370|18|4|22|149|7|47.40|3.79|51.19|15.00|4.74|37.92|4.74|4.74|15.00|
2451363|75556|4156|1997149|1532558|3288|4933169|1997149|1532558|3288|4933169|3|1558|14|3|12|149|6|55.98|4.48|60.46|15.00|5.60|44.78|5.60|5.60|15.00|
2450895|81798|10768|11071760|1531130|2335|2608794|11071760|1531130|2335|2608794|1|11353|1|1|21|150|6|71.13|5.69|76.82|15.00|7.11|56.90|7.11|7.11|15.00|
2451168|8299|6491|3280927|790808|2990|5010492|3280927|790808|2990|5010492|1|10080|12|4|33|150|6|72.16|5.77|77.93|15.00|7.22|57.73|7.22|7.22|15.00|
2451487|76663|3146|11814361|1178218|6321|2864218|11814361|1178218|6321|2864218|5|7524|6|3|20|151|5|86.07|6.89|92.96|15.00|8.61|68.86|8.61|8.61|15.00|
2451114|43144|2301|2190655|26225|3712|5178127|2190655|26225|3712|5178127|4|240|6|1|1|151|7|76.23|6.10|82.33|15.00|7.62|60.98|7.62|7.62|15.00|
2451447|59020|15597|1661990|1118868|2809|2620226|1661990|1118868|2809|2620226|6|3768|2|1|35|152|5|39.80|3.18|42.98|15.00|3.98|31.84|3.98|3.98|15.00|
2451036|54474|11328|1908124|1653689|2230|5311951|1908124|1653689|2230|5311951|1|3987|17|3|4|152|9|94.95|7.60|102.55|15.00|9.50|75.96|9.50|9.50|15.00|
2451516|47824|9020|10672052|288188|602|3102191|10672052|288188|602|3102191|2|1766|6|5|4|153|3|43.75|3.50|47.25|15.00|4.38|35.00|4.38|4.38|15.00|
2450942|24957|13461|8356309|517359|5699|1140756|8356309|517359|5699|1140756|2|5006|14|1|31|153|3|70.65|5.65|76.30|15.00|7.07|56.52|7.07|7.07|15.00|
2451083|13939|1103|9384094|366459|5798|941249|9384094|366459|5798|941249|6|9967|3|5|28|154|10|96.80|7.74|104.54|15.00|9.68|77.44|9.68|9.68|15.00|
2451227|54268|14271|585773|1174016|966|4591862|585773|1174016|966|4591862|1|10116|1|2|9|154|7|7.84|0.63|8.47|15.00|0.78|6.27|0.78|0.78|15.00|
2450871|15720|11961|9543133|386538|2141|547979|9543133|386538|2141|547979|5|6510|8|1|24|155|7|28.65|2.29|30.94|15.00|2.87|22.92|2.87|2.87|15.00|
2451351|42862|13856|2378225|1765581|4691|760103|2378225|1765581|4691|760103|2|11161|6|4|18|155|6|24.74|1.98|26.72|15.00|2.47|19.79|2.47|2.47|15.00|
2450893|20530|7441|2302365|664551|4715|2863588|2302365|664551|4715|2863588|1|10333|14|2|28|156|6|20.81|1.66|22.47|15.00|2.08|16.65|2.08|2.08|15.00|
2451361|42050|17253|53176|443457|726|2379362|53176|443457|726|2379362|4|11620|9|2|12|156|4|88.96|7.12|96.08|15.00|8.90|71.17|8.90|8.90|15.00|
2451432|28292|1920|1078356|1470063|677|4141881|1078356|1470063|677|4141881|3|7379|11|2|2|157|4|43.15|3.45|46.60|15.00|4.32|34.52|4.32|4.32|15.00|
2451489|17112|14746|9470285|1624130|2015|118929|9470285|1624130|2015|118929|4|11316|11|1|9|157|1|86.85|6.95|93.80|15.00|8.69|69.48|8.69|8.69|15.00|
2451482|26730|133|7853059|371318|3667|5190777|7853059|371318|3667|5190777|4|1596|19|3|26|158|1|66.72|5.34|72.06|15.00|6.67|53.38|6.67|6.67|15.00|
2451384|78383|10331|9393239|1069486|5083|5686731|9393239|1069486|5083|5686731|3|6739|8|3|5|158|5|67.52|5.40|72.92|15.00|6.75|54.02|6.75|6.75|15.00|
2451478|85341|349|11129417|734344|3962|3181531|11129417|734344|3962|3181531|4|3479|5|3|24|159|2|42.29|3.38|45.67|15.00|4.23|33.83|4.23|4.23|15.00|
2450982|58520|14195|8929389|247501|3865|5406869|8929389|247501|3865|5406869|4|1469|1|1|29|159|8|9.79|0.78|10.57|15.00|0.98|7.83|0.98|0.98|15.00|
2450942|5749|6366|3562692|368122|6737|2799680|3562692|368122|6737|2799680|2|2011|1|5|34|160|6|0.52|0.04|0.56|15.00|0.05|0.42|0.05|0.05|15.00|
2451033|4683|12844|1332947|85114|6186|4007329|1332947|85114|6186|4007329|4|5153|5|4|26|160|6|65.11|5.21|70.32|15.00|6.51|52.09|6.51|6.51|15.00|
2451102|61073|1386|3925577|26675|1242|5293065|3925577|26675|1242|5293065|1|10470|6|1|30|161|7|97.51|7.80|105.31|15.00|9.75|78.01|9.75|9.75|15.00|
2451249|53527|7217|3498572|523756|5719|3006961|3498572|523756|5719|3006961|2|239|2|3|7|161|3|26.69|2.14|28.83|15.00|2.67|21.35|2.67|2.67|15.00|
2451413|40794|16043|2593363|366026|5661|3427514|2593363|366026|5661|3427514|3|5037|12|2|28|162|3|44.70|3.58|48.28|15.00|4.47|35.76|4.47|4.47|15.00|
2450928|7417|17200|6206387|1822954|273|847985|6206387|1822954|273|847985|6|10171|2|2|26|162|3|78.95|6.32|85.27|15.00|7.90|63.16|7.90|7.90|15.00|
2450964|20961|11910|9919138|179653|5687|758168|9919138|179653|5687|758168|2|1368|5|3|28|163|3|62.97|5.04|68.01|15.00|6.30|50.38|6.30|6.30|15.00|
2451394|81820|6528|6526250|1178705|4248|2215586|6526250|1178705|4248|2215586|3|4236|20|2|7|163|6|30.87|2.47|33.34|15.00|3.09|24.70|3.09|3.09|15.00|
2450999|12274|13440|10526018|1119868|4060|768456|10526018|1119868|4060|768456|4|6392|7|5|11|164|9|59.92|4.79|64.71|15.00|5.99|47.94|5.99|5.99|15.00|
2450888|84474|13527|7820665|296183|1974|4806146|7820665|296183|1974|4806146|2|11518|17|4|9|164|5|16.37|1.31|17.68|15.00|1.64|13.10|1.64|1.64|15.00|
2451327|14903|4138|2158594|657884|1533|396321|2158594|657884|1533|396321|2|5290|16|5|19|165|6|87.34|6.99|94.33|15.00|8.73|69.87|8.73|8.73|15.00|
2450988|8638|16777|10713674|724255|2356|407989|10713674|724255|2356|407989|2|7352|20|4|32|165|4|77.33|6.19|83.52|15.00|7.73|61.86|7.73|7.73|15.00|
2451316|69472|7392|869881|1468972|4247|5909828|869881|1468972|4247|5909828|1|9053|20|1|28|166|8|72.72|5.82|78.54|15.00|7.27|58.18|7.27|7.27|15.00|
2451174|64359|3607|6103368|978074|3002|3308033|6103368|978074|3002|3308033|3|9553|8|3|6|166|3|23.54|1.88|25.42|15.00|2.35|18.83|2.35|2.35|15.00|
2450910|76809|8935|5885747|1509165|5597|4410491|5885747|1509165|5597|4410491|6|7789|9|1|8|167|10|47.73|3.82|51.55|15.00|4.77|38.18|4.77|4.77|15.00|
2451244|6807|14114|2197253|844023|584|1119390|2197253|844023|584|1119390|3|10759|7|1|32|167|9|49.96|4.00|53.96|15.00|5.00|39.97|5.00|5.00|15.00|
2451355|12299|5261|878549|619006|4133|491927|878549|619006|4133|491927|4|6706|4|1|8|168|7|83.99|6.72|90.71|15.00|8.40|67.19|8.40|8.40|15.00|
2450879|7014|17331|8667148|1535296|974|4243316|8667148|1535296|974|4243316|3|8282|17|1|31|168|4|31.98|2.56|34.54|15.00|3.20|25.58|3.20|3.20|15.00|
2450993|4293|13221|1329967|690281|1809|2254057|1329967|690281|1809|2254057|6|827|8|2|13|169|7|32.15|2.57|34.72|15.00|3.21|25.72|3.21|3.21|15.00|
2451110|21297|1414|9952662|33344|443|4389420|9952662|33344|443|4389420|3|553|16|4|15|169|4|27.28|2.18|29.46|15.00|2.73|21.82|2.73|2.73|15.00|
2451434|13178|3261|7335910|142354|3013|4651565|7335910|142354|3013|4651565|5|11441|12|1|13|170|5|55.21|4.42|59.63|15.00|5.52|44.17|5.52|5.52|15.00|
2451221|24135|15654|6048436|1605092|4465|1358499|6048436|1605092|4465|1358499|2|3427|10|1|17|170|1|21.41|1.71|23.12|15.00|2.14|17.13|2.14|2.14|15.00|
2451328|69398|17233|6495803|1556537|984|158060|6495803|1556537|984|158060|2|8959|7|2|11|171|1|36.41|2.91|39.32|15.00|3.64|29.13|3.64|3.64|15.00|
2451124|65068|3894|5633310|1096876|2963|2460069|5633310|1096876|2963|2460069|5|3086|13|5|5|171|8|71.38|5.71|77.09|15.00|7.14|57.10|7.14|7.14|15.00|
2451197|52021|9195|5586608|58392|2755|5481171|5586608|58392|2755|5481171|3|10722|19|4|11|172|2|62.68|5.01|67.69|15.00|6.27|50.14|6.27|6.27|15.00|
2451032|80488|857|1142017|730725|3117|5556160|1142017|730725|3117|5556160|4|11441|20|5|7|172|2|96.46|7.72|104.18|15.00|9.65|77.17|9.65|9.65|15.00|
2451299|72549|7054|11879723|947256|1684|600594|11879723|947256|1684|600594|1|8307|13|3|34|173|1|94.79|7.58|102.37|15.00|9.48|75.83|9.48|9.48|15.00|
2451128|8504|17416|11917903|385117|4797|5410061|11917903|385117|4797|5410061|3|10546|20|2|14|173|3|79.96|6.40|86.36|15.00|8.00|63.97|8.00|8.00|15.00|
2451322|66047|16022|8251220|40047|1002|5776067|8251220|40047|1002|5776067|4|1215|8|1|25|174|9|59.58|4.77|64.35|15.00|5.96|47.66|5.96|5.96|15.00|
2450960|85846|9723|5286507|887049|3638|2637063|5286507|887049|3638|2637063|3|7374|6|5|20|174|3|70.36|5.63|75.99|15.00|7.04|56.29|7.04|7.04|15.00|
2450990|371|14031|920460|45900|4522|5068493|920460|45900|4522|5068493|2|3323|16|5|1|175|8|71.00|5.68|76.68|15.00|7.10|56.80|7.10|7.10|15.00|
2450947|9731|9585|3858258|1775073|6101|2982025|3858258|1775073|6101|2982025|5|5647|3|5|8|175|4|22.26|1.78|24.04|15.00|2.23|17.81|2.23|2.23|15.00|
2451279|78332|433|4966448|322898|3620|3305942|4966448|322898|3620|3305942|4|11295|2|5|6|176|5|34.69|2.78|37.47|15.00|3.47|27.75|3.47|3.47|15.00|
2451071|80823|7924|5136776|169200|761|1147675|5136776|169200|761|1147675|4|2021|4|5|18|176|4|98.48|7.88|106.36|15.00|9.85|78.78|9.85|9.85|15.00|
2450831|38636|17742|8463019|563736|2745|5310836|8463019|563736|2745|5310836|4|9553|6|4|18|177|2|42.84|3.43|46.27|15.00|4.28|34.27|4.28|4.28|15.00|
2450840|30623|369|7655381|1263742|1187|1871879|7655381|1263742|1187|1871879|4|7563|12|4|14|177|2|52.82|4.23|57.05|15.00|5.28|42.26|5.28|5.28|15.00|
2451316|64641|10509|10935643|1472922|6753|5545603|10935643|1472922|6753|5545603|5|7766|7|1|25|178|1|24.90|1.99|26.89|15.00|2.49|19.92|2.49|2.49|15.00|
2450845|53035|5374|1747080|1207558|3530|3198643|1747080|1207558|3530|3198643|1|10615|16|5|22|178|9|30.51|2.44|32.95|15.00|3.05|24.41|3.05|3.05|15.00|
2450859|61068|1671|6335907|140628|2821|5106681|6335907|140628|2821|5106681|2|3969|16|1|2|179|6|81.79|6.54|88.33|15.00|8.18|65.43|8.18|8.18|15.00|
2450852|79793|3626|3596999|904353|1660|3353011|3596999|904353|1660|3353011|3|2326|18|4|8|179|8|83.72|6.70|90.42|15.00|8.37|66.98|8.37|8.37|15.00|
2451252|59678|16517|1620211|1634826|5783|5267905|1620211|1634826|5783|5267905|4|6386|19|1|30|180|10|92.97|7.44|100.41|15.00|9.30|74.38|9.30|9.30|15.00|
2451537|62023|8360|4678026|112434|3574|459484|4678026|112434|3574|459484|4|6192|9|2|22|180|9|84.54|6.76|91.30|15.00|8.45|67.63|8.45|8.45|15.00|
2450961|54086|16585|8598474|246257|5899|5915714|8598474|246257|5899|5915714|3|7357|15|5|26|181|9|99.35|7.95|107.30|15.00|9.94|79.48|9.94|9.94|15.00|
2451043|8774|15378|9706988|1664952|106|4888040|9706988|1664952|106|4888040|1|4340|16|2|28|181|1|55.44|4.44|59.88|15.00|5.54|44.35|5.54|5.54|15.00|
2451100|54362|14329|8760647|125050|5322|1760553|8760647|125050|5322|1760553|2|5738|11|5|13|182|8|95.39|7.63|103.02|15.00|9.54|76.31|9.54|9.54|15.00|
2451487|25742|5921|11971695|1779886|4900|1606672|11971695|1779886|4900|1606672|2|3921|1|1|5|182|1|30.43|2.43|32.86|15.00|3.04|24.34|3.04|3.04|15.00|
2451090|17772|10150|4078887|818737|5408|4861722|4078887|818737|5408|4861722|3|2417|14|3|2|183|9|42.53|3.40|45.93|15.00|4.25|34.02|4.25|4.25|15.00|
2451064|61888|16751|6747963|1199270|3192|2063302|6747963|1199270|3192|2063302|5|11530|1|2|28|183|4|3.72|0.30|4.02|15.00|0.37|2.98|0.37|0.37|15.00|
2450969|54844|6341|8280556|15351|976|5802124|8280556|15351|976|5802124|4|8870|12|4|21|184|8|71.56|5.72|77.28|15.00|7.16|57.25|7.16|7.16|15.00|
2450995|27080|14380|10322322|1609781|4751|2525257|10322322|1609781|4751|2525257|3|5319|6|4|8|184|8|47.29|3.78|51.07|15.00|4.73|37.83|4.73|4.73|15.00|
2451062|84382|12048|8872060|1659816|4073|1422810|8872060|1659816|4073|1422810|5|5815|17|5|18|185|4|55.16|4.41|59.57|15.00|5.52|44.13|5.52|5.52|15.00|
2451310|24095|2575|8656460|239230|3701|3782844|8656460|239230|3701|3782844|4|10396|7|4|22|185|4|59.57|4.77|64.34|15.00|5.96|47.66|5.96|5.96|15.00|
2451064|15687|14304|8540680|447819|3897|4153003|8540680|447819|3897|4153003|2|6765|10|1|2|186|3|0.52|0.04|0.56|15.00|0.05|0.42|0.05|0.05|15.00|
2451408|7328|5606|1772781|1038677|2753|5214453|1772781|1038677|2753|5214453|1|1194|12|2|22|186|8|83.60|6.69|90.29|15.00|8.36|66.88|8.36|8.36|15.00|
2451204|27568|8459|10989613|284024|1323|3388873|10989613|284024|1323|3388873|2|6514|17|1|9|187|5|51.81|4.14|55.95|15.00|5.18|41.45|5.18|5.18|15.00|
2450825|50617|2787|4046327|349064|5108|1251125|4046327|349064|5108|1251125|4|7206|1|2|33|187|4|96.38|7.71|104.09|15.00|9.64|77.10|9.64|9.64|15.00|
2450843|57555|3033|4017883|1238001|4050|3379136|4017883|1238001|4050|3379136|5|9745|14|5|35|188|10|33.48|2.68|36.16|15.00|3.35|26.78|3.35|3.35|15.00|
2450843|39650|238|8902516|1885035|3062|678570|8902516|1885035|3062|678570|4|10335|4|4|8|188|7|11.20|0.90|12.10|15.00|1.12|8.96|1.12|1.12|15.00|
2451310|79565|13637|4964598|1860814|4139|4027653|4964598|1860814|4139|4027653|2|3363|15|3|11|189|10|92.09|7.37|99.46|15.00|9.21|73.67|9.21|9.21|15.00|
2451428|27444|2118|6983231|84549|3472|4231898|6983231|84549|3472|4231898|1|2057|4|5|13|189|2|16.41|1.31|17.72|15.00|1.64|13.13|1.64|1.64|15.00|
2451137|17578|3758|7851375|96103|2264|2281292|7851375|96103|2264|2281292|4|1660|11|4|21|190|3|89.70|7.18|96.88|15.00|8.97|71.76|8.97|8.97|15.00|
2451009|55388|10450|2362818|1156838|7100|4260129|2362818|1156838|7100|4260129|2|5183|2|1|2|190|1|47.83|3.83|51.66|15.00|4.78|38.26|4.78|4.78|15.00|
2451395|75258|8871|4749663|322355|1233|4487283|4749663|322355|1233|4487283|1|434|10|3|13|191|5|97.33|7.79|105.12|15.00|9.73|77.86|9.73|9.73|15.00|
2450867|39030|1992|5563551|1576472|6676|4037395|5563551|1576472|6676|4037395|4|4295|19|4|10|191|4|46.93|3.75|50.68|15.00|4.69|37.54|4.69|4.69|15.00|
2451204|8074|12751|2625974|1085456|4876|2784745|2625974|1085456|4876|2784745|1|7822|20|1|24|192|9|71.78|5.74|77.52|15.00|7.18|57.42|7.18|7.18|15.00|
2451163|59761|4977|9271262|1359443|3595|1066670|9271262|1359443|3595|1066670|5|5967|5|1|1|192|9|53.99|4.32|58.31|15.00|5.40|43.19|5.40|5.40|15.00|
2451036|55197|16794|5294872|1543461|5249|1820148|5294872|1543461|5249|1820148|3|10906|5|4|26|193|6|52.73|4.22|56.95|15.00|5.27|42.18|5.27|5.27|15.00|
2451507|37570|8370|11046651|1791536|3337|4989567|11046651|1791536|3337|4989567|4|6595|8|3|26|193|4|20.34|1.63|21.97|15.00|2.03|16.27|2.03|2.03|15.00|
2451010|49672|665|3957303|1112948|319|2314365|3957303|1112948|319|2314365|2|6699|16|3|28|194|3|21.36|1.71|23.07|15.00|2.14|17.09|2.14|2.14|15.00|
2451333|21056|6959|8402466|842571|3210|1513783|8402466|842571|3210|1513783|1|6242|3|4|32|194|9|43.13|3.45|46.58|15.00|4.31|34.50|4.31|4.31|15.00|
2451193|6975|15318|6854090|935553|3001|162932|6854090|935553|3001|162932|6|11031|4|5|32|195|7|46.54|3.72|50.26|15.00|4.65|37.23|4.65|4.65|15.00|
2450843|12297|12851|870103|523316|1493|832332|870103|523316|1493|832332|5|6062|18|2|5|195|7|25.21|2.02|27.23|15.00|2.52|20.17|2.52|2.52|15.00|
2451503|62942|3668|6266057|1032513|10|1875775|6266057|1032513|10|1875775|2|1184|4|1|5|196|10|87.78|7.02|94.80|15.00|8.78|70.22|8.78|8.78|15.00|
2450952|28803|16506|11516645|1845602|6549|4994743|11516645|1845602|6549|4994743|4|8993|1|5|14|196|1|78.07|6.25|84.32|15.00|7.81|62.46|7.81|7.81|15.00|
2451008|43985|12546|4181983|795176|817|2243118|4181983|795176|817|2243118|2|9236|20|4|24|197|6|45.27|3.62|48.89|15.00|4.53|36.22|4.53|4.53|15.00|
2451067|851|5567|324928|830189|6138|4362423|324928|830189|6138|4362423|2|4524|5|1|7|197|5|95.57|7.65|103.22|15.00|9.56|76.46|9.56|9.56|15.00|
2450974|52933|11538|5407012|376061|2176|2147273|5407012|376061|2176|2147273|2|4187|11|3|10|198|6|75.92|6.07|81.99|15.00|7.59|60.74|7.59|7.59|15.00|
2451434|68729|5038|1233367|1650555|783|4053215|1233367|1650555|783|4053215|4|9841|14|4|2|198|3|20.97|1.68|22.65|15.00|2.10|16.78|2.10|2.10|15.00|
2450997|74078|4378|4396779|1128867|2735|3205930|4396779|1128867|2735|3205930|3|4554|16|5|21|199|9|40.61|3.25|43.86|15.00|4.06|32.49|4.06|4.06|15.00|
2451508|13667|16266|217939|18964|3374|436150|217939|18964|3374|436150|5|9042|10|2|2|199|6|44.29|3.54|47.83|15.00|4.43|35.43|4.43|4.43|15.00|
2450834|18216|9992|7598991|1558396|5668|352696|7598991|1558396|5668|352696|6|1991|12|1|14|200|10|65.63|5.25|70.88|15.00|6.56|52.50|6.56|6.56|15.00|
2451115|59378|12862|3668517|1002456|641|378455|3668517|1002456|641|378455|5|2171|3|5|19|200|7|71.30|5.70|77.00|15.00|7.13|57.04|7.13|7.13|15.00|
2451009|64545|16086|11668055|732102|4421|3825360|11668055|732102|4421|3825360|1|8645|4|2|30|201|5|43.72|3.50|47.22|15.00|4.37|34.98|4.37|4.37|15.00|
2451158|76964|10699|2152138|257717|2064|4011210|2152138|257717|2064|4011210|3|4967|14|1|14|201|2|78.35|6.27|84.62|15.00|7.83|62.68|7.83|7.83|15.00|
2450916|35538|3389|5516034|1703835|2105|1407891|5516034|1703835|2105|1407891|2|5050|2|2|27|202|4|37.97|3.04|41.01|15.00|3.80|30.38|3.80|3.80|15.00|
2451069|11857|12026|1071752|634924|1275|4201984|1071752|634924|1275|4201984|6|3423|5|1|25|202|5|18.93|1.51|20.44|15.00|1.89|15.14|1.89|1.89|15.00|
2451170|61611|4025|3080671|415584|5673|4326651|3080671|415584|5673|4326651|6|2735|16|2|18|203|1|60.81|4.86|65.67|15.00|6.08|48.65|6.08|6.08|15.00|
2451285|16810|11669|2249975|753912|1186|188363|2249975|753912|1186|188363|5|1047|6|2|20|203|6|70.86|5.67|76.53|15.00|7.09|56.69|7.09|7.09|15.00|
2451347|49009|10404|7704373|678499|568|44409|7704373|678499|568|44409|1|9736|19|3|27|204|7|18.62|1.49|20.11|15.00|1.86|14.90|1.86|1.86|15.00|
2451182|34261|873|2802049|1660111|272|4342816|2802049|1660111|272|4342816|3|6289|14|4|4|204|2|16.53|1.32|17.85|15.00|1.65|13.22|1.65|1.65|15.00|
2450896|18442|15578|10149901|246536|3748|2667744|10149901|246536|3748|2667744|1|7063|13|4|32|205|6|3.30|0.26|3.56|15.00|0.33|2.64|0.33|0.33|15.00|
2450916|32797|13140|1344062|1054633|1453|5043367|1344062|1054633|1453|5043367|5|10603|11|5|16|205|5|68.01|5.44|73.45|15.00|6.80|54.41|6.80|6.80|15.00|
2451328|75363|11457|7344073|268748|1290|4289011|7344073|268748|1290|4289011|1|11338|18|5|5|206|10|32.25|2.58|34.83|15.00|3.23|25.80|3.23|3.23|15.00|
2451001|49886|960|2263165|1475699|3837|4000543|2263165|1475699|3837|4000543|4|3928|13|5|2|206|1|93.58|7.49|101.07|15.00|9.36|74.86|9.36|9.36|15.00|
2451051|16603|15887|11827648|1450026|3900|5718223|11827648|1450026|3900|5718223|3|2016|16|1|34|207|7|2.74|0.22|2.96|15.00|0.27|2.19|0.27|0.27|15.00|
2450859|82110|4661|8694469|63542|1953|3237998|8694469|63542|1953|3237998|5|11308|9|5|15|207|5|53.30|4.26|57.56|15.00|5.33|42.64|5.33|5.33|15.00|
2450948|71748|11339|5085857|148702|5729|5212874|5085857|148702|5729|5212874|5|482|14|1|13|208|5|11.91|0.95|12.86|15.00|1.19|9.53|1.19|1.19|15.00|
2451202|76508|3740|2162763|1086644|5584|2326819|2162763|1086644|5584|2326819|2|10429|14|4|10|208|5|13.04|1.04|14.08|15.00|1.30|10.43|1.30|1.30|15.00|
2451098|5667|4102|10470995|530184|2619|4051831|10470995|530184|2619|4051831|5|2649|2|1|19|209|8|64.29|5.14|69.43|15.00|6.43|51.43|6.43|6.43|15.00|
2451172|21152|16894|4595982|1244621|5086|3155185|4595982|1244621|5086|3155185|2|11459|12|3|13|209|2|28.94|2.32|31.26|15.00|2.89|23.15|2.89|2.89|15.00|
2450864|9639|11316|10638013|7168|2258|3419815|10638013|7168|2258|3419815|6|6004|16|3|20|210|1|16.41|1.31|17.72|15.00|1.64|13.13|1.64|1.64|15.00|
2451517|20956|7083|4745241|228471|282|1324696|4745241|228471|282|1324696|1|537|11|3|4|210|8|17.60|1.41|19.01|15.00|1.76|14.08|1.76|1.76|15.00|
2451425|81429|6774|11130274|1758416|2439|3989417|11130274|1758416|2439|3989417|6|4982|8|5|16|211|1|90.84|7.27|98.11|15.00|9.08|72.67|9.08|9.08|15.00|
2451470|23156|15268|5901928|543083|3766|1735358|5901928|543083|3766|1735358|1|1226|9|3|24|211|8|62.46|5.00|67.46|15.00|6.25|49.97|6.25|6.25|15.00|
2451472|70567|3329|9788967|773677|5139|1689293|9788967|773677|5139|1689293|1|4130|4|3|17|212|3|6.98|0.56|7.54|15.00|0.70|5.58|0.70|0.70|15.00|
2451267|85016|2158|5381149|1686537|1552|2993138|5381149|1686537|1552|2993138|4|6244|15|2|26|212|5|85.80|6.86|92.66|15.00|8.58|68.64|8.58|8.58|15.00|
2451043|50989|16916|1872088|1784475|5864|2459702|1872088|1784475|5864|2459702|6|11370|10|2|5|213|6|73.71|5.90|79.61|15.00|7.37|58.97|7.37|7.37|15.00|
2451344|55817|7392|7661923|1437096|1562|4165703|7661923|1437096|1562|4165703|1|4960|8|1|3|213|2|51.24|4.10|55.34|15.00|5.12|40.99|5.12|5.12|15.00|
2451315|2531|14419|2733583|583007|3225|581183|2733583|583007|3225|581183|1|5598|16|1|18|214|4|54.55|4.36|58.91|15.00|5.46|43.64|5.46|5.46|15.00|
2451496|34021|11437|8647825|1260422|404|2311497|8647825|1260422|404|2311497|2|4102|10|5|19|214|9|82.94|6.64|89.58|15.00|8.29|66.35|8.29|8.29|15.00|
2450961|74538|13039|3967842|1110220|2702|2687392|3967842|1110220|2702|2687392|2|2634|19|4|11|215|5|35.77|2.86|38.63|15.00|3.58|28.62|3.58|3.58|15.00|
2451493|55147|12608|2433870|311261|875|3152179|2433870|311261|875|3152179|4|10632|12|3|17|215|8|2.04|0.16|2.20|15.00|0.20|1.63|0.20|0.20|15.00|
2451376|38444|17020|4026946|1638928|634|5867176|4026946|1638928|634|5867176|1|2249|15|3|23|216|2|32.56|2.60|35.16|15.00|3.26|26.05|3.26|3.26|15.00|
2451036|26138|4906|3381403|560498|5135|2855666|3381403|560498|5135|2855666|3|3544|1|4|9|216|8|39.53|3.16|42.69|15.00|3.95|31.62|3.95|3.95|15.00|
2451311|30277|9298|6891239|909967|173|3173637|6891239|909967|173|3173637|1|2827|14|3|24|217|4|57.51|4.60|62.11|15.00|5.75|46.01|5.75|5.75|15.00|
2451099|32368|16106|10277137|1228205|673|284103|10277137|1228205|673|284103|5|8715|18|3|35|217|2|33.59|2.69|36.28|15.00|3.36|26.87|3.36|3.36|15.00|
2451490|24105|9683|8166938|359142|2396|5785095|8166938|359142|2396|5785095|2|5748|12|2|14|218|7|70.84|5.67|76.51|15.00|7.08|56.67|7.08|7.08|15.00|
2451355|11322|11474|3687147|1846607|2843|1564388|3687147|1846607|2843|1564388|2|7745|3|2|23|218|3|2.67|0.21|2.88|15.00|0.27|2.14|0.27|0.27|15.00|
2450885|10189|8871|11497368|47199|2834|4193484|11497368|47199|2834|4193484|5|11237|20|4|8|219|1|13.37|1.07|14.44|15.00|1.34|10.70|1.34|1.34|15.00|
2451451|45175|9127|480993|770613|1781|4208367|480993|770613|1781|4208367|1|8542|8|5|33|219|8|73.39|5.87|79.26|15.00|7.34|58.71|7.34|7.34|15.00|
2451503|54897|9734|10731370|583119|5171|5197631|10731370|583119|5171|5197631|3|2426|4|5|2|220|8|79.86|6.39|86.25|15.00|7.99|63.89|7.99|7.99|15.00|
2451051|4781|12116|3752251|1820712|2991|556087|3752251|1820712|2991|556087|1|261|20|2|3|220|5|70.76|5.66|76.42|15.00|7.08|56.61|7.08|7.08|15.00|
2451102|54249|14899|5712427|1536885|5553|2727763|5712427|1536885|5553|2727763|4|2016|8|4|34|221|8|6.18|0.49|6.67|15.00|0.62|4.94|0.62|0.62|15.00|
2451018|13273|1455|9574659|698977|4066|3424238|9574659|698977|4066|3424238|2|7987|9|5|17|221|7|28.23|2.26|30.49|15.00|2.82|22.58|2.82|2.82|15.00|
2451313|79034|5704|3692017|580632|4131|3537912|3692017|580632|4131|3537912|5|2108|19|5|20|222|10|35.32|2.83|38.15|15.00|3.53|28.26|3.53|3.53|15.00|
2451226|41377|9022|4787997|1413876|270|5960666|4787997|1413876|270|5960666|4|1365|16|3|20|222|9|44.56|3.56|48.12|15.00|4.46|35.65|4.46|4.46|15.00|
2450953|36897|10666|6224032|1481914|3562|4966070|6224032|1481914|3562|4966070|1|1726|16|5|12|223|7|69.87|5.59|75.46|15.00|6.99|55.90|6.99|6.99|15.00|
2451360|11296|12649|3604983|1902699|2062|3912865|3604983|1902699|2062|3912865|3|1855|4|3|24|223|3|64.83|5.19|70.02|15.00|6.48|51.86|6.48|6.48|15.00|
2451296|61463|6309|3623730|1129841|6863|13482|3623730|1129841|6863|13482|2|3092|4|4|14|224|3|81.41|6.51|87.92|15.00|8.14|65.13|8.14|8.14|15.00|
2451006|8154|8006|5454128|1826403|1270|832320|5454128|1826403|1270|832320|6|7220|3|5|16|224|6|90.18|7.21|97.39|15.00|9.02|72.14|9.02|9.02|15.00|
2451057|35029|3801|4195833|223975|4966|735598|4195833|223975|4966|735598|1|9170|14|3|9|225|10|1.64|0.13|1.77|15.00|0.16|1.31|0.16|0.16|15.00|
2450999|47585|11697|6623800|1668591|177|1814608|6623800|1668591|177|1814608|3|7040|7|2|23|225|8|74.34|5.95|80.29|15.00|7.43|59.47|7.43|7.43|15.00|
2451129|24334|10064|7288848|238934|5545|5672481|7288848|238934|5545|5672481|4|5790|17|5|2|226|9|33.18|2.65|35.83|15.00|3.32|26.54|3.32|3.32|15.00|
2451119|49416|11782|319315|1686580|630|3723532|319315|1686580|630|3723532|4|2161|6|2|2|226|5|81.08|6.49|87.57|15.00|8.11|64.86|8.11|8.11|15.00|
2451382|21344|3169|10670956|1301166|2081|3989244|10670956|1301166|2081|3989244|4|5925|18|5|25|227|4|42.72|3.42|46.14|15.00|4.27|34.18|4.27|4.27|15.00|
2451115|6038|6413|3800382|1868474|3767|5606816|3800382|1868474|3767|5606816|4|11444|4|1|11|227|3|57.31|4.58|61.89|15.00|5.73|45.85|5.73|5.73|15.00|
2450845|44103|6922|2970212|449121|4925|996396|2970212|449121|4925|996396|3|2893|10|1|6|228|1|58.52|4.68|63.20|15.00|5.85|46.82|5.85|5.85|15.00|
2450852|3116|8064|8141412|1728106|2477|856507|8141412|1728106|2477|856507|2|4791|3|3|19|228|7|42.30|3.38|45.68|15.00|4.23|33.84|4.23|4.23|15.00|
2450858|60866|4159|2542470|767799|6902|4579999|2542470|767799|6902|4579999|3|5736|12|5|25|229|6|64.26|5.14|69.40|15.00|6.43|51.41|6.43|6.43|15.00|
2451116|13494|2155|1616522|1088826|5566|1144679|1616522|1088826|5566|1144679|5|9272|14|4|25|229|10|65.44|5.24|70.68|15.00|6.54|52.35|6.54|6.54|15.00|
2451290|49396|9589|8184428|578156|3609|3432079|8184428|578156|3609|3432079|5|6436|20|4|35|230|5|96.40|7.71|104.11|15.00|9.64|77.12|9.64|9.64|15.00|
2451417|48083|8345|6495554|106435|2975|1327179|6495554|106435|2975|1327179|2|1164|10|3|28|230|9|98.43|7.87|106.30|15.00|9.84|78.74|9.84|9.84|15.00|
2450997|13071|2087|597211|371828|3322|5323513|597211|371828|3322|5323513|5|8848|20|1|10|231|7|77.81|6.22|84.03|15.00|7.78|62.25|7.78|7.78|15.00|
2451166|21597|13370|4957261|1566053|6077|3546492|4957261|1566053|6077|3546492|6|4066|13|1|4|231|7|69.59|5.57|75.16|15.00|6.96|55.67|6.96|6.96|15.00|
2451094|59248|11311|2307596|987916|5146|2628968|2307596|987916|5146|2628968|4|2960|3|4|19|232|2|38.68|3.09|41.77|15.00|3.87|30.94|3.87|3.87|15.00|
2450890|38843|9954|1805561|849159|629|1291583|1805561|849159|629|1291583|5|4305|4|5|30|232|10|40.68|3.25|43.93|15.00|4.07|32.54|4.07|4.07|15.00|
2450874|39051|10498|7208569|513794|5923|1922256|7208569|513794|5923|1922256|3|7770|3|4|13|233|9|7.08|0.57|7.65|15.00|0.71|5.66|0.71|0.71|15.00|
2451399|40547|2904|2111323|508500|4870|1820204|2111323|508500|4870|1820204|6|2587|18|3|11|233|7|82.96|6.64|89.60|15.00|8.30|66.37|8.30|8.30|15.00|
2451413|24349|13448|8155713|662338|4235|78358|8155713|662338|4235|78358|1|6757|15|2|8|234|8|26.98|2.16|29.14|15.00|2.70|21.58|2.70|2.70|15.00|
2451168|21339|7324|1589769|1398351|7174|3355608|1589769|1398351|7174|3355608|4|10482|8|4|29|234|9|12.89|1.03|13.92|15.00|1.29|10.31|1.29|1.29|15.00|
2451130|25517|16355|1728030|1554345|3638|2896334|1728030|1554345|3638|2896334|4|1494|13|3|3|235|4|35.70|2.86|38.56|15.00|3.57|28.56|3.57|3.57|15.00|
2451137|17690|14684|2264278|1405369|5157|598318|2264278|1405369|5157|598318|1|2759|2|3|18|235|9|35.48|2.84|38.32|15.00|3.55|28.38|3.55|3.55|15.00|
2451072|77733|16926|29975|1401912|6861|3656093|29975|1401912|6861|3656093|2|1213|15|4|1|236|6|5.69|0.46|6.15|15.00|0.57|4.55|0.57|0.57|15.00|
2451392|25798|2686|2913041|253692|4533|1894648|2913041|253692|4533|1894648|6|7155|20|2|18|236|3|2.71|0.22|2.93|15.00|0.27|2.17|0.27|0.27|15.00|
2451121|37951|15375|6448562|821913|6451|2538221|6448562|821913|6451|2538221|6|4418|6|4|18|237|4|47.71|3.82|51.53|15.00|4.77|38.17|4.77|4.77|15.00|
2451136|48317|14611|1854668|109255|3383|5904977|1854668|109255|3383|5904977|6|4067|1|2|32|237|2|98.78|7.90|106.68|15.00|9.88|79.02|9.88|9.88|15.00|
2451269|71957|7589|8669725|512237|5892|2188791|8669725|512237|5892|2188791|2|3249|2|3|16|238|2|70.97|5.68|76.65|15.00|7.10|56.78|7.10|7.10|15.00|
2451495|22227|11752|1058130|1462583|5033|4756460|1058130|1462583|5033|4756460|1|11258|17|3|26|238|6|79.26|6.34|85.60|15.00|7.93|63.41|7.93|7.93|15.00|
2451435|39342|4728|3657425|1150812|2362|2011595|3657425|1150812|2362|2011595|4|3287|19|5|23|239|3|17.28|1.38|18.66|15.00|1.73|13.82|1.73|1.73|15.00|
2450998|35179|1525|7405447|1485795|1137|2317002|7405447|1485795|1137|2317002|3|9779|2|5|15|239|4|93.71|7.50|101.21|15.00|9.37|74.97|9.37|9.37|15.00|
2451427|3211|15403|878907|1400699|6237|3235315|878907|1400699|6237|3235315|3|9295|4|2|10|240|7|15.58|1.25|16.83|15.00|1.56|12.46|1.56|1.56|15.00|
2451180|74086|1179|2852883|790933|1701|3214785|2852883|790933|1701|3214785|6|5625|18|4|8|240|7|1.46|0.12|1.58|15.00|0.15|1.17|0.15|0.15|15.00|
2451173|51688|11505|4152138|414648|5495|5300958|4152138|414648|5495|5300958|2|1590|15|1|17|241|10|17.71|1.42|19.13|15.00|1.77|14.17|1.77|1.77|15.00|
2451422|57793|2655|1448848|1902713|317|4021058|1448848|1902713|317|4021058|6|2787|10|2|34|241|1|17.56|1.40|18.96|15.00|1.76|14.05|1.76|1.76|15.00|
2450823|47084|6070|2300944|1852667|3940|128250|2300944|1852667|3940|128250|3|4900|18|3|21|242|9|91.75|7.34|99.09|15.00|9.18|73.40|9.18|9.18|15.00|
2450848|45161|1697|37507|1394812|2167|5013118|37507|1394812|2167|5013118|5|3800|2|4|8|242|1|92.38|7.39|99.77|15.00|9.24|73.90|9.24|9.24|15.00|
2450924|45604|13194|6046118|1643027|4671|4832334|6046118|1643027|4671|4832334|2|3891|20|3|3|243|8|35.17|2.81|37.98|15.00|3.52|28.14|3.52|3.52|15.00|
2451165|10396|7562|3148057|1111910|3177|2327332|3148057|1111910|3177|2327332|5|3812|12|4|5|243|5|37.81|3.02|40.83|15.00|3.78|30.25|3.78|3.78|15.00|
2451346|37609|2969|9465021|1419025|769|2815628|9465021|1419025|769|2815628|4|60|19|5|3|244|5|46.98|3.76|50.74|15.00|4.70|37.58|4.70|4.70|15.00|
2451021|37717|7677|7131199|1524437|106|1693387|7131199|1524437|106|1693387|4|7627|8|4|11|244|7|26.18|2.09|28.27|15.00|2.62|20.94|2.62|2.62|15.00|
2451148|5744|9041|11317279|1539632|4981|622820|11317279|1539632|4981|622820|2|8574|3|2|11|245|2|17.87|1.43|19.30|15.00|1.79|14.30|1.79|1.79|15.00|
2450853|62141|1676|2390246|1363704|2342|5084613|2390246|1363704|2342|5084613|6|1366|19|2|10|245|5|41.89|3.35|45.24|15.00|4.19|33.51|4.19|4.19|15.00|
2450821|50600|5394|7172681|346969|3699|5540325|7172681|346969|3699|5540325|3|2874|9|3|28|246|10|11.20|0.90|12.10|15.00|1.12|8.96|1.12|1.12|15.00|
2451486|39582|1111|8316385|1713176|6674|5613653|8316385|1713176|6674|5613653|1|11414|2|2|26|246|6|44.31|3.54|47.85|15.00|4.43|35.45|4.43|4.43|15.00|
2451448|68092|4199|6703958|1513169|5160|266309|6703958|1513169|5160|266309|6|1423|13|2|25|247|7|2.71|0.22|2.93|15.00|0.27|2.17|0.27|0.27|15.00|
2451063|83906|10046|9795525|739731|6928|5389765|9795525|739731|6928|5389765|3|10488|15|5|7|247|3|13.44|1.08|14.52|15.00|1.34|10.75|1.34|1.34|15.00|
2451435|83840|5418|10484199|237842|5215|580115|10484199|237842|5215|580115|5|6689|3|2|20|248|1|44.23|3.54|47.77|15.00|4.42|35.38|4.42|4.42|15.00|
2451155|73839|17474|1782180|1635944|973|2528423|1782180|1635944|973|2528423|4|5338|13|3|7|248|10|5.95|0.48|6.43|15.00|0.60|4.76|0.60|0.60|15.00|
2451232|49789|9846|5826518|1305953|3312|1136968|5826518|1305953|3312|1136968|1|4331|19|3|18|249|9|98.06|7.84|105.90|15.00|9.81|78.45|9.81|9.81|15.00|
2451055|66586|2932|10069048|491733|5614|2291475|10069048|491733|5614|2291475|5|7951|15|4|17|249|3|14.87|1.19|16.06|15.00|1.49|11.90|1.49|1.49|15.00|
2451524|52423|2684|11613637|1826179|1385|2176676|11613637|1826179|1385|2176676|2|9899|5|2|12|250|1|81.03|6.48|87.51|15.00|8.10|64.82|8.10|8.10|15.00|
2451182|46733|7067|9776541|1498694|1071|4573366|9776541|1498694|1071|4573366|6|9033|3|5|3|250|1|24.26|1.94|26.20|15.00|2.43|19.41|2.43|2.43|15.00|
2451109|72331|11794|1204739|1380399|942|5801667|1204739|1380399|942|5801667|3|4791|12|1|33|251|3|66.08|5.29|71.37|15.00|6.61|52.86|6.61|6.61|15.00|
2450952|16013|17265|6782999|1225643|2517|2096353|6782999|1225643|2517|2096353|6|9034|17|2|5|251|10|48.75|3.90|52.65|15.00|4.88|39.00|4.88|4.88|15.00|
2450957|54866|15832|108640|1337686|202|5422459|108640|1337686|202|5422459|1|2054|3|1|2|252|8|11.03|0.88|11.91|15.00|1.10|8.82|1.10|1.10|15.00|
2450823|74839|8895|6041525|1104103|3864|2152710|6041525|1104103|3864|2152710|4|6365|2|2|7|252|10|73.78|5.90|79.68|15.00|7.38|59.02|7.38|7.38|15.00|
2451445|23002|15142|10020256|1493671|3990|4911916|10020256|1493671|3990|4911916|5|4854|14|3|29|253|6|2.85|0.23|3.08|15.00|0.29|2.28|0.29|0.29|15.00|
2450890|74148|1005|8904172|1736809|4445|4856630|8904172|1736809|4445|4856630|2|7930|17|4|32|253|3|22.27|1.78|24.05|15.00|2.23|17.82|2.23|2.23|15.00|
2451354|79531|11080|4772154|920437|1070|2940294|4772154|920437|1070|2940294|1|7672|8|3|30|254|8|74.51|5.96|80.47|15.00|7.45|59.61|7.45|7.45|15.00|
2451501|71700|16355|3434454|792434|2005|4337271|3434454|792434|2005|4337271|6|3177|14|4|10|254|9|39.95|3.20|43.15|15.00|4.00|31.96|4.00|4.00|15.00|
2451150|84221|7342|745970|422094|7035|2629136|745970|422094|7035|2629136|5|10644|15|3|22|255|3|73.46|5.88|79.34|15.00|7.35|58.77|7.35|7.35|15.00|
2451120|53883|15005|1787526|940842|4592|3037739|1787526|940842|4592|3037739|3|6906|3|2|17|255|9|75.79|6.06|81.85|15.00|7.58|60.63|7.58|7.58|15.00|
2450833|9108|3781|9439110|1637414|775|3818461|9439110|1637414|775|3818461|4|9844|13|4|24|256|3|91.22|7.30|98.52|15.00|9.12|72.98|9.12|9.12|15.00|
2451043|52983|6130|5813958|1433552|4410|2310302|5813958|1433552|4410|2310302|1|5391|3|3|33|256|7|97.68|7.81|105.49|15.00|9.77|78.14|9.77|9.77|15.00|
2451229|21733|11446|5712212|1162586|4298|442715|5712212|1162586|4298|442715|6|455|6|1|6|257|2|32.33|2.59|34.92|15.00|3.23|25.86|3.23|3.23|15.00|
2451435|32430|4942|3447840|1578618|742|5277479|3447840|1578618|742|5277479|4|9931|2|4|20|257|7|73.07|5.85|78.92|15.00|7.31|58.46|7.31|7.31|15.00|
2451133|63660|14711|4292960|1554637|4958|3314623|4292960|1554637|4958|3314623|3|518|17|4|29|258|10|4.09|0.33|4.42|15.00|0.41|3.27|0.41|0.41|15.00|
2451395|67506|9250|9618090|349430|5868|5905699|9618090|349430|5868|5905699|6|6075|11|1|31|258|1|24.27|1.94|26.21|15.00|2.43|19.42|2.43|2.43|15.00|
2451050|82321|13803|3895949|650086|91|4459325|3895949|650086|91|4459325|2|8662|7|2|17|259|5|32.27|2.58|34.85|15.00|3.23|25.82|3.23|3.23|15.00|
2451101|76971|11572|4448566|1725278|1348|1150997|4448566|1725278|1348|1150997|4|2775|12|5|11|259|9|95.46|7.64|103.10|15.00|9.55|76.37|9.55|9.55|15.00|
2451136|13948|15855|9028433|1333242|4400|3122732|9028433|1333242|4400|3122732|2|192|10|5|24|260|3|14.70|1.18|15.88|15.00|1.47|11.76|1.47|1.47|15.00|
2451129|73504|17938|10967306|1408477|6652|4094521|10967306|1408477|6652|4094521|1|4105|17|1|34|260|9|14.00|1.12|15.12|15.00|1.40|11.20|1.40|1.40|15.00|
2450927|10708|10712|4654488|1006224|6927|1615741|4654488|1006224|6927|1615741|2|1619|11|2|32|261|3|5.90|0.47|6.37|15.00|0.59|4.72|0.59|0.59|15.00|
2451056|43486|14978|7280066|1408916|184|2944839|7280066|1408916|184|2944839|4|3730|11|1|16|261|9|92.41|7.39|99.80|15.00|9.24|73.93|9.24|9.24|15.00|
2451485|53064|409|5619009|913501|3184|3404791|5619009|913501|3184|3404791|1|11241|19|5|8|262|8|35.48|2.84|38.32|15.00|3.55|28.38|3.55|3.55|15.00|
2451248|42857|3884|10371898|149790|547|5554619|10371898|149790|547|5554619|2|11363|2|5|5|262|1|13.05|1.04|14.09|15.00|1.31|10.44|1.31|1.31|15.00|
2451501|3049|17986|9767964|1297326|1515|1158079|9767964|1297326|1515|1158079|4|9021|9|5|7|263|9|72.00|5.76|77.76|15.00|7.20|57.60|7.20|7.20|15.00|
2451196|21524|3536|2961891|777349|572|4722064|2961891|777349|572|4722064|2|1146|6|5|19|263|2|81.39|6.51|87.90|15.00|8.14|65.11|8.14|8.14|15.00|
2451074|57332|14433|9576168|1001595|4370|3505766|9576168|1001595|4370|3505766|4|8015|7|5|4|264|4|70.51|5.64|76.15|15.00|7.05|56.41|7.05|7.05|15.00|
2451206|53138|7542|8974125|1191478|930|4419600|8974125|1191478|930|4419600|6|720|9|3|13|264|5|11.41|0.91|12.32|15.00|1.14|9.13|1.14|1.14|15.00|
2451188|62803|13664|402825|260625|6192|5811744|402825|260625|6192|5811744|2|5510|15|3|16|265|5|96.56|7.72|104.28|15.00|9.66|77.25|9.66|9.66|15.00|
2451199|44109|9084|3994793|925908|2770|3427141|3994793|925908|2770|3427141|5|4792|18|5|7|265|9|1.48|0.12|1.60|15.00|0.15|1.18|0.15|0.15|15.00|
2451430|61693|11933|4795935|1858235|1380|3858392|4795935|1858235|1380|3858392|5|2357|7|5|26|266|2|2.02|0.16|2.18|15.00|0.20|1.62|0.20|0.20|15.00|
2451264|5218|16108|7438964|1675722|4949|1902713|7438964|1675722|4949|1902713|3|3949|9|2|25|266|10|37.87|3.03|40.90|15.00|3.79|30.30|3.79|3.79|15.00|
2450921|14428|4751|801804|175788|1780|3398176|801804|175788|1780|3398176|4|3030|6|4|30|267|9|36.93|2.95|39.88|15.00|3.69|29.54|3.69|3.69|15.00|
2450992|37851|227|6088383|205276|3594|5284309|6088383|205276|3594|5284309|1|11433|20|3|23|267|2|53.00|4.24|57.24|15.00|5.30|42.40|5.30|5.30|15.00|
2451490|2693|10632|3756366|1394464|6630|979592|3756366|1394464|6630|979592|6|3782|18|1|25|268|8|66.34|5.31|71.65|15.00|6.63|53.07|6.63|6.63|15.00|
2451288|23429|5974|7477626|323357|3356|4946472|7477626|323357|3356|4946472|3|5251|12|3|35|268|1|53.45|4.28|57.73|15.00|5.35|42.76|5.35|5.35|15.00|
2451310|25953|7553|643198|542534|6143|3226335|643198|542534|6143|3226335|3|4890|2|3|8|269|7|30.02|2.40|32.42|15.00|3.00|24.02|3.00|3.00|15.00|
2451157|24169|17141|6513575|926266|3940|2042987|6513575|926266|3940|2042987|1|11185|17|2|13|269|5|66.73|5.34|72.07|15.00|6.67|53.38|6.67|6.67|15.00|
2450948|57127|5317|3272945|237930|3744|1661262|3272945|237930|3744|1661262|2|5674|14|5|10|270|2|12.18|0.97|13.15|15.00|1.22|9.74|1.22|1.22|15.00|
2450968|24013|9716|8506892|1912989|7138|2457990|8506892|1912989|7138|2457990|6|5939|5|2|33|270|6|52.52|4.20|56.72|15.00|5.25|42.02|5.25|5.25|15.00|
2451427|54225|17974|34905|1294804|3445|2357130|34905|1294804|3445|2357130|3|6385|11|4|23|271|9|50.13|4.01|54.14|15.00|5.01|40.10|5.01|5.01|15.00|
2450836|37508|9130|2680281|850441|6789|76417|2680281|850441|6789|76417|2|308|7|4|14|271|4|62.40|4.99|67.39|15.00|6.24|49.92|6.24|6.24|15.00|
2451179|54985|5971|10885528|1594943|5266|682683|10885528|1594943|5266|682683|4|840|10|1|31|272|4|43.28|3.46|46.74|15.00|4.33|34.62|4.33|4.33|15.00|
2451224|6531|2739|11055043|257006|444|4582389|11055043|257006|444|4582389|3|2417|4|1|17|272|7|23.93|1.91|25.84|15.00|2.39|19.14|2.39|2.39|15.00|
2451039|6913|7412|5308153|269628|618|5562014|5308153|269628|618|5562014|5|7379|11|3|14|273|9|63.27|5.06|68.33|15.00|6.33|50.62|6.33|6.33|15.00|
2451421|55427|11691|5854027|1293066|2593|5447759|5854027|1293066|2593|5447759|6|2274|11|4|26|273|9|96.33|7.71|104.04|15.00|9.63|77.06|9.63|9.63|15.00|
2450872|85239|12661|6147390|1517407|1504|4601092|6147390|1517407|1504|4601092|4|3119|4|3|8|274|7|24.14|1.93|26.07|15.00|2.41|19.31|2.41|2.41|15.00|
2450988|34083|2812|6844142|982606|5714|495696|6844142|982606|5714|495696|1|24|7|1|2|274|3|97.52|7.80|105.32|15.00|9.75|78.02|9.75|9.75|15.00|
2450945|39624|13220|3299930|1735211|6701|5933405|3299930|1735211|6701|5933405|2|5945|5|3|15|275|2|42.98|3.44|46.42|15.00|4.30|34.38|4.30|4.30|15.00|
2451143|1800|16750|2467265|1291221|3417|5450880|2467265|1291221|3417|5450880|6|8959|1|2|28|275|1|32.21|2.58|34.79|15.00|3.22|25.77|3.22|3.22|15.00|
2451209|65161|12138|8731925|1204695|957|256256|8731925|1204695|957|256256|2|9988|14|4|24|276|10|5.77|0.46|6.23|15.00|0.58|4.62|0.58|0.58|15.00|
2451106|50117|17269|9192251|859401|4096|4771562|9192251|859401|4096|4771562|6|4188|5|4|26|276|2|7.91|0.63|8.54|15.00|0.79|6.33|0.79|0.79|15.00|
2451449|68895|7704|10341126|993376|1694|2301177|10341126|993376|1694|2301177|5|1664|20|2|12|277|6|70.21|5.62|75.83|15.00|7.02|56.17|7.02|7.02|15.00|
2451203|33510|15806|650316|1059244|2042|1188810|650316|1059244|2042|1188810|1|1198|6|5|24|277|6|48.94|3.92|52.86|15.00|4.89|39.15|4.89|4.89|15.00|
2450842|61401|17162|7239899|1332910|56|2510418|7239899|1332910|56|2510418|1|8697|6|3|26|278|7|48.98|3.92|52.90|15.00|4.90|39.18|4.90|4.90|15.00|
2451203|61777|7627|243586|1363315|3926|2662679|243586|1363315|3926|2662679|2|6960|19|3|6|278|6|0.70|0.06|0.76|15.00|0.07|0.56|0.07|0.07|15.00|
2451084|7928|8454|5089736|1072229|5487|2880233|5089736|1072229|5487|2880233|2|7988|18|4|9|279|8|27.53|2.20|29.73|15.00|2.75|22.02|2.75|2.75|15.00|
2451307|44404|17983|1639095|1470615|25|367486|1639095|1470615|25|367486|4|1731|13|2|4|279|9|77.40|6.19|83.59|15.00|7.74|61.92|7.74|7.74|15.00|
2450924|33146|9577|6973261|536103|2278|4898165|6973261|536103|2278|4898165|6|5090|19|2|6|280|1|22.59|1.81|24.40|15.00|2.26|18.07|2.26|2.26|15.00|
2451396|67589|3565|2926370|829311|6775|533695|2926370|829311|6775|533695|6|5030|16|5|14|280|6|55.81|4.46|60.27|15.00|5.58|44.65|5.58|5.58|15.00|
2451135|22172|316|10824770|510487|5538|99012|10824770|510487|5538|99012|4|4857|9|3|24|281|5|83.66|6.69|90.35|15.00|8.37|66.93|8.37|8.37|15.00|
2451468|10707|4292|6148875|1061756|1789|4763531|6148875|1061756|1789|4763531|6|9843|8|2|1|281|8|14.62|1.17|15.79|15.00|1.46|11.70|1.46|1.46|15.00|
2451350|66882|12606|8004178|19990|234|464058|8004178|19990|234|464058|3|7647|14|4|19|282|6|96.05|7.68|103.73|15.00|9.61|76.84|9.61|9.61|15.00|
2450817|29976|9014|1699544|1006611|1855|4091185|1699544|1006611|1855|4091185|6|7929|20|3|6|282|8|34.77|2.78|37.55|15.00|3.48|27.82|3.48|3.48|15.00|
2451137|36126|15302|9165845|702160|1415|2746524|9165845|702160|1415|2746524|5|8465|11|4|28|283|6|22.82|1.83|24.65|15.00|2.28|18.26|2.28|2.28|15.00|
2451085|223|11810|5409199|1173939|3098|2273117|5409199|1173939|3098|2273117|1|3509|6|5|33|283|7|36.78|2.94|39.72|15.00|3.68|29.42|3.68|3.68|15.00|
2451177|84882|7967|6850889|867681|2873|252167|6850889|867681|2873|252167|5|5298|20|2|25|284|7|3.05|0.24|3.29|15.00|0.30|2.44|0.30|0.30|15.00|
2451157|70665|4067|1515750|306720|6803|1131558|1515750|306720|6803|1131558|5|11003|5|2|12|284|6|10.48|0.84|11.32|15.00|1.05|8.38|1.05|1.05|15.00|
2451138|43263|3439|2601690|218042|3023|884483|2601690|218042|3023|884483|4|8164|16|2|27|285|8|24.11|1.93|26.04|15.00|2.41|19.29|2.41|2.41|15.00|
2451467|72158|11938|7727420|1385899|1754|359208|7727420|1385899|1754|359208|2|6373|7|5|21|285|5|67.41|5.39|72.80|15.00|6.74|53.93|6.74|6.74|15.00|
2451428|73548|14365|7561548|101273|468|1665882|7561548|101273|468|1665882|6|7016|12|1|35|286|4|71.37|5.71|77.08|15.00|7.14|57.10|7.14|7.14|15.00|
2451096|34423|1095|3048018|1558345|6795|2043150|3048018|1558345|6795|2043150|4|8664|9|2|27|286|9|35.57|2.85|38.42|15.00|3.56|28.46|3.56|3.56|15.00|
2450837|32745|13993|4528575|1439162|1131|4095602|4528575|1439162|1131|4095602|4|8428|6|4|10|287|2|26.73|2.14|28.87|15.00|2.67|21.38|2.67|2.67|15.00|
2451192|29838|1160|4398225|1426652|4940|1029779|4398225|1426652|4940|1029779|1|710|11|2|23|287|3|91.53|7.32|98.85|15.00|9.15|73.22|9.15|9.15|15.00|
2451489|36368|4671|4986214|319978|4517|3389558|4986214|319978|4517|3389558|4|4960|6|3|12|288|3|30.42|2.43|32.85|15.00|3.04|24.34|3.04|3.04|15.00|
2451093|11094|14227|9610188|474511|4500|1198542|9610188|474511|4500|1198542|2|9408|16|1|4|288|3|49.02|3.92|52.94|15.00|4.90|39.22|4.90|4.90|15.00|
2451028|60938|11917|1554238|1767346|6558|372620|1554238|1767346|6558|372620|6|1521|9|4|4|289|1|20.14|1.61|21.75|15.00|2.01|16.11|2.01|2.01|15.00|
2451349|35664|7506|6195004|155025|4787|5804711|6195004|155025|4787|5804711|2|3745|1|4|7|289|2|37.41|2.99|40.40|15.00|3.74|29.93|3.74|3.74|15.00|
2450907|3331|6407|6354521|1087294|6170|2584234|6354521|1087294|6170|2584234|1|5039|13|4|14|290|5|94.18|7.53|101.71|15.00|9.42|75.34|9.42|9.42|15.00|
2451488|58405|15608|11402178|430373|6290|2363135|11402178|430373|6290|2363135|2|1806|18|4|26|290|5|38.65|3.09|41.74|15.00|3.87|30.92|3.87|3.87|15.00|
2451296|20649|14135|1342392|851491|335|4177508|1342392|851491|335|4177508|6|2038|4|4|13|291|7|35.78|2.86|38.64|15.00|3.58|28.62|3.58|3.58|15.00|
2450892|78119|13214|5753852|1124681|2177|4798779|5753852|1124681|2177|4798779|3|8078|10|4|29|291|9|34.91|2.79|37.70|15.00|3.49|27.93|3.49|3.49|15.00|
2451313|16065|17226|4588250|902429|6111|2771673|4588250|902429|6111|2771673|4|5120|4|4|30|292|5|66.01|5.28|71.29|15.00|6.60|52.81|6.60|6.60|15.00|
2451061|69529|5938|8711421|776755|1604|219803|8711421|776755|1604|219803|4|9961|19|1|29|292|3|32.33|2.59|34.92|15.00|3.23|25.86|3.23|3.23|15.00|
2451409|65748|5021|5538470|1454151|2145|5121413|5538470|1454151|2145|5121413|6|10602|19|3|31|293|1|41.03|3.28|44.31|15.00|4.10|32.82|4.10|4.10|15.00|
2450970|16241|10091|10827543|1878866|504|2585649|10827543|1878866|504|2585649|1|9672|13|3|17|293|3|18.95|1.52|20.47|15.00|1.90|15.16|1.90|1.90|15.00|
2451419|69708|17446|11791506|1702348|2520|2311397|11791506|1702348|2520|2311397|6|1910|10|4|24|294|4|75.40|6.03|81.43|15.00|7.54|60.32|7.54|7.54|15.00|
2451451|10335|14903|7301587|26216|2419|1712812|7301587|26216|2419|1712812|3|6193|8|1|26|294|7|83.65|6.69|90.34|15.00|8.37|66.92|8.37|8.37|15.00|
2451206|26054|2236|5579565|1592285|3487|1098103|5579565|1592285|3487|1098103|3|10975|2|5|21|295|7|68.78|5.50|74.28|15.00|6.88|55.02|6.88|6.88|15.00|
2450976|2441|14525|9910093|757139|5006|4065402|9910093|757139|5006|4065402|5|6902|8|4|22|295|3|42.76|3.42|46.18|15.00|4.28|34.21|4.28|4.28|15.00|
2450909|85685|5619|1431367|654888|4689|1644302|1431367|654888|4689|1644302|4|10210|8|1|26|296|6|12.35|0.99|13.34|15.00|1.24|9.88|1.24|1.24|15.00|
2450942|77571|14333|7675176|356072|6645|5206778|7675176|356072|6645|5206778|6|9332|14|2|2|296|6|37.98|3.04|41.02|15.00|3.80|30.38|3.80|3.80|15.00|
2451441|5755|1077|5392683|301547|6692|409776|5392683|301547|6692|409776|4|10722|17|4|18|297|7|4.99|0.40|5.39|15.00|0.50|3.99|0.50|0.50|15.00|
2451040|36275|16761|758123|1006916|6515|3971291|758123|1006916|6515|3971291|6|4633|20|4|16|297|10|52.50|4.20|56.70|15.00|5.25|42.00|5.25|5.25|15.00|
2451418|20994|15506|4274957|1042572|2913|4974311|4274957|1042572|2913|4974311|4|11026|15|5|26|298|8|57.85|4.63|62.48|15.00|5.79|46.28|5.79|5.79|15.00|
2450928|21469|11589|4910747|94379|3708|4420607|4910747|94379|3708|4420607|4|2481|11|2|22|298|8|56.39|4.51|60.90|15.00|5.64|45.11|5.64|5.64|15.00|
2451452|73728|7826|598697|985777|3994|3993820|598697|985777|3994|3993820|3|6814|7|5|7|299|2|79.55|6.36|85.91|15.00|7.96|63.64|7.96|7.96|15.00|
2450939|75315|3699|3960451|1626783|2676|3707255|3960451|1626783|2676|3707255|2|797|3|1|1|299|9|73.58|5.89|79.47|15.00|7.36|58.86|7.36|7.36|15.00|
2451323|22108|15229|1054092|459811|1135|913397|1054092|459811|1135|913397|5|2243|14|1|2|300|7|32.24|2.58|34.82|15.00|3.22|25.79|3.22|3.22|15.00|
2451283|22657|9445|11077527|1263101|713|3058320|11077527|1263101|713|3058320|5|5442|13|2|3|300|6|20.17|1.61|21.78|15.00|2.02|16.14|2.02|2.02|15.00|
2450903|7468|243|6350968|1717661|1844|5661562|6350968|1717661|1844|5661562|5|9175|18|3|11|301|3|30.82|2.47|33.29|15.00|3.08|24.66|3.08|3.08|15.00|
2450828|45715|2790|9079532|519830|5768|4961420|9079532|519830|5768|4961420|5|9767|1|2|13|301|7|84.17|6.73|90.90|15.00|8.42|67.34|8.42|8.42|15.00|
2451390|73204|16445|4827027|62620|5436|4756943|4827027|62620|5436|4756943|2|2641|8|2|26|302|9|26.61|2.13|28.74|15.00|2.66|21.29|2.66|2.66|15.00|
2451169|45314|9608|7867661|454688|673|2633358|7867661|454688|673|2633358|5|8959|19|2|3|302|3|66.19|5.30|71.49|15.00|6.62|52.95|6.62|6.62|15.00|
2451274|54852|3477|6918932|395753|1084|13164|6918932|395753|1084|13164|1|10722|6|3|31|303|1|12.12|0.97|13.09|15.00|1.21|9.70|1.21|1.21|15.00|
2451133|19003|5041|1212572|1264605|649|2015931|1212572|1264605|649|2015931|1|9478|15|1|35|303|8|5.63|0.45|6.08|15.00|0.56|4.50|0.56|0.56|15.00|
2451373|36701|10376|10032684|294526|1737|4145118|10032684|294526|1737|4145118|4|1738|14|2|2|304|3|15.50|1.24|16.74|15.00|1.55|12.40|1.55|1.55|15.00|
2451403|75057|7670|10005034|1176338|2410|1307244|10005034|1176338|2410|1307244|3|6401|8|2|3|304|1|38.61|3.09|41.70|15.00|3.86|30.89|3.86|3.86|15.00|
2450826|69880|7192|4344166|754334|477|1935102|4344166|754334|477|1935102|4|1525|15|3|26|305|5|30.66|2.45|33.11|15.00|3.07|24.53|3.07|3.07|15.00|
2451405|54656|15411|4663358|346850|3674|2239960|4663358|346850|3674|2239960|3|1046|19|2|32|305|2|44.54|3.56|48.10|15.00|4.45|35.63|4.45|4.45|15.00|
2451197|2957|17739|11006102|1192319|167|2153053|11006102|1192319|167|2153053|6|8438|4|4|19|306|5|1.21|0.10|1.31|15.00|0.12|0.97|0.12|0.12|15.00|
2451523|19901|10836|3397037|53142|389|2359462|3397037|53142|389|2359462|1|9635|11|2|27|306|6|57.76|4.62|62.38|15.00|5.78|46.21|5.78|5.78|15.00|
2451124|80648|12515|10764364|162530|3830|572259|10764364|162530|3830|572259|5|10139|12|3|6|307|6|9.27|0.74|10.01|15.00|0.93|7.42|0.93|0.93|15.00|
2451432|61474|6010|1648635|701095|3935|796352|1648635|701095|3935|796352|5|2184|11|5|6|307|9|65.60|5.25|70.85|15.00|6.56|52.48|6.56|6.56|15.00|
2450817|60599|2879|10783556|1542370|3488|5178210|10783556|1542370|3488|5178210|5|11537|6|4|29|308|9|88.38|7.07|95.45|15.00|8.84|70.70|8.84|8.84|15.00|
2451286|18089|3262|4341187|1257946|3120|573137|4341187|1257946|3120|573137|3|9982|8|3|15|308|10|98.37|7.87|106.24|15.00|9.84|78.70|9.84|9.84|15.00|
2450892|56043|17699|8690208|456368|2831|4143794|8690208|456368|2831|4143794|2|2448|2|5|34|309|4|70.49|5.64|76.13|15.00|7.05|56.39|7.05|7.05|15.00|
2451437|57141|16907|4213044|345786|2814|3087727|4213044|345786|2814|3087727|4|949|18|5|4|309|9|18.95|1.52|20.47|15.00|1.90|15.16|1.90|1.90|15.00|
2451262|74499|4566|3764851|1506629|1764|5102320|3764851|1506629|1764|5102320|5|3986|8|1|7|310|7|5.12|0.41|5.53|15.00|0.51|4.10|0.51|0.51|15.00|
2451309|1233|7666|7599389|1550651|5990|2700157|7599389|1550651|5990|2700157|1|2340|8|1|6|310|3|7.23|0.58|7.81|15.00|0.72|5.78|0.72|0.72|15.00|
2450926|29610|15697|1815021|95030|5758|2354700|1815021|95030|5758|2354700|1|4269|14|3|20|311|10|26.11|2.09|28.20|15.00|2.61|20.89|2.61|2.61|15.00|
2451377|481|8217|6679800|1520686|938|1682550|6679800|1520686|938|1682550|1|10724|11|1|8|311|4|29.93|2.39|32.32|15.00|2.99|23.94|2.99|2.99|15.00|
2451070|35844|5161|9255503|1349420|3314|447420|9255503|1349420|3314|447420|2|11042|13|2|27|312|2|8.15|0.65|8.80|15.00|0.82|6.52|0.82|0.82|15.00|
2451164|56373|1170|7449944|1669828|1145|5244021|7449944|1669828|1145|5244021|3|6143|20|3|12|312|5|52.88|4.23|57.11|15.00|5.29|42.30|5.29|5.29|15.00|
2451037|18033|17114|838770|1004375|4890|1070485|838770|1004375|4890|1070485|6|2140|13|4|1|313|10|86.94|6.96|93.90|15.00|8.69|69.55|8.69|8.69|15.00|
2450865|56124|2786|3769960|757848|3877|1672582|3769960|757848|3877|1672582|1|11701|4|2|24|313|2|12.34|0.99|13.33|15.00|1.23|9.87|1.23|1.23|15.00|
2451430|18965|5073|2199226|5954|4430|1547881|2199226|5954|4430|1547881|2|8814|5|4|3|314|8|9.26|0.74|10.00|15.00|0.93|7.41|0.93|0.93|15.00|
2451526|70775|1854|5203536|1470794|1207|3911162|5203536|1470794|1207|3911162|3|10912|3|2|23|314|9|17.16|1.37|18.53|15.00|1.72|13.73|1.72|1.72|15.00|
2451475|25959|10201|4721293|192712|1449|4283708|4721293|192712|1449|4283708|4|8872|16|3|34|315|2|37.36|2.99|40.35|15.00|3.74|29.89|3.74|3.74|15.00|
2451322|35200|4393|10234814|273255|3027|2950964|10234814|273255|3027|2950964|2|11355|6|3|25|315|1|46.75|3.74|50.49|15.00|4.67|37.40|4.67|4.67|15.00|
2451090|86211|2373|11921274|1903121|1383|4501610|11921274|1903121|1383|4501610|1|10639|3|3|26|316|5|55.51|4.44|59.95|15.00|5.55|44.41|5.55|5.55|15.00|
2451499|53452|7083|6439154|469947|4786|3227032|6439154|469947|4786|3227032|3|9735|20|5|7|316|10|26.34|2.11|28.45|15.00|2.63|21.07|2.63|2.63|15.00|
2451541|64376|15015|3628657|1802954|6246|1154170|3628657|1802954|6246|1154170|2|1858|1|1|14|317|9|12.58|1.01|13.59|15.00|1.26|10.06|1.26|1.26|15.00|
2451200|24732|15102|7808059|1907882|7144|959798|7808059|1907882|7144|959798|6|7801|19|4|21|317|2|31.90|2.55|34.45|15.00|3.19|25.52|3.19|3.19|15.00|
2451352|61903|11146|9435300|1018764|4168|5148811|9435300|1018764|4168|5148811|1|6402|5|4|28|318|4|53.96|4.32|58.28|15.00|5.40|43.17|5.40|5.40|15.00|
2451430|38235|17081|3386744|1181928|896|793993|3386744|1181928|896|793993|1|9822|6|2|30|318|4|8.05|0.64|8.69|15.00|0.81|6.44|0.81|0.81|15.00|
2451028|64595|8419|8499728|939414|209|1992477|8499728|939414|209|1992477|5|1099|15|1|4|319|5|91.41|7.31|98.72|15.00|9.14|73.13|9.14|9.14|15.00|
2451042|13094|14311|6503052|1205771|6691|4764891|6503052|1205771|6691|4764891|4|363|10|5|17|319|6|71.18|5.69|76.87|15.00|7.12|56.94|7.12|7.12|15.00|
2451106|12547|15188|10827275|787828|3671|2445934|10827275|787828|3671|2445934|4|3727|17|4|32|320|2|19.74|1.58|21.32|15.00|1.97|15.79|1.97|1.97|15.00|
2451352|25375|15976|11497365|1210672|4201|3422452|11497365|1210672|4201|3422452|1|5916|6|4|2|320|9|75.59|6.05|81.64|15.00|7.56|60.47|7.56|7.56|15.00|
2451162|82387|8307|9507611|114495|236|3145528|9507611|114495|236|3145528|6|1658|12|5|16|321|2|31.90|2.55|34.45|15.00|3.19|25.52|3.19|3.19|15.00|
2451280|32119|17123|2824656|888164|1831|5095055|2824656|888164|1831|5095055|1|7686|4|3|31|321|6|74.91|5.99|80.90|15.00|7.49|59.93|7.49|7.49|15.00|
2450963|12699|2719|7393508|1783798|2860|31026|7393508|1783798|2860|31026|6|5119|11|3|19|322|1|4.97|0.40|5.37|15.00|0.50|3.98|0.50|0.50|15.00|
2451282|57372|9020|4769466|797181|5023|2034310|4769466|797181|5023|2034310|6|6150|6|4|13|322|10|44.19|3.54|47.73|15.00|4.42|35.35|4.42|4.42|15.00|
2451134|76592|13889|678563|1554771|1293|4211162|678563|1554771|1293|4211162|4|3902|15|2|13|323|8|78.59|6.29|84.88|15.00|7.86|62.87|7.86|7.86|15.00|
2450893|43029|10948|8950114|667369|6666|891591|8950114|667369|6666|891591|5|2408|12|3|11|323|2|69.31|5.54|74.85|15.00|6.93|55.45|6.93|6.93|15.00|
2451128|14175|5225|3017870|1546306|1394|2877793|3017870|1546306|1394|2877793|3|8495|1|4|27|324|8|32.31|2.58|34.89|15.00|3.23|25.85|3.23|3.23|15.00|
2451185|74659|1705|10316384|18318|1769|867722|10316384|18318|1769|867722|1|1686|5|3|28|324|9|59.27|4.74|64.01|15.00|5.93|47.42|5.93|5.93|15.00|
2451192|6634|14624|10328134|1596064|2189|3058341|10328134|1596064|2189|3058341|4|4579|10|5|7|325|8|80.01|6.40|86.41|15.00|8.00|64.01|8.00|8.00|15.00|
2451060|54905|8843|1105680|277830|3420|573330|1105680|277830|3420|573330|3|2587|10|2|29|325|4|26.41|2.11|28.52|15.00|2.64|21.13|2.64|2.64|15.00|
2450880|86081|12355|7967980|495057|4125|2597809|7967980|495057|4125|2597809|4|457|13|1|26|326|10|4.81|0.38|5.19|15.00|0.48|3.85|0.48|0.48|15.00|
2450861|67496|14759|11207181|1491645|2580|2506467|11207181|1491645|2580|2506467|2|5850|20|1|33|326|8|29.61|2.37|31.98|15.00|2.96|23.69|2.96|2.96|15.00|
2451256|51861|6909|1284047|276716|2828|5887468|1284047|276716|2828|5887468|3|10728|12|2|34|327|6|39.23|3.14|42.37|15.00|3.92|31.38|3.92|3.92|15.00|
2451528|39357|14277|3228418|449078|1896|4275348|3228418|449078|1896|4275348|3|1808|17|4|7|327|3|72.35|5.79|78.14|15.00|7.23|57.88|7.23|7.23|15.00|
2451144|34795|465|11357521|1599997|1992|5770498|11357521|1599997|1992|5770498|4|11034|15|4|15|328|2|25.41|2.03|27.44|15.00|2.54|20.33|2.54|2.54|15.00|
2451492|71182|12779|793939|186671|3372|5821054|793939|186671|3372|5821054|1|7215|20|5|34|328|3|53.23|4.26|57.49|15.00|5.32|42.58|5.32|5.32|15.00|
2451273|49444|1050|3730507|1911556|1824|5601016|3730507|1911556|1824|5601016|3|3237|6|2|3|329|9|57.84|4.63|62.47|15.00|5.78|46.27|5.78|5.78|15.00|
2451471|76433|1895|9820325|379052|719|1844519|9820325|379052|719|1844519|2|1149|18|4|4|329|10|93.72|7.50|101.22|15.00|9.37|74.98|9.37|9.37|15.00|
2450863|21777|2725|11285628|496896|2402|5682865|11285628|496896|2402|5682865|2|4975|2|5|30|330|2|91.06|7.28|98.34|15.00|9.11|72.85|9.11|9.11|15.00|
2451362|23686|756|10023216|312639|6017|1298803|10023216|312639|6017|1298803|4|6926|7|2|11|330|9|30.19|2.42|32.61|15.00|3.02|24.15|3.02|3.02|15.00|
2450929|75921|3866|4011991|964142|1763|4365085|4011991|964142|1763|4365085|4|7776|9|2|5|331|10|33.28|2.66|35.94|15.00|3.33|26.62|3.33|3.33|15.00|
2451498|80447|14644|10401266|191064|3693|365592|10401266|191064|3693|365592|3|8066|20|4|4|331|6|50.71|4.06|54.77|15.00|5.07|40.57|5.07|5.07|15.00|
2451178|33077|17913|10064164|760576|6483|69585|10064164|760576|6483|69585|4|8662|15|2|30|332|8|4.51|0.36|4.87|15.00|0.45|3.61|0.45|0.45|15.00|
2451376|20606|2749|721763|1472503|5982|1039698|721763|1472503|5982|1039698|4|11487|1|5|3|332|3|98.67|7.89|106.56|15.00|9.87|78.94|9.87|9.87|15.00|
2451331|62754|1759|3682279|1866599|3541|42076|3682279|1866599|3541|42076|1|186|3|1|27|333|10|32.00|2.56|34.56|15.00|3.20|25.60|3.20|3.20|15.00|
2450855|22944|877|3301890|1221698|776|5774506|3301890|1221698|776|5774506|3|3791|15|1|2|333|5|35.42|2.83|38.25|15.00|3.54|28.34|3.54|3.54|15.00|
2450905|18313|802|11725320|1649598|358|4235281|11725320|1649598|358|4235281|3|7976|8|3|18|334|8|11.09|0.89|11.98|15.00|1.11|8.87|1.11|1.11|15.00|
2451497|67467|10623|1431916|1037661|1162|2773462|1431916|1037661|1162|2773462|4|5504|3|3|22|334|8|51.01|4.08|55.09|15.00|5.10|40.81|5.10|5.10|15.00|
2451058|51884|13035|4789831|952550|3278|1930991|4789831|952550|3278|1930991|1|6515|9|1|12|335|2|60.47|4.84|65.31|15.00|6.05|48.38|6.05|6.05|15.00|
2451169|60600|15184|8230625|1401908|3159|1256847|8230625|1401908|3159|1256847|2|1318|2|2|15|335|8|96.89|7.75|104.64|15.00|9.69|77.51|9.69|9.69|15.00|
2450863|46264|12144|4913669|1045293|5258|20929|4913669|1045293|5258|20929|1|3475|7|2|33|336|8|11.49|0.92|12.41|15.00|1.15|9.19|1.15|1.15|15.00|
2451019|31397|10994|4615725|1745619|4121|580473|4615725|1745619|4121|580473|5|9805|8|3|25|336|9|58.83|4.71|63.54|15.00|5.88|47.06|5.88|5.88|15.00|
2450870|38801|5876|10502282|1404833|2676|2757906|10502282|1404833|2676|2757906|4|6830|16|3|35|337|3|5.52|0.44|5.96|15.00|0.55|4.42|0.55|0.55|15.00|
2451415|71882|12941|3637245|1506340|1047|322853|3637245|1506340|1047|322853|1|9538|3|1|28|337|8|76.93|6.15|83.08|15.00|7.69|61.54|7.69|7.69|15.00|
2451157|76832|9801|6040141|1909775|2346|3016830|6040141|1909775|2346|3016830|5|9330|5|3|25|338|1|35.58|2.85|38.43|15.00|3.56|28.46|3.56|3.56|15.00|
2450824|85083|12010|6195810|1372159|2501|5574542|6195810|1372159|2501|5574542|5|2450|5|5|24|338|6|16.31|1.30|17.61|15.00|1.63|13.05|1.63|1.63|15.00|
2451166|17453|10105|1851382|1447315|518|2892898|1851382|1447315|518|2892898|1|3127|9|5|10|339|5|16.19|1.30|17.49|15.00|1.62|12.95|1.62|1.62|15.00|
2450944|4580|8486|4317180|157616|4877|3327646|4317180|157616|4877|3327646|4|8763|8|3|3|339|10|6.56|0.52|7.08|15.00|0.66|5.25|0.66|0.66|15.00|
2450835|19843|3070|4707556|765316|4142|1270950|4707556|765316|4142|1270950|5|11448|11|4|12|340|1|91.72|7.34|99.06|15.00|9.17|73.38|9.17|9.17|15.00|
2451225|57920|6825|8139046|1241043|1616|439824|8139046|1241043|1616|439824|4|10677|20|4|17|340|1|95.45|7.64|103.09|15.00|9.54|76.36|9.54|9.54|15.00|
2451232|7936|12569|312583|1096589|5975|2426143|312583|1096589|5975|2426143|5|1917|8|2|19|341|1|15.14|1.21|16.35|15.00|1.51|12.11|1.51|1.51|15.00|
2450911|67742|5651|8206388|1140726|4771|2548341|8206388|1140726|4771|2548341|5|9188|8|3|33|341|7|83.80|6.70|90.50|15.00|8.38|67.04|8.38|8.38|15.00|
2451277|66878|13817|6679264|1365426|144|262428|6679264|1365426|144|262428|4|4858|9|4|5|342|9|91.23|7.30|98.53|15.00|9.12|72.98|9.12|9.12|15.00|
2450985|78472|1090|9307781|361852|3772|5844175|9307781|361852|3772|5844175|5|10345|14|4|13|342|3|2.27|0.18|2.45|15.00|0.23|1.82|0.23|0.23|15.00|
2451481|10725|514|7399013|758382|5740|2344324|7399013|758382|5740|2344324|2|1682|19|4|22|343|3|86.28|6.90|93.18|15.00|8.63|69.02|8.63|8.63|15.00|
2451171|27763|371|7560017|1544427|5184|876261|7560017|1544427|5184|876261|2|9009|13|5|8|343|8|15.50|1.24|16.74|15.00|1.55|12.40|1.55|1.55|15.00|
2451226|73134|6630|6313988|1920082|7043|4136129|6313988|1920082|7043|4136129|5|4527|18|5|26|344|5|9.87|0.79|10.66|15.00|0.99|7.90|0.99|0.99|15.00|
2451215|60788|15575|11064520|1819001|4493|2611343|11064520|1819001|4493|2611343|4|829|19|3|16|344|4|15.57|1.25|16.82|15.00|1.56|12.46|1.56|1.56|15.00|
2450929|13509|5007|6888223|984306|413|1069348|6888223|984306|413|1069348|3|3897|1|1|4|345|10|36.90|2.95|39.85|15.00|3.69|29.52|3.69|3.69|15.00|
2451307|38755|12965|5129820|1774063|3614|5379267|5129820|1774063|3614|5379267|3|4209|17|2|33|345|6|50.20|4.02|54.22|15.00|5.02|40.16|5.02|5.02|15.00|
2451390|78455|11384|5824839|872944|3428|2589206|5824839|872944|3428|2589206|3|1019|14|3|13|346|5|19.28|1.54|20.82|15.00|1.93|15.42|1.93|1.93|15.00|
2451520|6999|14887|11993503|343377|653|758507|11993503|343377|653|758507|2|6855|17|4|27|346|8|12.54|1.00|13.54|15.00|1.25|10.03|1.25|1.25|15.00|
2451113|2619|17834|5971194|400469|7021|1277748|5971194|400469|7021|1277748|4|1671|13|1|8|347|6|80.54|6.44|86.98|15.00|8.05|64.43|8.05|8.05|15.00|
2450936|12176|15296|6049800|1260827|2419|3990401|6049800|1260827|2419|3990401|5|1989|5|1|16|347|5|82.01|6.56|88.57|15.00|8.20|65.61|8.20|8.20|15.00|
2451529|32667|17167|8771736|128328|3419|5452669|8771736|128328|3419|5452669|1|2918|2|2|16|348|5|6.41|0.51|6.92|15.00|0.64|5.13|0.64|0.64|15.00|
2451474|57210|7114|11452687|83649|797|5344540|11452687|83649|797|5344540|6|9301|5|1|17|348|10|64.00|5.12|69.12|15.00|6.40|51.20|6.40|6.40|15.00|
2450942|16321|9816|8755125|299644|1795|1082249|8755125|299644|1795|1082249|2|9840|13|5|7|349|4|26.13|2.09|28.22|15.00|2.61|20.90|2.61|2.61|15.00|
2450953|22856|17171|1576445|1436007|2125|3143122|1576445|1436007|2125|3143122|6|2233|1|1|23|349|6|86.75|6.94|93.69|15.00|8.68|69.40|8.68|8.68|15.00|
2451102|63624|15394|73125|731640|5816|1123951|73125|731640|5816|1123951|1|600|8|2|27|350|7|50.75|4.06|54.81|15.00|5.08|40.60|5.08|5.08|15.00|
2450996|70453|10894|7175095|607407|5345|4564596|7175095|607407|5345|4564596|1|6911|12|4|28|350|6|15.00|1.20|16.20|15.00|1.50|12.00|1.50|1.50|15.00|
2451080|22488|13729|4168891|975755|3834|147761|4168891|975755|3834|147761|5|5505|9|1|34|351|4|6.49|0.52|7.01|15.00|0.65|5.19|0.65|0.65|15.00|
2450832|80880|5467|5639470|1670937|1745|379106|5639470|1670937|1745|379106|3|4378|10|4|21|351|10|67.00|5.36|72.36|15.00|6.70|53.60|6.70|6.70|15.00|
2451357|30189|16761|5533321|728548|376|5909879|5533321|728548|376|5909879|3|8314|18|1|7|352|10|8.00|0.64|8.64|15.00|0.80|6.40|0.80|0.80|15.00|
2450955|80593|2744|10293530|515908|6346|5096093|10293530|515908|6346|5096093|5|3752|17|2|20|352|6|24.31|1.94|26.25|15.00|2.43|19.45|2.43|2.43|15.00|
2451044|84501|15431|10326624|1590957|311|2337624|10326624|1590957|311|2337624|1|5750|16|1|1|353|5|95.12|7.61|102.73|15.00|9.51|76.10|9.51|9.51|15.00|
2451528|80931|4821|6307768|531996|5288|4197815|6307768|531996|5288|4197815|2|4468|6|3|6|353|8|57.50|4.60|62.10|15.00|5.75|46.00|5.75|5.75|15.00|
2451189|31937|12817|8210144|566928|3346|4525547|8210144|566928|3346|4525547|2|5761|17|1|16|354|8|78.12|6.25|84.37|15.00|7.81|62.50|7.81|7.81|15.00|
2451204|43676|17054|75977|1826919|4412|3042264|75977|1826919|4412|3042264|4|6573|17|3|27|354|4|65.80|5.26|71.06|15.00|6.58|52.64|6.58|6.58|15.00|
2450957|28991|3270|3775036|554620|1490|5566188|3775036|554620|1490|5566188|1|803|2|2|35|355|2|90.62|7.25|97.87|15.00|9.06|72.50|9.06|9.06|15.00|
2450969|32247|15656|8311947|64045|4336|1770134|8311947|64045|4336|1770134|3|2777|13|2|34|355|1|62.41|4.99|67.40|15.00|6.24|49.93|6.24|6.24|15.00|
2451533|25204|12429|2702268|760519|1778|3605797|2702268|760519|1778|3605797|6|8574|7|4|24|356|9|6.08|0.49|6.57|15.00|0.61|4.86|0.61|0.61|15.00|
2450848|19812|8569|10810122|1196916|3273|320692|10810122|1196916|3273|320692|5|8399|15|2|1|356|7|31.89|2.55|34.44|15.00|3.19|25.51|3.19|3.19|15.00|
2451216|13275|3911|9587158|78881|5440|5309055|9587158|78881|5440|5309055|2|2483|16|3|31|357|8|50.59|4.05|54.64|15.00|5.06|40.47|5.06|5.06|15.00|
2451400|33576|8947|5558491|625131|4964|3942019|5558491|625131|4964|3942019|5|7167|19|4|26|357|3|65.73|5.26|70.99|15.00|6.57|52.58|6.57|6.57|15.00|
2451342|83534|4574|7827396|168268|2598|1813239|7827396|168268|2598|1813239|6|505|13|5|23|358|4|9.12|0.73|9.85|15.00|0.91|7.30|0.91|0.91|15.00|
2451482|42943|5817|2616420|482007|1614|2755603|2616420|482007|1614|2755603|6|2320|20|1|10|358|8|17.31|1.38|18.69|15.00|1.73|13.85|1.73|1.73|15.00|
2451467|54402|13797|7030595|1496987|1764|5882096|7030595|1496987|1764|5882096|3|1755|2|2|16|359|6|98.58|7.89|106.47|15.00|9.86|78.86|9.86|9.86|15.00|
2450969|66150|17313|3117943|1574853|797|4273509|3117943|1574853|797|4273509|3|1481|9|1|32|359|4|42.27|3.38|45.65|15.00|4.23|33.82|4.23|4.23|15.00|
2451320|35445|3400|8760023|253312|4087|5600560|8760023|253312|4087|5600560|6|5982|13|1|4|360|8|85.50|6.84|92.34|15.00|8.55|68.40|8.55|8.55|15.00|
2451276|37569|17720|11229286|871999|6177|241306|11229286|871999|6177|241306|2|4586|16|5|22|360|8|35.37|2.83|38.20|15.00|3.54|28.30|3.54|3.54|15.00|
2451158|5995|14501|7500542|425399|2372|3854382|7500542|425399|2372|3854382|2|10547|14|1|29|361|4|93.45|7.48|100.93|15.00|9.35|74.76|9.35|9.35|15.00|
2451154|24134|14848|1431058|574255|5260|2807345|1431058|574255|5260|2807345|2|2664|9|5|27|361|9|21.13|1.69|22.82|15.00|2.11|16.90|2.11|2.11|15.00|
2450892|76046|15352|1462017|1729751|2920|1705873|1462017|1729751|2920|1705873|6|4632|19|1|29|362|9|65.22|5.22|70.44|15.00|6.52|52.18|6.52|6.52|15.00|
2451483|71838|8955|7419197|565251|4234|5621521|7419197|565251|4234|5621521|3|7727|19|3|32|362|2|40.38|3.23|43.61|15.00|4.04|32.30|4.04|4.04|15.00|
2451018|68285|5974|5666961|1094317|6253|5911255|5666961|1094317|6253|5911255|4|3641|6|4|13|363|2|35.05|2.80|37.85|15.00|3.50|28.04|3.50|3.50|15.00|
2451331|18146|13595|9373142|692399|2670|524229|9373142|692399|2670|524229|2|4330|3|4|22|363|3|27.75|2.22|29.97|15.00|2.78|22.20|2.78|2.78|15.00|
2451046|11563|9509|4701590|61775|3437|4541038|4701590|61775|3437|4541038|6|8540|5|4|30|364|10|74.15|5.93|80.08|15.00|7.42|59.32|7.42|7.42|15.00|
2451254|45898|17260|8094188|588609|5602|4314059|8094188|588609|5602|4314059|3|6664|3|2|26|364|7|80.46|6.44|86.90|15.00|8.05|64.37|8.05|8.05|15.00|
2451196|50291|4186|6625210|1229900|3159|58827|6625210|1229900|3159|58827|2|6843|2|2|23|365|6|21.96|1.76|23.72|15.00|2.20|17.57|2.20|2.20|15.00|
2451417|1719|1776|10837406|1915726|6042|4616928|10837406|1915726|6042|4616928|6|9658|10|5|18|365|6|4.45|0.36|4.81|15.00|0.45|3.56|0.45|0.45|15.00|
2451002|53043|223|3130331|1201427|3178|5607397|3130331|1201427|3178|5607397|5|699|2|4|18|366|8|29.46|2.36|31.82|15.00|2.95|23.57|2.95|2.95|15.00|
2451168|75043|1738|4484158|991320|7133|3918299|4484158|991320|7133|3918299|5|2740|16|1|30|366|10|69.75|5.58|75.33|15.00|6.98|55.80|6.98|6.98|15.00|
2451122|82968|4927|4856860|397716|3550|5214967|4856860|397716|3550|5214967|5|6407|9|2|12|367|3|45.88|3.67|49.55|15.00|4.59|36.70|4.59|4.59|15.00|
2451033|65798|1362|3245040|1436629|4348|2628629|3245040|1436629|4348|2628629|2|2241|9|1|5|367|7|53.05|4.24|57.29|15.00|5.30|42.44|5.30|5.30|15.00|
2451001|62684|2142|8062524|587602|2890|4830264|8062524|587602|2890|4830264|4|5984|13|3|31|368|4|44.19|3.54|47.73|15.00|4.42|35.35|4.42|4.42|15.00|
2451536|77177|13214|5455800|1344404|2208|3892352|5455800|1344404|2208|3892352|5|2509|17|2|7|368|6|93.60|7.49|101.09|15.00|9.36|74.88|9.36|9.36|15.00|
2451116|80977|13495|986866|351128|1187|1043472|986866|351128|1187|1043472|6|2462|2|3|17|369|9|66.94|5.36|72.30|15.00|6.69|53.55|6.69|6.69|15.00|
2451353|43008|11407|2998175|443060|5696|943581|2998175|443060|5696|943581|3|9382|1|1|22|369|8|84.12|6.73|90.85|15.00|8.41|67.30|8.41|8.41|15.00|
2451337|76169|11390|5152942|566936|5313|2386854|5152942|566936|5313|2386854|2|818|15|1|1|370|5|17.78|1.42|19.20|15.00|1.78|14.22|1.78|1.78|15.00|
2451138|48718|11472|8190253|184455|1811|5766328|8190253|184455|1811|5766328|3|7703|16|4|9|370|10|61.87|4.95|66.82|15.00|6.19|49.50|6.19|6.19|15.00|
2451537|27467|17532|1925148|331622|554|2061811|1925148|331622|554|2061811|2|8977|15|3|2|371|10|63.62|5.09|68.71|15.00|6.36|50.90|6.36|6.36|15.00|
2451098|55187|5533|6918125|1013777|2138|4794851|6918125|1013777|2138|4794851|3|8109|4|4|8|371|6|4.05|0.32|4.37|15.00|0.41|3.24|0.41|0.41|15.00|
2451258|44739|6424|2953960|1376210|2129|4248692|2953960|1376210|2129|4248692|2|321|13|3|30|372|6|60.79|4.86|65.65|15.00|6.08|48.63|6.08|6.08|15.00|
2451128|65538|16606|11083704|709398|3679|1559922|11083704|709398|3679|1559922|5|10176|6|3|2|372|2|93.44|7.48|100.92|15.00|9.34|74.75|9.34|9.34|15.00|
2451471|56923|8964|3178138|489011|1987|3857814|3178138|489011|1987|3857814|6|7760|18|4|2|373|7|64.23|5.14|69.37|15.00|6.42|51.38|6.42|6.42|15.00|
2451195|48240|5649|3153560|1912925|3365|710683|3153560|1912925|3365|710683|1|3787|18|5|14|373|1|86.07|6.89|92.96|15.00|8.61|68.86|8.61|8.61|15.00|
2450970|57482|12469|6079397|76229|3210|2220495|6079397|76229|3210|2220495|1|6769|5|3|30|374|6|10.02|0.80|10.82|15.00|1.00|8.02|1.00|1.00|15.00|
2450977|20907|14334|2559728|1556357|3748|2469541|2559728|1556357|3748|2469541|6|5165|12|4|4|374|7|91.68|7.33|99.01|15.00|9.17|73.34|9.17|9.17|15.00|
2451102|57284|14519|242570|645059|2328|4683932|242570|645059|2328|4683932|1|8397|6|5|16|375|7|40.04|3.20|43.24|15.00|4.00|32.03|4.00|4.00|15.00|
2450902|21375|3769|1696398|1609790|3183|4829624|1696398|1609790|3183|4829624|6|6230|8|3|35|375|9|5.65|0.45|6.10|15.00|0.57|4.52|0.57|0.57|15.00|
2451420|74972|1872|5450023|248416|4175|4728656|5450023|248416|4175|4728656|6|10564|9|3|16|376|2|34.33|2.75|37.08|15.00|3.43|27.46|3.43|3.43|15.00|
2451508|20197|8316|3213961|1626111|1119|4038836|3213961|1626111|1119|4038836|2|2313|9|1|30|376|4|97.02|7.76|104.78|15.00|9.70|77.62|9.70|9.70|15.00|
2451161|30279|3748|367012|1528548|1237|4431443|367012|1528548|1237|4431443|3|2745|15|5|4|377|6|93.94|7.52|101.46|15.00|9.39|75.15|9.39|9.39|15.00|
2451176|52892|17558|487218|1591554|2462|4388026|487218|1591554|2462|4388026|2|11718|1|5|19|377|1|21.51|1.72|23.23|15.00|2.15|17.21|2.15|2.15|15.00|
2451077|73982|7834|6861074|727668|2185|614189|6861074|727668|2185|614189|5|5081|12|2|7|378|3|26.30|2.10|28.40|15.00|2.63|21.04|2.63|2.63|15.00|
2451045|75979|10203|9844676|726748|3388|2863612|9844676|726748|3388|2863612|5|7327|9|2|29|378|10|89.79|7.18|96.97|15.00|8.98|71.83|8.98|8.98|15.00|
2451215|34068|9992|7343065|1597436|4478|2781642|7343065|1597436|4478|2781642|3|5659|11|3|34|379|5|0.39|0.03|0.42|15.00|0.04|0.31|0.04|0.04|15.00|
2451252|46134|13844|438906|998306|1974|2125339|438906|998306|1974|2125339|6|2519|20|1|24|379|10|79.37|6.35|85.72|15.00|7.94|63.50|7.94|7.94|15.00|
2451443|31792|9090|11442204|614215|2770|5633595|11442204|614215|2770|5633595|1|7296|5|3|13|380|5|64.79|5.18|69.97|15.00|6.48|51.83|6.48|6.48|15.00|
2450968|72445|3405|243331|1063950|2794|5871985|243331|1063950|2794|5871985|4|7515|8|3|12|380|7|40.24|3.22|43.46|15.00|4.02|32.19|4.02|4.02|15.00|
2451468|5616|12081|11062738|286806|6040|3950028|11062738|286806|6040|3950028|6|3081|1|3|25|381|5|99.70|7.98|107.68|15.00|9.97|79.76|9.97|9.97|15.00|
2451428|46563|10688|5302282|96224|662|34158|5302282|96224|662|34158|6|4176|11|4|21|381|4|72.95|5.84|78.79|15.00|7.30|58.36|7.30|7.30|15.00|
2450866|3861|12642|6747548|1018610|4087|2119799|6747548|1018610|4087|2119799|5|10026|2|4|10|382|1|72.68|5.81|78.49|15.00|7.27|58.14|7.27|7.27|15.00|
2450933|80331|10624|6136367|1773409|3598|5029845|6136367|1773409|3598|5029845|1|1039|7|5|4|382|9|99.99|8.00|107.99|15.00|10.00|79.99|10.00|10.00|15.00|
2451149|56616|8812|2118001|1621802|3242|4479624|2118001|1621802|3242|4479624|4|5345|20|1|27|383|2|63.10|5.05|68.15|15.00|6.31|50.48|6.31|6.31|15.00|
2451408|42304|3028|10180918|1643840|4099|3091959|10180918|1643840|4099|3091959|5|344|20|5|2|383|1|46.32|3.71|50.03|15.00|4.63|37.06|4.63|4.63|15.00|
2450871|24802|2384|9582776|1822597|2365|4104310|9582776|1822597|2365|4104310|3|6544|8|1|16|384|3|43.58|3.49|47.07|15.00|4.36|34.86|4.36|4.36|15.00|
2451121|62097|6786|9523914|1768837|3444|2649495|9523914|1768837|3444|2649495|5|6336|3|5|34|384|9|98.28|7.86|106.14|15.00|9.83|78.62|9.83|9.83|15.00|
2451172|34810|8238|11489846|1130956|3123|5953952|11489846|1130956|3123|5953952|2|10232|18|4|33|385|7|86.17|6.89|93.06|15.00|8.62|68.94|8.62|8.62|15.00|
2450874|7559|1120|4586900|1357370|3815|4344426|4586900|1357370|3815|4344426|5|7353|20|2|6|385|4|31.12|2.49|33.61|15.00|3.11|24.90|3.11|3.11|15.00|
2451536|66051|6068|800999|37185|7090|3807045|800999|37185|7090|3807045|4|162|17|1|13|386|5|7.90|0.63|8.53|15.00|0.79|6.32|0.79|0.79|15.00|
2451150|55241|11537|11620302|1328313|4655|1136241|11620302|1328313|4655|1136241|1|7618|19|1|34|386|3|70.76|5.66|76.42|15.00|7.08|56.61|7.08|7.08|15.00|
2451076|66864|7013|994111|548557|6028|2117170|994111|548557|6028|2117170|3|4931|12|1|34|387|6|33.34|2.67|36.01|15.00|3.33|26.67|3.33|3.33|15.00|
2451038|72458|15157|2390147|833657|6127|5410726|2390147|833657|6127|5410726|6|1415|12|3|11|387|9|8.61|0.69|9.30|15.00|0.86|6.89|0.86|0.86|15.00|
2451268|81537|9380|9934745|178735|2598|1452721|9934745|178735|2598|1452721|1|9525|16|2|4|388|7|10.27|0.82|11.09|15.00|1.03|8.22|1.03|1.03|15.00|
2451192|27705|6579|1379248|1704012|6861|5527906|1379248|1704012|6861|5527906|3|9960|1|2|22|388|6|30.01|2.40|32.41|15.00|3.00|24.01|3.00|3.00|15.00|
2450892|58839|2135|7111134|1101098|2535|2723401|7111134|1101098|2535|2723401|6|1878|3|5|33|389|9|76.06|6.08|82.14|15.00|7.61|60.85|7.61|7.61|15.00|
2450880|85365|10428|4857839|749816|6436|3136079|4857839|749816|6436|3136079|5|482|19|4|13|389|8|95.39|7.63|103.02|15.00|9.54|76.31|9.54|9.54|15.00|
2450912|77991|2991|3106628|864030|1944|3339693|3106628|864030|1944|3339693|5|9679|12|4|33|390|2|65.53|5.24|70.77|15.00|6.55|52.42|6.55|6.55|15.00|
2451279|42740|15125|10362955|826263|5185|665519|10362955|826263|5185|665519|3|285|8|5|14|390|9|28.70|2.30|31.00|15.00|2.87|22.96|2.87|2.87|15.00|
2451404|60444|16793|4951334|1427242|224|4971380|4951334|1427242|224|4971380|4|9909|19|5|10|391|5|46.84|3.75|50.59|15.00|4.68|37.47|4.68|4.68|15.00|
2451445|48383|6138|10347358|1906846|387|4717465|10347358|1906846|387|4717465|1|10891|10|1|6|391|7|23.18|1.85|25.03|15.00|2.32|18.54|2.32|2.32|15.00|
2450950|44379|9429|2493635|1236871|2523|2247988|2493635|1236871|2523|2247988|4|878|10|3|28|392|10|59.41|4.75|64.16|15.00|5.94|47.53|5.94|5.94|15.00|
2450910|79824|17526|4626511|437454|4043|4232667|4626511|437454|4043|4232667|4|9115|5|5|28|392|1|24.29|1.94|26.23|15.00|2.43|19.43|2.43|2.43|15.00|
2451240|25373|11441|6177145|1296941|2317|2315498|6177145|1296941|2317|2315498|5|3652|4|3|32|393|2|21.01|1.68|22.69|15.00|2.10|16.81|2.10|2.10|15.00|
2451050|59239|17949|11624086|439293|2844|5862173|11624086|439293|2844|5862173|4|2983|5|4|20|393|10|90.22|7.22|97.44|15.00|9.02|72.18|9.02|9.02|15.00|
2451531|7907|1389|8640118|1304525|6267|5804298|8640118|1304525|6267|5804298|5|3921|4|3|16|394|2|7.73|0.62|8.35|15.00|0.77|6.18|0.77|0.77|15.00|
2451198|26830|6419|3324578|1904178|5374|4120753|3324578|1904178|5374|4120753|3|9276|8|5|27|394|1|24.34|1.95|26.29|15.00|2.43|19.47|2.43|2.43|15.00|
2450843|61628|2400|3040086|1075219|4866|2364010|3040086|1075219|4866|2364010|6|6589|17|5|2|395|1|40.81|3.26|44.07|15.00|4.08|32.65|4.08|4.08|15.00|
2451159|72302|15643|2051912|298525|5929|3229796|2051912|298525|5929|3229796|5|3271|9|3|2|395|1|33.63|2.69|36.32|15.00|3.36|26.90|3.36|3.36|15.00|
2451492|62210|15916|3700497|1088593|3527|1454898|3700497|1088593|3527|1454898|5|3125|6|2|18|396|2|24.86|1.99|26.85|15.00|2.49|19.89|2.49|2.49|15.00|
2451384|30902|7903|4645349|486774|430|5863561|4645349|486774|430|5863561|5|744|11|1|8|396|6|40.92|3.27|44.19|15.00|4.09|32.74|4.09|4.09|15.00|
2451180|62062|1313|425922|157911|4324|1653463|425922|157911|4324|1653463|4|10237|18|5|8|397|7|73.78|5.90|79.68|15.00|7.38|59.02|7.38|7.38|15.00|
2451478|64332|8411|11107121|1509522|4454|2264634|11107121|1509522|4454|2264634|6|11126|8|5|23|397|9|45.27|3.62|48.89|15.00|4.53|36.22|4.53|4.53|15.00|
2450875|46033|673|3687718|246009|3649|3488377|3687718|246009|3649|3488377|5|11475|1|4|24|398|8|34.51|2.76|37.27|15.00|3.45|27.61|3.45|3.45|15.00|
2451542|42791|943|4714795|1628931|4522|2365281|4714795|1628931|4522|2365281|5|1142|14|2|6|398|4|35.59|2.85|38.44|15.00|3.56|28.47|3.56|3.56|15.00|
2451160|68277|7189|9086243|122514|4971|1376852|9086243|122514|4971|1376852|1|11386|14|2|32|399|9|50.90|4.07|54.97|15.00|5.09|40.72|5.09|5.09|15.00|
2451319|5494|2830|8070350|1036371|6581|876722|8070350|1036371|6581|876722|1|10096|18|2|24|399|3|37.73|3.02|40.75|15.00|3.77|30.18|3.77|3.77|15.00|
2451331|73047|13096|2104837|45981|5162|110885|2104837|45981|5162|110885|3|10130|12|3|26|400|1|13.96|1.12|15.08|15.00|1.40|11.17|1.40|1.40|15.00|
2450906|55505|14502|8167817|944408|1200|1261739|8167817|944408|1200|1261739|1|4160|1|1|23|400|7|78.22|6.26|84.48|15.00|7.82|62.58|7.82|7.82|15.00|
2451067|8482|2209|4743466|1909044|5073|2321972|4743466|1909044|5073|2321972|6|4854|3|2|34|401|7|94.05|7.52|101.57|15.00|9.40|75.24|9.40|9.40|15.00|
2451288|5735|3700|8700613|529354|414|3170463|8700613|529354|414|3170463|5|9409|4|2|18|401|8|43.13|3.45|46.58|15.00|4.31|34.50|4.31|4.31|15.00|
2451141|29495|10288|5107744|1502168|4694|3189187|5107744|1502168|4694|3189187|4|7688|7|2|25|402|10|90.72|7.26|97.98|15.00|9.07|72.58|9.07|9.07|15.00|
2451260|62158|16099|11652361|413237|3844|5390399|11652361|413237|3844|5390399|3|124|6|5|31|402|4|22.89|1.83|24.72|15.00|2.29|18.31|2.29|2.29|15.00|
2451111|73214|8150|4798462|525813|4567|3525866|4798462|525813|4567|3525866|6|3609|13|4|7|403|1|93.75|7.50|101.25|15.00|9.38|75.00|9.38|9.38|15.00|
2451028|37984|8226|1182448|126087|130|1679684|1182448|126087|130|1679684|2|5653|19|4|16|403|8|9.86|0.79|10.65|15.00|0.99|7.89|0.99|0.99|15.00|
2451269|81561|3675|3411094|589180|612|4075905|3411094|589180|612|4075905|6|8428|19|5|20|404|3|73.78|5.90|79.68|15.00|7.38|59.02|7.38|7.38|15.00|
2451432|46171|16513|10572136|1591121|557|1559804|10572136|1591121|557|1559804|2|1928|14|2|17|404|5|64.56|5.16|69.72|15.00|6.46|51.65|6.46|6.46|15.00|
2451483|57574|10975|3480879|1439563|2854|649539|3480879|1439563|2854|649539|3|115|15|3|33|405|2|5.80|0.46|6.26|15.00|0.58|4.64|0.58|0.58|15.00|
2451085|85469|13087|8187761|1173864|549|1644919|8187761|1173864|549|1644919|6|1468|5|4|23|405|7|34.07|2.73|36.80|15.00|3.41|27.26|3.41|3.41|15.00|
2451283|9272|9091|10141234|482212|2539|1344584|10141234|482212|2539|1344584|4|981|12|2|34|406|8|51.13|4.09|55.22|15.00|5.11|40.90|5.11|5.11|15.00|
2450849|84762|2104|4491589|177117|7043|544855|4491589|177117|7043|544855|4|6731|1|2|19|406|3|67.87|5.43|73.30|15.00|6.79|54.30|6.79|6.79|15.00|
2451307|1387|5293|458818|838251|4646|2254539|458818|838251|4646|2254539|1|10603|12|3|32|407|10|73.31|5.86|79.17|15.00|7.33|58.65|7.33|7.33|15.00|
2451141|33723|10865|82807|912642|132|651917|82807|912642|132|651917|5|7984|20|4|1|407|4|90.41|7.23|97.64|15.00|9.04|72.33|9.04|9.04|15.00|
2451077|59830|5793|5902790|75803|6645|3131956|5902790|75803|6645|3131956|6|3269|2|3|28|408|10|58.26|4.66|62.92|15.00|5.83|46.61|5.83|5.83|15.00|
2451447|17886|17375|6295617|67314|3224|1040657|6295617|67314|3224|1040657|3|1293|10|1|10|408|2|65.23|5.22|70.45|15.00|6.52|52.18|6.52|6.52|15.00|
2450896|5439|5457|4970729|1503952|4350|5463700|4970729|1503952|4350|5463700|4|2542|8|2|15|409|3|44.63|3.57|48.20|15.00|4.46|35.70|4.46|4.46|15.00|
2451335|3165|17680|6615432|804307|463|5070628|6615432|804307|463|5070628|3|240|6|1|8|409|4|60.93|4.87|65.80|15.00|6.09|48.74|6.09|6.09|15.00|
2451180|58095|16779|10458405|884480|1055|2419771|10458405|884480|1055|2419771|2|7821|17|4|9|410|5|14.43|1.15|15.58|15.00|1.44|11.54|1.44|1.44|15.00|
2451476|1857|14389|905484|134353|6263|2011208|905484|134353|6263|2011208|5|6786|20|2|11|410|6|93.48|7.48|100.96|15.00|9.35|74.78|9.35|9.35|15.00|
2450922|31562|11182|1058991|1268393|2372|3067390|1058991|1268393|2372|3067390|5|2456|8|4|27|411|8|66.22|5.30|71.52|15.00|6.62|52.98|6.62|6.62|15.00|
2450969|29063|6724|1916757|337936|5057|1381939|1916757|337936|5057|1381939|1|802|7|3|33|411|8|51.73|4.14|55.87|15.00|5.17|41.38|5.17|5.17|15.00|
2451437|24424|16799|4132344|645684|3765|1908922|4132344|645684|3765|1908922|6|3669|17|2|1|412|3|91.62|7.33|98.95|15.00|9.16|73.30|9.16|9.16|15.00|
2450992|64826|9126|2676591|505073|5535|144409|2676591|505073|5535|144409|4|2326|18|5|9|412|4|92.81|7.42|100.23|15.00|9.28|74.25|9.28|9.28|15.00|
2451077|67176|45|5169287|870671|6560|2433102|5169287|870671|6560|2433102|3|3637|14|2|8|413|7|21.68|1.73|23.41|15.00|2.17|17.34|2.17|2.17|15.00|
2451083|14166|6003|1680595|948542|3367|2527785|1680595|948542|3367|2527785|3|9336|9|2|6|413|3|18.87|1.51|20.38|15.00|1.89|15.10|1.89|1.89|15.00|
2451202|77866|1197|10402316|1290999|6804|5526904|10402316|1290999|6804|5526904|6|11625|18|4|35|414|10|66.45|5.32|71.77|15.00|6.65|53.16|6.65|6.65|15.00|
2450871|71365|2300|420423|1038280|2982|786480|420423|1038280|2982|786480|4|9932|15|2|26|414|9|20.25|1.62|21.87|15.00|2.02|16.20|2.02|2.02|15.00|
2451183|39628|5585|10683385|445938|6572|3060428|10683385|445938|6572|3060428|2|1246|4|1|35|415|5|91.64|7.33|98.97|15.00|9.16|73.31|9.16|9.16|15.00|
2450877|30055|10063|9275477|1411172|6115|2636877|9275477|1411172|6115|2636877|1|2558|13|1|14|415|6|10.96|0.88|11.84|15.00|1.10|8.77|1.10|1.10|15.00|
2451215|57801|516|5117442|179801|1545|2077095|5117442|179801|1545|2077095|2|6244|15|2|35|416|5|42.08|3.37|45.45|15.00|4.21|33.66|4.21|4.21|15.00|
2450830|72941|6488|2177000|1159280|6369|2276723|2177000|1159280|6369|2276723|1|9619|4|3|10|416|10|3.90|0.31|4.21|15.00|0.39|3.12|0.39|0.39|15.00|
2451306|25382|1090|6941981|1130976|2835|462991|6941981|1130976|2835|462991|4|7884|4|2|27|417|2|13.17|1.05|14.22|15.00|1.32|10.54|1.32|1.32|15.00|
2451040|1040|16782|3181169|1057637|2497|492958|3181169|1057637|2497|492958|1|5188|19|5|8|417|8|50.00|4.00|54.00|15.00|5.00|40.00|5.00|5.00|15.00|
2451520|15859|13275|2341161|876059|2763|5239730|2341161|876059|2763|5239730|4|9215|16|5|30|418|2|19.27|1.54|20.81|15.00|1.93|15.42|1.93|1.93|15.00|
2451028|32232|17288|10130081|342126|2284|3786189|10130081|342126|2284|3786189|5|5538|12|1|20|418|8|33.96|2.72|36.68|15.00|3.40|27.17|3.40|3.40|15.00|
2451388|68518|14495|4337275|1132799|6767|4171226|4337275|1132799|6767|4171226|1|7035|5|1|23|419|5|31.27|2.50|33.77|15.00|3.13|25.02|3.13|3.13|15.00|
2450967|75123|8507|8357229|1454692|6170|5549119|8357229|1454692|6170|5549119|3|3074|8|1|30|419|5|35.63|2.85|38.48|15.00|3.56|28.50|3.56|3.56|15.00|
2450939|65263|12997|860517|118537|2266|2564386|860517|118537|2266|2564386|3|11210|2|2|31|420|4|86.41|6.91|93.32|15.00|8.64|69.13|8.64|8.64|15.00|
2451423|31846|1384|1320357|1875435|1365|1980537|1320357|1875435|1365|1980537|1|6447|13|3|13|420|5|29.23|2.34|31.57|15.00|2.92|23.38|2.92|2.92|15.00|
2451073|32508|787|9508075|1632400|2455|4313452|9508075|1632400|2455|4313452|3|9725|5|4|3|421|5|61.47|4.92|66.39|15.00|6.15|49.18|6.15|6.15|15.00|
2450951|57287|3282|3165938|1564214|6636|3616621|3165938|1564214|6636|3616621|4|3184|1|3|2|421|3|11.92|0.95|12.87|15.00|1.19|9.54|1.19|1.19|15.00|
2450933|28985|13568|2526855|750749|7091|4922016|2526855|750749|7091|4922016|3|8999|6|1|1|422|5|1.89|0.15|2.04|15.00|0.19|1.51|0.19|0.19|15.00|
2451466|48625|10074|5740167|1545192|1039|1227490|5740167|1545192|1039|1227490|2|2671|17|4|1|422|9|26.96|2.16|29.12|15.00|2.70|21.57|2.70|2.70|15.00|
2451381|32406|17412|3287310|1442915|2575|2489869|3287310|1442915|2575|2489869|4|5268|17|2|31|423|1|13.79|1.10|14.89|15.00|1.38|11.03|1.38|1.38|15.00|
2451028|51362|15486|6582632|1760319|2289|56176|6582632|1760319|2289|56176|6|175|3|4|10|423|1|63.30|5.06|68.36|15.00|6.33|50.64|6.33|6.33|15.00|
2450946|53756|17209|8507212|1602152|1679|5062745|8507212|1602152|1679|5062745|3|3840|15|2|31|424|3|22.77|1.82|24.59|15.00|2.28|18.22|2.28|2.28|15.00|
2451052|387|1909|11706902|184156|783|2726528|11706902|184156|783|2726528|6|9878|4|5|21|424|5|81.51|6.52|88.03|15.00|8.15|65.21|8.15|8.15|15.00|
2451423|50932|1416|3497412|466015|6369|1463742|3497412|466015|6369|1463742|3|1325|13|1|2|425|2|76.75|6.14|82.89|15.00|7.68|61.40|7.68|7.68|15.00|
2451432|82243|840|2806647|391365|3498|2884772|2806647|391365|3498|2884772|5|2539|8|4|4|425|4|84.72|6.78|91.50|15.00|8.47|67.78|8.47|8.47|15.00|
2451272|72159|17309|3162000|772962|5126|1867074|3162000|772962|5126|1867074|2|8357|5|4|7|426|10|68.76|5.50|74.26|15.00|6.88|55.01|6.88|6.88|15.00|
2451246|29351|8441|8248221|1024664|6737|5707365|8248221|1024664|6737|5707365|1|6319|16|5|8|426|7|87.77|7.02|94.79|15.00|8.78|70.22|8.78|8.78|15.00|
2451085|21872|5025|7889534|926661|1354|424405|7889534|926661|1354|424405|5|8229|2|4|7|427|5|86.21|6.90|93.11|15.00|8.62|68.97|8.62|8.62|15.00|
2451119|68877|3198|8467447|795411|5991|910444|8467447|795411|5991|910444|3|3623|14|5|4|427|2|4.20|0.34|4.54|15.00|0.42|3.36|0.42|0.42|15.00|
2451469|82528|10074|8680644|1463639|4524|5810383|8680644|1463639|4524|5810383|6|2158|11|1|33|428|4|8.08|0.65|8.73|15.00|0.81|6.46|0.81|0.81|15.00|
2451167|64714|4315|4027330|375856|6145|4238689|4027330|375856|6145|4238689|1|6195|20|1|9|428|1|37.56|3.00|40.56|15.00|3.76|30.05|3.76|3.76|15.00|
2451005|50985|4417|283749|682990|851|389993|283749|682990|851|389993|5|850|8|5|34|429|4|65.28|5.22|70.50|15.00|6.53|52.22|6.53|6.53|15.00|
2450859|52708|12580|5412667|1600646|566|4945795|5412667|1600646|566|4945795|3|765|19|2|28|429|1|47.92|3.83|51.75|15.00|4.79|38.34|4.79|4.79|15.00|
2451463|34614|1592|6180577|665948|2907|5507729|6180577|665948|2907|5507729|5|6431|18|2|7|430|7|54.81|4.38|59.19|15.00|5.48|43.85|5.48|5.48|15.00|
2450956|1311|14802|3866816|1224194|2788|412363|3866816|1224194|2788|412363|1|10151|10|1|4|430|8|70.89|5.67|76.56|15.00|7.09|56.71|7.09|7.09|15.00|
2450928|54482|2382|4262313|529452|1066|3056914|4262313|529452|1066|3056914|2|4661|9|3|19|431|10|64.01|5.12|69.13|15.00|6.40|51.21|6.40|6.40|15.00|
2451371|27858|10003|2489764|1680088|5380|5704441|2489764|1680088|5380|5704441|5|1899|20|2|1|431|7|16.79|1.34|18.13|15.00|1.68|13.43|1.68|1.68|15.00|
2450999|55947|12044|6101355|1179619|985|5445999|6101355|1179619|985|5445999|6|2648|18|1|15|432|7|27.95|2.24|30.19|15.00|2.79|22.36|2.79|2.79|15.00|
2451435|34968|2108|7145946|627577|226|3572659|7145946|627577|226|3572659|2|2548|5|1|17|432|1|69.35|5.55|74.90|15.00|6.93|55.48|6.93|6.93|15.00|
2450863|80055|11025|6787217|1499761|5255|2351996|6787217|1499761|5255|2351996|5|7752|2|4|7|433|3|8.44|0.68|9.12|15.00|0.84|6.75|0.84|0.84|15.00|
2451534|86151|16313|9311394|1854886|4605|2053108|9311394|1854886|4605|2053108|2|7242|13|2|3|433|5|62.56|5.00|67.56|15.00|6.26|50.05|6.26|6.26|15.00|
2450841|51612|1603|4202406|924500|3481|611905|4202406|924500|3481|611905|2|8244|14|2|32|434|3|18.70|1.50|20.20|15.00|1.87|14.96|1.87|1.87|15.00|
2451316|24937|4622|7443406|1016754|6999|2046529|7443406|1016754|6999|2046529|5|3754|18|1|32|434|2|43.64|3.49|47.13|15.00|4.36|34.91|4.36|4.36|15.00|
2451430|77646|14545|9984800|1425132|189|4473794|9984800|1425132|189|4473794|5|11580|14|5|24|435|4|20.68|1.65|22.33|15.00|2.07|16.54|2.07|2.07|15.00|
2450928|16498|14850|2610044|610947|6372|5159492|2610044|610947|6372|5159492|6|7938|8|1|18|435|10|10.40|0.83|11.23|15.00|1.04|8.32|1.04|1.04|15.00|
2450905|2153|9751|8409123|1605740|5238|5326595|8409123|1605740|5238|5326595|5|711|20|2|14|436|9|16.79|1.34|18.13|15.00|1.68|13.43|1.68|1.68|15.00|
2451241|36708|15636|10274640|1610976|6987|2499206|10274640|1610976|6987|2499206|1|3499|2|3|5|436|1|79.35|6.35|85.70|15.00|7.93|63.48|7.93|7.93|15.00|
2451293|68091|17532|9789223|1288173|3677|3741078|9789223|1288173|3677|3741078|6|4118|2|4|12|437|3|43.62|3.49|47.11|15.00|4.36|34.90|4.36|4.36|15.00|
2451229|7682|2823|10212481|1687173|1141|1627822|10212481|1687173|1141|1627822|6|10329|15|4|28|437|5|53.68|4.29|57.97|15.00|5.37|42.94|5.37|5.37|15.00|
2450964|79570|12666|10878690|1428048|5741|2904551|10878690|1428048|5741|2904551|1|4183|7|3|34|438|10|59.99|4.80|64.79|15.00|6.00|47.99|6.00|6.00|15.00|
2451201|28132|3965|846127|787584|4551|819092|846127|787584|4551|819092|4|6553|4|3|11|438|8|25.33|2.03|27.36|15.00|2.53|20.26|2.53|2.53|15.00|
2451107|79683|12929|10876892|788278|7098|4461521|10876892|788278|7098|4461521|2|1436|17|1|13|439|6|38.17|3.05|41.22|15.00|3.82|30.54|3.82|3.82|15.00|
2451123|18091|1874|9487432|984245|4758|4715852|9487432|984245|4758|4715852|1|988|10|1|12|439|8|3.40|0.27|3.67|15.00|0.34|2.72|0.34|0.34|15.00|
2451266|40944|8013|10519693|1619971|4340|4734467|10519693|1619971|4340|4734467|6|991|20|5|2|440|2|60.64|4.85|65.49|15.00|6.06|48.51|6.06|6.06|15.00|
2451464|47778|16174|6726334|1595048|2523|2940809|6726334|1595048|2523|2940809|1|2918|13|4|9|440|9|11.52|0.92|12.44|15.00|1.15|9.22|1.15|1.15|15.00|
2451390|75536|10783|1305080|206721|243|45878|1305080|206721|243|45878|6|3087|15|5|31|441|4|20.95|1.68|22.63|15.00|2.10|16.76|2.10|2.10|15.00|
2451041|38523|8804|6806086|736035|2820|2309696|6806086|736035|2820|2309696|3|8473|1|3|12|441|2|78.90|6.31|85.21|15.00|7.89|63.12|7.89|7.89|15.00|
2451359|83177|12099|2329646|143394|5697|3602994|2329646|143394|5697|3602994|3|10574|14|2|9|442|7|50.87|4.07|54.94|15.00|5.09|40.70|5.09|5.09|15.00|
2450937|1991|1922|9219388|1078380|3879|5005045|9219388|1078380|3879|5005045|2|3932|4|3|35|442|10|17.81|1.42|19.23|15.00|1.78|14.25|1.78|1.78|15.00|
2451481|26749|11209|2561763|1444805|2801|3920084|2561763|1444805|2801|3920084|2|6633|19|1|6|443|4|98.64|7.89|106.53|15.00|9.86|78.91|9.86|9.86|15.00|
2451297|73230|14486|6042218|378504|795|2990666|6042218|378504|795|2990666|2|3845|17|1|31|443|9|77.06|6.16|83.22|15.00|7.71|61.65|7.71|7.71|15.00|
2451406|30308|7881|652706|1116794|5297|3783256|652706|1116794|5297|3783256|5|3945|16|1|23|444|3|72.70|5.82|78.52|15.00|7.27|58.16|7.27|7.27|15.00|
2451535|9113|12972|5586165|1244690|371|34039|5586165|1244690|371|34039|1|2291|14|1|29|444|5|55.17|4.41|59.58|15.00|5.52|44.14|5.52|5.52|15.00|
2451504|28871|7466|7599681|822198|1832|672909|7599681|822198|1832|672909|1|7375|5|4|14|445|10|4.57|0.37|4.94|15.00|0.46|3.66|0.46|0.46|15.00|
2450836|35619|13819|8472901|1728051|3549|4408718|8472901|1728051|3549|4408718|3|1608|14|4|6|445|9|34.97|2.80|37.77|15.00|3.50|27.98|3.50|3.50|15.00|
2451224|34856|17494|1169422|443617|4019|4731735|1169422|443617|4019|4731735|1|7184|15|5|33|446|10|35.89|2.87|38.76|15.00|3.59|28.71|3.59|3.59|15.00|
2451515|61634|4902|10256392|1360571|6068|750524|10256392|1360571|6068|750524|2|6695|12|4|14|446|3|74.09|5.93|80.02|15.00|7.41|59.27|7.41|7.41|15.00|
2450922|40084|15036|6084714|1468079|3407|2710925|6084714|1468079|3407|2710925|4|894|18|1|21|447|4|93.76|7.50|101.26|15.00|9.38|75.01|9.38|9.38|15.00|
2450907|36084|6034|11133558|1559282|3528|3538847|11133558|1559282|3528|3538847|3|10779|8|4|35|447|5|18.35|1.47|19.82|15.00|1.84|14.68|1.84|1.84|15.00|
2451524|57087|9199|10232607|1529473|504|991416|10232607|1529473|504|991416|5|1888|15|4|12|448|9|3.36|0.27|3.63|15.00|0.34|2.69|0.34|0.34|15.00|
2451135|66693|2542|11218358|729988|5558|3852879|11218358|729988|5558|3852879|3|11377|17|2|23|448|5|19.38|1.55|20.93|15.00|1.94|15.50|1.94|1.94|15.00|
2451154|64424|14150|9649777|1894159|4247|4934485|9649777|1894159|4247|4934485|1|3832|2|4|4|449|5|99.76|7.98|107.74|15.00|9.98|79.81|9.98|9.98|15.00|
2451327|45773|1222|10279250|284334|5670|3424647|10279250|284334|5670|3424647|1|1327|8|1|19|449|7|36.09|2.89|38.98|15.00|3.61|28.87|3.61|3.61|15.00|
2451175|12766|15995|3512390|290094|7180|5109586|3512390|290094|7180|5109586|5|11056|11|3|13|450|9|93.15|7.45|100.60|15.00|9.32|74.52|9.32|9.32|15.00|
2450880|9125|2182|3948786|146530|6891|2043771|3948786|146530|6891|2043771|3|387|11|4|4|450|8|73.69|5.90|79.59|15.00|7.37|58.95|7.37|7.37|15.00|
2451393|53254|4238|1659286|1266867|1157|5121098|1659286|1266867|1157|5121098|3|1948|4|1|4|451|10|53.80|4.30|58.10|15.00|5.38|43.04|5.38|5.38|15.00|
2450873|34624|13635|1997149|1433359|5257|2405906|1997149|1433359|5257|2405906|6|5837|13|4|16|451|1|28.03|2.24|30.27|15.00|2.80|22.42|2.80|2.80|15.00|
2451044|81937|5319|6459948|1391589|1551|2055466|6459948|1391589|1551|2055466|1|10219|15|5|16|452|3|13.54|1.08|14.62|15.00|1.35|10.83|1.35|1.35|15.00|
2450863|73874|8471|10109855|388944|3464|4097019|10109855|388944|3464|4097019|2|2591|9|3|28|452|5|27.30|2.18|29.48|15.00|2.73|21.84|2.73|2.73|15.00|
2451099|16471|9560|3769908|1228601|6924|5749756|3769908|1228601|6924|5749756|3|11469|20|3|23|453|7|66.64|5.33|71.97|15.00|6.66|53.31|6.66|6.66|15.00|
2451496|83573|10845|1174948|1790119|7038|660102|1174948|1790119|7038|660102|4|6396|18|2|10|453|8|24.33|1.95|26.28|15.00|2.43|19.46|2.43|2.43|15.00|
2451283|83764|11003|11792544|601389|822|4691730|11792544|601389|822|4691730|5|9929|9|1|32|454|8|94.43|7.55|101.98|15.00|9.44|75.54|9.44|9.44|15.00|
2451372|22866|8675|10995888|532996|2072|3552542|10995888|532996|2072|3552542|6|10843|12|1|7|454|4|34.81|2.78|37.59|15.00|3.48|27.85|3.48|3.48|15.00|
2451397|7824|14247|6400670|440855|1581|2452770|6400670|440855|1581|2452770|3|1483|3|3|32|455|10|43.62|3.49|47.11|15.00|4.36|34.90|4.36|4.36|15.00|
2450878|63278|13050|7804293|1269984|5913|2695100|7804293|1269984|5913|2695100|6|6763|7|1|5|455|9|50.20|4.02|54.22|15.00|5.02|40.16|5.02|5.02|15.00|
2451087|32707|15857|2332126|50411|5937|2542563|2332126|50411|5937|2542563|3|4220|1|2|15|456|9|73.61|5.89|79.50|15.00|7.36|58.89|7.36|7.36|15.00|
2451481|83366|9655|5352230|185296|5620|3342306|5352230|185296|5620|3342306|6|6043|4|3|30|456|8|10.10|0.81|10.91|15.00|1.01|8.08|1.01|1.01|15.00|
2450831|22839|11423|5264365|299171|2405|2562226|5264365|299171|2405|2562226|6|6423|6|4|2|457|5|47.06|3.76|50.82|15.00|4.71|37.65|4.71|4.71|15.00|
2450835|46996|7080|9572914|1538981|270|5621939|9572914|1538981|270|5621939|6|6107|17|2|25|457|10|16.86|1.35|18.21|15.00|1.69|13.49|1.69|1.69|15.00|
2451531|19723|14176|10290580|1185008|650|5537972|10290580|1185008|650|5537972|5|1902|8|1|4|458|7|34.39|2.75|37.14|15.00|3.44|27.51|3.44|3.44|15.00|
2451222|35380|1058|11100169|311062|69|5495471|11100169|311062|69|5495471|3|10474|18|1|32|458|1|83.57|6.69|90.26|15.00|8.36|66.86|8.36|8.36|15.00|
2451050|49969|707|9971851|774324|6758|5071151|9971851|774324|6758|5071151|6|4417|15|3|23|459|4|64.72|5.18|69.90|15.00|6.47|51.78|6.47|6.47|15.00|
2451054|35886|13983|7790874|508502|539|5766628|7790874|508502|539|5766628|3|643|15|2|35|459|7|59.31|4.74|64.05|15.00|5.93|47.45|5.93|5.93|15.00|
2451533|19712|5600|957240|128791|4414|2853632|957240|128791|4414|2853632|2|1019|5|3|11|460|9|15.14|1.21|16.35|15.00|1.51|12.11|1.51|1.51|15.00|
2451165|27256|15968|10314799|199663|643|5154650|10314799|199663|643|5154650|2|20|8|2|15|460|7|57.14|4.57|61.71|15.00|5.71|45.71|5.71|5.71|15.00|
2451313|53004|5911|3110350|780828|4544|4305254|3110350|780828|4544|4305254|1|9484|13|3|24|461|3|59.55|4.76|64.31|15.00|5.96|47.64|5.96|5.96|15.00|
2451502|62074|17953|4117814|547934|106|4960816|4117814|547934|106|4960816|2|4759|11|5|29|461|5|75.45|6.04|81.49|15.00|7.55|60.36|7.55|7.55|15.00|
2451091|448|13069|1109911|195984|412|5391529|1109911|195984|412|5391529|1|3968|14|5|15|462|6|81.50|6.52|88.02|15.00|8.15|65.20|8.15|8.15|15.00|
2451530|73640|6759|9121271|53024|5491|431865|9121271|53024|5491|431865|6|3131|3|1|8|462|2|56.50|4.52|61.02|15.00|5.65|45.20|5.65|5.65|15.00|
2451466|26930|1584|3355106|1719161|660|1721821|3355106|1719161|660|1721821|2|5072|5|5|11|463|2|62.34|4.99|67.33|15.00|6.23|49.87|6.23|6.23|15.00|
2451095|85835|841|11322947|4159|1336|2338533|11322947|4159|1336|2338533|4|1702|20|4|9|463|9|60.23|4.82|65.05|15.00|6.02|48.18|6.02|6.02|15.00|
2450894|63556|11145|1630263|1745208|4511|5783717|1630263|1745208|4511|5783717|3|347|13|4|31|464|6|23.17|1.85|25.02|15.00|2.32|18.54|2.32|2.32|15.00|
2450945|72148|3933|7493457|55512|5405|657043|7493457|55512|5405|657043|6|8951|20|3|21|464|4|72.48|5.80|78.28|15.00|7.25|57.98|7.25|7.25|15.00|
2451230|27162|16909|10042225|332893|5631|4814848|10042225|332893|5631|4814848|4|5014|14|2|26|465|2|14.01|1.12|15.13|15.00|1.40|11.21|1.40|1.40|15.00|
2450897|27823|3012|9505664|1258256|6959|632130|9505664|1258256|6959|632130|4|5012|10|4|16|465|4|87.27|6.98|94.25|15.00|8.73|69.82|8.73|8.73|15.00|
2451456|12935|13270|10053925|21996|869|4302428|10053925|21996|869|4302428|6|3402|4|1|9|466|6|93.15|7.45|100.60|15.00|9.32|74.52|9.32|9.32|15.00|
2450847|27768|12693|525325|1159897|747|5921082|525325|1159897|747|5921082|4|6445|1|4|6|466|8|65.45|5.24|70.69|15.00|6.55|52.36|6.55|6.55|15.00|
2451155|4007|10599|6279679|609907|4236|3305927|6279679|609907|4236|3305927|4|6179|11|4|19|467|6|77.91|6.23|84.14|15.00|7.79|62.33|7.79|7.79|15.00|
2451022|73261|14875|11359102|1281572|5979|411344|11359102|1281572|5979|411344|2|2561|12|4|4|467|4|37.14|2.97|40.11|15.00|3.71|29.71|3.71|3.71|15.00|
2451398|7876|5507|10804515|1917815|5576|730626|10804515|1917815|5576|730626|5|9501|1|2|28|468|5|57.20|4.58|61.78|15.00|5.72|45.76|5.72|5.72|15.00|
2451120|40063|1647|8087531|126738|6067|5386442|8087531|126738|6067|5386442|6|2976|5|5|31|468|1|64.89|5.19|70.08|15.00|6.49|51.91|6.49|6.49|15.00|
2450886|46394|10062|11785329|256711|1966|5303710|11785329|256711|1966|5303710|5|9271|5|4|16|469|1|29.57|2.37|31.94|15.00|2.96|23.66|2.96|2.96|15.00|
2451434|79040|4807|3763409|1048672|565|2414572|3763409|1048672|565|2414572|3|510|5|3|26|469|10|86.11|6.89|93.00|15.00|8.61|68.89|8.61|8.61|15.00|
2450974|456|13018|7861418|1222507|4598|1574609|7861418|1222507|4598|1574609|4|3121|15|2|11|470|4|33.90|2.71|36.61|15.00|3.39|27.12|3.39|3.39|15.00|
2451463|69317|5290|2406832|1648264|6807|2508940|2406832|1648264|6807|2508940|4|1355|10|2|12|470|4|89.37|7.15|96.52|15.00|8.94|71.50|8.94|8.94|15.00|
2451318|21461|12183|8867627|1755802|4857|5096081|8867627|1755802|4857|5096081|3|3115|6|1|12|471|6|31.70|2.54|34.24|15.00|3.17|25.36|3.17|3.17|15.00|
2451497|6566|6974|675383|930031|6727|3657513|675383|930031|6727|3657513|3|881|14|3|27|471|2|7.10|0.57|7.67|15.00|0.71|5.68|0.71|0.71|15.00|
2451409|53761|3608|6402944|1475988|1001|3204076|6402944|1475988|1001|3204076|5|8281|1|1|20|472|8|75.89|6.07|81.96|15.00|7.59|60.71|7.59|7.59|15.00|
2450969|83457|12364|11063945|307344|4760|428057|11063945|307344|4760|428057|5|10123|11|2|4|472|3|88.22|7.06|95.28|15.00|8.82|70.58|8.82|8.82|15.00|
2450836|52540|3205|2801494|1004482|5432|3594411|2801494|1004482|5432|3594411|5|3173|12|4|4|473|2|37.30|2.98|40.28|15.00|3.73|29.84|3.73|3.73|15.00|
2451471|13383|2413|10747050|1677948|6860|2167162|10747050|1677948|6860|2167162|5|4376|6|1|14|473|7|33.83|2.71|36.54|15.00|3.38|27.06|3.38|3.38|15.00|
2451036|48692|9171|7947517|1582216|5315|3088544|7947517|1582216|5315|3088544|5|1688|17|3|25|474|9|80.54|6.44|86.98|15.00|8.05|64.43|8.05|8.05|15.00|
2450832|45098|5469|2815508|781127|1920|950873|2815508|781127|1920|950873|5|9791|9|3|14|474|9|89.72|7.18|96.90|15.00|8.97|71.78|8.97|8.97|15.00|
2451279|61304|8196|10548824|368066|2213|3212176|10548824|368066|2213|3212176|1|10929|3|2|5|475|6|35.60|2.85|38.45|15.00|3.56|28.48|3.56|3.56|15.00|
2451067|50422|5647|2217532|548500|3632|5383293|2217532|548500|3632|5383293|4|7443|19|1|6|475|5|50.69|4.06|54.75|15.00|5.07|40.55|5.07|5.07|15.00|
2450974|51906|17193|4522320|1810777|5565|4922183|4522320|1810777|5565|4922183|4|151|20|4|25|476|4|4.65|0.37|5.02|15.00|0.47|3.72|0.47|0.47|15.00|
2451323|73395|10447|1138804|992712|1059|341571|1138804|992712|1059|341571|3|806|6|2|2|476|3|3.82|0.31|4.13|15.00|0.38|3.06|0.38|0.38|15.00|
2451308|55056|3774|9922013|966061|4279|1514671|9922013|966061|4279|1514671|4|11069|18|5|29|477|6|22.51|1.80|24.31|15.00|2.25|18.01|2.25|2.25|15.00|
2451214|52070|16741|10952748|1222466|3315|3655623|10952748|1222466|3315|3655623|2|5318|17|2|18|477|3|73.65|5.89|79.54|15.00|7.37|58.92|7.37|7.37|15.00|
2451406|78596|2705|8792427|449652|1703|4863087|8792427|449652|1703|4863087|6|4120|2|5|9|478|7|72.58|5.81|78.39|15.00|7.26|58.06|7.26|7.26|15.00|
2450871|73543|14716|3997757|646963|3637|5650130|3997757|646963|3637|5650130|2|11338|12|3|29|478|3|18.91|1.51|20.42|15.00|1.89|15.13|1.89|1.89|15.00|
2451545|54492|12314|8130709|1631608|1091|4999507|8130709|1631608|1091|4999507|3|3101|8|3|32|479|8|21.49|1.72|23.21|15.00|2.15|17.19|2.15|2.15|15.00|
2451088|35520|10299|8891925|176245|928|5150735|8891925|176245|928|5150735|2|6981|6|4|1|479|8|14.29|1.14|15.43|15.00|1.43|11.43|1.43|1.43|15.00|
2450996|85481|12581|6411075|714333|6990|3380372|6411075|714333|6990|3380372|4|8214|4|1|1|480|10|62.88|5.03|67.91|15.00|6.29|50.30|6.29|6.29|15.00|
2451341|57090|1398|10029597|228070|991|1779659|10029597|228070|991|1779659|3|3580|18|2|28|480|8|73.79|5.90|79.69|15.00|7.38|59.03|7.38|7.38|15.00|
2451400|39498|16020|11343779|897805|2175|3694258|11343779|897805|2175|3694258|1|10089|8|1|5|481|8|86.30|6.90|93.20|15.00|8.63|69.04|8.63|8.63|15.00|
2451383|85681|798|9227489|1858606|230|2135623|9227489|1858606|230|2135623|3|11383|19|4|32|481|6|51.84|4.15|55.99|15.00|5.18|41.47|5.18|5.18|15.00|
2450938|13855|963|10138321|354662|3699|2779246|10138321|354662|3699|2779246|6|6461|6|4|25|482|1|82.92|6.63|89.55|15.00|8.29|66.34|8.29|8.29|15.00|
2451233|2222|9527|8003200|54373|6812|1800627|8003200|54373|6812|1800627|6|8810|13|5|23|482|3|96.31|7.70|104.01|15.00|9.63|77.05|9.63|9.63|15.00|
2451124|25040|10825|4601589|1427571|438|4071406|4601589|1427571|438|4071406|6|65|18|5|26|483|4|34.21|2.74|36.95|15.00|3.42|27.37|3.42|3.42|15.00|
2451454|3869|17954|8499413|128619|375|3440985|8499413|128619|375|3440985|2|692|15|1|7|483|7|46.17|3.69|49.86|15.00|4.62|36.94|4.62|4.62|15.00|
2451229|25370|6748|4172398|779481|1664|5780448|4172398|779481|1664|5780448|2|9828|13|5|13|484|4|40.64|3.25|43.89|15.00|4.06|32.51|4.06|4.06|15.00|
2451034|24759|11084|5363910|1711851|6559|35855|5363910|1711851|6559|35855|3|2255|9|1|1|484|1|73.34|5.87|79.21|15.00|7.33|58.67|7.33|7.33|15.00|
2451318|56116|2984|9253356|490144|3517|27348|9253356|490144|3517|27348|6|1371|5|4|14|485|5|76.01|6.08|82.09|15.00|7.60|60.81|7.60|7.60|15.00|
2451390|76919|16602|11761997|734502|2735|5492178|11761997|734502|2735|5492178|1|3254|1|5|31|485|1|1.80|0.14|1.94|15.00|0.18|1.44|0.18|0.18|15.00|
2451328|46540|4453|6185054|1116708|4704|4988967|6185054|1116708|4704|4988967|3|5771|11|4|21|486|5|25.03|2.00|27.03|15.00|2.50|20.02|2.50|2.50|15.00|
2451083|50229|15001|816785|70677|6670|4274698|816785|70677|6670|4274698|3|10675|7|1|31|486|4|1.17|0.09|1.26|15.00|0.12|0.94|0.12|0.12|15.00|
2450996|68592|14611|1299346|464825|5638|490076|1299346|464825|5638|490076|3|4899|9|3|5|487|9|29.40|2.35|31.75|15.00|2.94|23.52|2.94|2.94|15.00|
2451128|4975|3183|3679797|1809505|306|4993854|3679797|1809505|306|4993854|1|6897|1|5|24|487|2|66.17|5.29|71.46|15.00|6.62|52.94|6.62|6.62|15.00|
2451271|77245|16676|11442477|415912|3828|1617027|11442477|415912|3828|1617027|2|9624|5|4|14|488|2|98.01|7.84|105.85|15.00|9.80|78.41|9.80|9.80|15.00|
2451211|12507|5262|5427220|1005835|6684|4599900|5427220|1005835|6684|4599900|1|2131|20|2|11|488|10|89.54|7.16|96.70|15.00|8.95|71.63|8.95|8.95|15.00|
2451286|19519|11887|5119263|904306|57|5917764|5119263|904306|57|5917764|1|8290|3|5|25|489|10|86.31|6.90|93.21|15.00|8.63|69.05|8.63|8.63|15.00|
2450982|59139|16671|4902583|1861346|733|5728506|4902583|1861346|733|5728506|2|9219|8|1|29|489|1|0.95|0.08|1.03|15.00|0.10|0.76|0.10|0.10|15.00|
2451433|78473|4641|7132025|1584607|4036|4825152|7132025|1584607|4036|4825152|2|4295|16|1|7|490|2|50.94|4.08|55.02|15.00|5.09|40.75|5.09|5.09|15.00|
2451391|58872|15610|2334127|1664995|4641|2827326|2334127|1664995|4641|2827326|3|10185|11|2|24|490|9|89.01|7.12|96.13|15.00|8.90|71.21|8.90|8.90|15.00|
2450828|47393|13928|2176334|1252368|4288|3125272|2176334|1252368|4288|3125272|6|6294|2|5|29|491|8|94.93|7.59|102.52|15.00|9.49|75.94|9.49|9.49|15.00|
2451165|80294|11356|11216379|1722584|4875|2115193|11216379|1722584|4875|2115193|5|1315|2|5|2|491|3|56.12|4.49|60.61|15.00|5.61|44.90|5.61|5.61|15.00|
2451184|6965|3719|543503|636136|5839|1544410|543503|636136|5839|1544410|5|7642|2|2|34|492|9|49.11|3.93|53.04|15.00|4.91|39.29|4.91|4.91|15.00|
2451158|68685|497|4997176|1088225|4775|908693|4997176|1088225|4775|908693|1|11370|7|5|29|492|8|46.81|3.74|50.55|15.00|4.68|37.45|4.68|4.68|15.00|
2451191|54584|10830|2304753|846286|4687|1175188|2304753|846286|4687|1175188|1|9974|4|4|23|493|7|9.74|0.78|10.52|15.00|0.97|7.79|0.97|0.97|15.00|
2450950|29997|2628|11532504|415159|4783|35579|11532504|415159|4783|35579|6|461|8|5|3|493|2|16.25|1.30|17.55|15.00|1.62|13.00|1.62|1.62|15.00|
2451273|52833|14440|6002029|200084|7149|2025875|6002029|200084|7149|2025875|4|3816|7|1|14|494|10|56.70|4.54|61.24|15.00|5.67|45.36|5.67|5.67|15.00|
2450984|53023|13967|6587190|1137060|3003|4549027|6587190|1137060|3003|4549027|6|9|17|5|20|494|4|46.35|3.71|50.06|15.00|4.64|37.08|4.64|4.64|15.00|
2451219|7524|6669|10519860|1413515|5903|1695737|10519860|1413515|5903|1695737|3|10263|1|1|15|495|4|92.33|7.39|99.72|15.00|9.23|73.86|9.23|9.23|15.00|
2450846|31839|13826|4776147|1809782|1644|2912026|4776147|1809782|1644|2912026|5|6789|20|5|12|495|5|73.21|5.86|79.07|15.00|7.32|58.57|7.32|7.32|15.00|
2450984|86076|4441|3653780|1680112|4411|4987202|3653780|1680112|4411|4987202|3|9826|8|5|11|496|6|52.71|4.22|56.93|15.00|5.27|42.17|5.27|5.27|15.00|
2451446|61179|2468|11746124|983433|3978|5452223|11746124|983433|3978|5452223|1|11431|16|1|28|496|7|91.98|7.36|99.34|15.00|9.20|73.58|9.20|9.20|15.00|
2451422|82339|1211|10662333|1089707|3300|268963|10662333|1089707|3300|268963|2|5355|3|4|14|497|1|92.35|7.39|99.74|15.00|9.23|73.88|9.23|9.23|15.00|
2451016|78018|9978|2475842|1351901|6302|41677|2475842|1351901|6302|41677|4|11089|5|1|24|497|8|90.34|7.23|97.57|15.00|9.03|72.27|9.03|9.03|15.00|
2451034|27767|7355|5996969|365661|6739|364798|5996969|365661|6739|364798|1|218|6|4|2|498|2|49.28|3.94|53.22|15.00|4.93|39.42|4.93|4.93|15.00|
2451131|54182|12449|11541960|224269|3464|804411|11541960|224269|3464|804411|5|665|8|4|11|498|2|76.70|6.14|82.84|15.00|7.67|61.36|7.67|7.67|15.00|
2451414|17587|11198|437091|355792|3710|4431502|437091|355792|3710|4431502|4|2151|17|2|30|499|6|40.58|3.25|43.83|15.00|4.06|32.46|4.06|4.06|15.00|
2451430|28799|8725|4432746|1903477|203|4619093|4432746|1903477|203|4619093|1|945|13|2|6|499|10|25.96|2.08|28.04|15.00|2.60|20.77|2.60|2.60|15.00|
2451131|18569|14731|4217052|1814522|6597|4825390|4217052|1814522|6597|4825390|4|2176|12|5|32|500|6|52.84|4.23|57.07|15.00|5.28|42.27|5.28|5.28|15.00|
2451203|54159|5171|2888479|1255006|2008|4156594|2888479|1255006|2008|4156594|1|9095|7|4|19|500|7|11.77|0.94|12.71|15.00|1.18|9.42|1.18|1.18|15.00|
2451047|17119|9584|7632963|40079|4083|1506214|7632963|40079|4083|1506214|6|4493|13|1|15|501|10|21.33|1.71|23.04|15.00|2.13|17.06|2.13|2.13|15.00|
2450973|18043|8653|10362800|1762251|1405|42247|10362800|1762251|1405|42247|3|3783|12|5|29|501|7|6.95|0.56|7.51|15.00|0.70|5.56|0.70|0.70|15.00|
2450968|59858|12628|9763408|892305|1757|516402|9763408|892305|1757|516402|1|11123|18|1|11|502|6|59.56|4.76|64.32|15.00|5.96|47.65|5.96|5.96|15.00|
2451046|77355|5931|4393204|1666535|5493|2697732|4393204|1666535|5493|2697732|2|2303|14|2|15|502|3|41.79|3.34|45.13|15.00|4.18|33.43|4.18|4.18|15.00|
2450907|4324|10545|9036986|785514|5014|5674257|9036986|785514|5014|5674257|5|1992|13|5|33|503|8|1.31|0.10|1.41|15.00|0.13|1.05|0.13|0.13|15.00|
2451529|25174|9860|264256|1740692|3057|1547033|264256|1740692|3057|1547033|1|6845|1|5|17|503|5|24.83|1.99|26.82|15.00|2.48|19.86|2.48|2.48|15.00|
2451197|4394|13124|3353821|697752|2239|5552646|3353821|697752|2239|5552646|5|60|11|1|14|504|7|10.68|0.85|11.53|15.00|1.07|8.54|1.07|1.07|15.00|
2450989|36351|7505|9990732|1124938|2462|3331277|9990732|1124938|2462|3331277|2|1723|12|3|22|504|3|53.33|4.27|57.60|15.00|5.33|42.66|5.33|5.33|15.00|
2451539|77075|8816|10681321|1891437|5662|4537056|10681321|1891437|5662|4537056|2|7257|17|4|1|505|5|1.32|0.11|1.43|15.00|0.13|1.06|0.13|0.13|15.00|
2451474|59840|316|10450377|1071421|1370|4912693|10450377|1071421|1370|4912693|1|9951|13|1|9|505|8|95.23|7.62|102.85|15.00|9.52|76.18|9.52|9.52|15.00|
2450817|81038|4622|966050|1574718|357|5507983|966050|1574718|357|5507983|3|3811|18|5|33|506|6|57.84|4.63|62.47|15.00|5.78|46.27|5.78|5.78|15.00|
2451412|42803|16513|8710793|1391887|1651|2889316|8710793|1391887|1651|2889316|5|11112|15|2|10|506|4|42.82|3.43|46.25|15.00|4.28|34.26|4.28|4.28|15.00|
2450899|18876|219|6126543|663503|6135|5880156|6126543|663503|6135|5880156|5|10649|20|1|9|507|7|69.98|5.60|75.58|15.00|7.00|55.98|7.00|7.00|15.00|
2450925|85594|13403|9906382|371826|3873|318327|9906382|371826|3873|318327|2|8549|14|3|29|507|1|96.01|7.68|103.69|15.00|9.60|76.81|9.60|9.60|15.00|
2451418|63872|6431|7028575|1751460|332|5974359|7028575|1751460|332|5974359|3|4752|17|1|23|508|7|84.43|6.75|91.18|15.00|8.44|67.54|8.44|8.44|15.00|
2451209|19479|3608|10984078|851846|4705|2802663|10984078|851846|4705|2802663|1|9592|3|4|12|508|4|27.39|2.19|29.58|15.00|2.74|21.91|2.74|2.74|15.00|
2451174|53095|15284|9075796|1797461|4909|427787|9075796|1797461|4909|427787|3|8511|2|1|15|509|6|83.65|6.69|90.34|15.00|8.37|66.92|8.37|8.37|15.00|
2451101|65347|10723|10944130|1083063|1215|2468642|10944130|1083063|1215|2468642|4|861|3|2|26|509|6|10.08|0.81|10.89|15.00|1.01|8.06|1.01|1.01|15.00|
2451223|49437|15768|1443719|350078|1172|5940545|1443719|350078|1172|5940545|6|3126|17|3|17|510|9|3.16|0.25|3.41|15.00|0.32|2.53|0.32|0.32|15.00|
2451164|29751|1773|8960866|602029|4060|4219850|8960866|602029|4060|4219850|6|6303|1|4|15|510|2|83.87|6.71|90.58|15.00|8.39|67.10|8.39|8.39|15.00|
2451319|74473|12292|2869137|105902|1657|682073|2869137|105902|1657|682073|1|8492|18|3|14|511|4|33.94|2.72|36.66|15.00|3.39|27.15|3.39|3.39|15.00|
2450853|11842|15811|2038715|1353707|5866|1855921|2038715|1353707|5866|1855921|2|6109|6|3|6|511|1|17.73|1.42|19.15|15.00|1.77|14.18|1.77|1.77|15.00|
2451114|51801|5782|3309547|940082|7194|3007982|3309547|940082|7194|3007982|4|10899|6|5|16|512|9|97.58|7.81|105.39|15.00|9.76|78.06|9.76|9.76|15.00|
2451343|72011|12547|3037567|262996|5368|3707126|3037567|262996|5368|3707126|6|9210|12|4|28|512|8|72.97|5.84|78.81|15.00|7.30|58.38|7.30|7.30|15.00|
2451392|51842|17161|1479223|1325827|2457|2159578|1479223|1325827|2457|2159578|6|7439|15|2|2|513|7|2.09|0.17|2.26|15.00|0.21|1.67|0.21|0.21|15.00|
2451458|61624|5523|3251244|1711647|103|1156601|3251244|1711647|103|1156601|5|1698|19|2|6|513|8|64.51|5.16|69.67|15.00|6.45|51.61|6.45|6.45|15.00|
2451074|7829|1907|9709620|436550|5792|3898107|9709620|436550|5792|3898107|2|4663|1|4|26|514|4|18.95|1.52|20.47|15.00|1.90|15.16|1.90|1.90|15.00|
2451362|81508|996|3982506|612305|3221|5265070|3982506|612305|3221|5265070|3|11174|14|5|7|514|7|2.59|0.21|2.80|15.00|0.26|2.07|0.26|0.26|15.00|
2451276|64942|8880|2581101|1696140|2300|4622483|2581101|1696140|2300|4622483|6|9549|7|4|22|515|4|73.58|5.89|79.47|15.00|7.36|58.86|7.36|7.36|15.00|
2451431|49376|6180|4918390|1186536|4005|119109|4918390|1186536|4005|119109|3|5650|6|1|8|515|3|46.38|3.71|50.09|15.00|4.64|37.10|4.64|4.64|15.00|
2451038|42461|977|645766|478510|685|3582009|645766|478510|685|3582009|3|7235|13|3|21|516|2|72.77|5.82|78.59|15.00|7.28|58.22|7.28|7.28|15.00|
2451032|55186|16661|1136547|902490|1439|1047360|1136547|902490|1439|1047360|3|5645|13|3|5|516|3|44.75|3.58|48.33|15.00|4.48|35.80|4.48|4.48|15.00|
2450963|74822|10894|6060369|919664|6129|3222438|6060369|919664|6129|3222438|6|174|4|2|8|517|7|51.35|4.11|55.46|15.00|5.14|41.08|5.14|5.14|15.00|
2451366|36692|16417|2408989|259101|6711|5172031|2408989|259101|6711|5172031|3|7605|2|1|14|517|10|19.99|1.60|21.59|15.00|2.00|15.99|2.00|2.00|15.00|
2451319|14823|1778|1674417|366190|3137|3444024|1674417|366190|3137|3444024|1|11319|13|2|29|518|4|28.30|2.26|30.56|15.00|2.83|22.64|2.83|2.83|15.00|
2450821|27547|175|3038317|1569466|2381|279832|3038317|1569466|2381|279832|4|10119|11|3|8|518|10|90.44|7.24|97.68|15.00|9.04|72.35|9.04|9.04|15.00|
2451097|38776|10530|3996521|383318|4018|734784|3996521|383318|4018|734784|6|5026|15|2|17|519|4|70.06|5.60|75.66|15.00|7.01|56.05|7.01|7.01|15.00|
2451426|44638|13888|38781|218536|3555|4411129|38781|218536|3555|4411129|6|5553|8|2|30|519|4|46.07|3.69|49.76|15.00|4.61|36.86|4.61|4.61|15.00|
2451423|35609|6266|9994746|1391386|5155|4569651|9994746|1391386|5155|4569651|1|4161|13|5|26|520|6|5.33|0.43|5.76|15.00|0.53|4.26|0.53|0.53|15.00|
2451112|627|1617|7333623|521065|4930|1778328|7333623|521065|4930|1778328|2|5408|4|4|1|520|7|11.11|0.89|12.00|15.00|1.11|8.89|1.11|1.11|15.00|
2450953|61274|7718|8575981|1467167|5568|2693394|8575981|1467167|5568|2693394|5|1708|19|3|7|521|1|35.73|2.86|38.59|15.00|3.57|28.58|3.57|3.57|15.00|
2451033|26761|2431|6320424|1371605|218|4173096|6320424|1371605|218|4173096|1|11523|3|5|32|521|7|77.63|6.21|83.84|15.00|7.76|62.10|7.76|7.76|15.00|
2451517|24700|8002|6622941|227945|569|405071|6622941|227945|569|405071|4|10744|4|5|27|522|4|7.80|0.62|8.42|15.00|0.78|6.24|0.78|0.78|15.00|
2451144|84033|7537|1156882|645067|2341|2067570|1156882|645067|2341|2067570|6|4641|12|5|2|522|8|9.48|0.76|10.24|15.00|0.95|7.58|0.95|0.95|15.00|
2451009|2762|17617|5882052|49570|2795|2841053|5882052|49570|2795|2841053|3|6682|5|4|13|523|5|54.40|4.35|58.75|15.00|5.44|43.52|5.44|5.44|15.00|
2451378|26293|17670|7949450|923608|41|2614710|7949450|923608|41|2614710|2|4443|11|3|19|523|5|10.92|0.87|11.79|15.00|1.09|8.74|1.09|1.09|15.00|
2451363|69292|17516|10131675|909140|1277|1449204|10131675|909140|1277|1449204|4|537|11|5|12|524|6|85.84|6.87|92.71|15.00|8.58|68.67|8.58|8.58|15.00|
2450904|25906|17148|1763554|1483957|1431|2914584|1763554|1483957|1431|2914584|2|6703|5|2|23|524|5|23.20|1.86|25.06|15.00|2.32|18.56|2.32|2.32|15.00|
2451464|16181|12160|2111466|1221835|3747|1284133|2111466|1221835|3747|1284133|1|516|4|1|4|525|8|6.62|0.53|7.15|15.00|0.66|5.30|0.66|0.66|15.00|
2451079|43899|5940|9225975|1303028|4055|3060986|9225975|1303028|4055|3060986|4|2681|20|4|20|525|2|14.32|1.15|15.47|15.00|1.43|11.46|1.43|1.43|15.00|
2451381|65145|7212|3170334|691135|1225|4408430|3170334|691135|1225|4408430|5|5087|11|1|12|526|9|20.23|1.62|21.85|15.00|2.02|16.18|2.02|2.02|15.00|
2450901|56986|7356|10474241|208126|3337|178704|10474241|208126|3337|178704|3|5870|3|3|19|526|4|36.42|2.91|39.33|15.00|3.64|29.14|3.64|3.64|15.00|
2451460|41719|13950|7481191|569136|3516|1408129|7481191|569136|3516|1408129|5|4301|18|4|33|527|10|68.56|5.48|74.04|15.00|6.86|54.85|6.86|6.86|15.00|
2451392|3399|10253|6414089|1631513|5839|5881778|6414089|1631513|5839|5881778|3|1918|5|3|29|527|5|51.79|4.14|55.93|15.00|5.18|41.43|5.18|5.18|15.00|
2450927|76231|9313|4550654|973262|6787|3981379|4550654|973262|6787|3981379|6|2374|19|3|23|528|10|56.45|4.52|60.97|15.00|5.65|45.16|5.65|5.65|15.00|
2450988|796|15694|5435058|995984|3474|5933500|5435058|995984|3474|5933500|6|11287|15|3|28|528|9|69.94|5.60|75.54|15.00|6.99|55.95|6.99|6.99|15.00|
2451232|19404|4080|6174091|1299026|6954|4864913|6174091|1299026|6954|4864913|1|3126|13|5|13|529|1|95.77|7.66|103.43|15.00|9.58|76.62|9.58|9.58|15.00|
2451376|36806|10120|1712829|1070479|6481|805348|1712829|1070479|6481|805348|1|3517|10|1|21|529|10|89.35|7.15|96.50|15.00|8.94|71.48|8.94|8.94|15.00|
2451536|85261|10628|8675235|979032|2366|497527|8675235|979032|2366|497527|5|321|19|5|11|530|4|1.93|0.15|2.08|15.00|0.19|1.54|0.19|0.19|15.00|
2451181|29902|12503|8877647|722117|4208|829253|8877647|722117|4208|829253|6|3236|9|5|32|530|2|46.15|3.69|49.84|15.00|4.62|36.92|4.62|4.62|15.00|
2451194|40168|9475|830717|344337|6922|5210660|830717|344337|6922|5210660|4|7756|19|2|7|531|4|8.62|0.69|9.31|15.00|0.86|6.90|0.86|0.86|15.00|
2451471|83755|15351|7248033|331545|3553|3552609|7248033|331545|3553|3552609|3|80|12|1|11|531|2|58.06|4.64|62.70|15.00|5.81|46.45|5.81|5.81|15.00|
2450899|33112|6206|5361811|430912|4132|3775713|5361811|430912|4132|3775713|6|10375|14|1|11|532|4|46.31|3.70|50.01|15.00|4.63|37.05|4.63|4.63|15.00|
2451503|40985|959|3071532|1382182|6174|4282316|3071532|1382182|6174|4282316|4|5934|20|5|26|532|1|66.03|5.28|71.31|15.00|6.60|52.82|6.60|6.60|15.00|
2451124|64384|2952|7164887|371575|2484|5475195|7164887|371575|2484|5475195|5|2307|16|1|16|533|5|7.62|0.61|8.23|15.00|0.76|6.10|0.76|0.76|15.00|
2451457|4818|1268|10104278|612685|6495|488399|10104278|612685|6495|488399|3|186|8|1|16|533|10|22.04|1.76|23.80|15.00|2.20|17.63|2.20|2.20|15.00|
2451464|63742|7589|780148|1458745|2996|1519687|780148|1458745|2996|1519687|4|5378|2|4|32|534|4|65.76|5.26|71.02|15.00|6.58|52.61|6.58|6.58|15.00|
2450950|31834|16626|7921646|402543|2915|1527571|7921646|402543|2915|1527571|6|1426|14|3|8|534|10|61.92|4.95|66.87|15.00|6.19|49.54|6.19|6.19|15.00|
2451011|83860|9935|7730179|544092|4239|3157676|7730179|544092|4239|3157676|3|1414|9|3|11|535|5|57.86|4.63|62.49|15.00|5.79|46.29|5.79|5.79|15.00|
2451011|73992|592|9776758|1645340|1614|3880473|9776758|1645340|1614|3880473|4|3366|17|4|5|535|7|50.13|4.01|54.14|15.00|5.01|40.10|5.01|5.01|15.00|
2451152|22381|5625|3053615|1525158|7132|4737224|3053615|1525158|7132|4737224|2|11203|1|5|2|536|4|94.88|7.59|102.47|15.00|9.49|75.90|9.49|9.49|15.00|
2451170|39258|6040|6840578|154835|3785|4125936|6840578|154835|3785|4125936|2|6260|3|3|29|536|6|90.64|7.25|97.89|15.00|9.06|72.51|9.06|9.06|15.00|
2451435|3541|10094|8526303|439295|2985|5219677|8526303|439295|2985|5219677|6|1335|10|3|24|537|8|64.35|5.15|69.50|15.00|6.43|51.48|6.43|6.43|15.00|
2451531|31039|8670|9999563|1246816|5526|1306509|9999563|1246816|5526|1306509|5|8796|9|3|22|537|2|1.03|0.08|1.11|15.00|0.10|0.82|0.10|0.10|15.00|
2451164|79630|4340|8953610|590622|1818|460659|8953610|590622|1818|460659|2|10233|13|2|6|538|2|75.83|6.07|81.90|15.00|7.58|60.66|7.58|7.58|15.00|
2451224|60823|2218|3747501|1050100|4373|101889|3747501|1050100|4373|101889|4|8655|9|1|29|538|10|60.96|4.88|65.84|15.00|6.10|48.77|6.10|6.10|15.00|
2451454|81468|14770|9252351|1251629|193|1280347|9252351|1251629|193|1280347|6|11277|11|1|3|539|7|86.41|6.91|93.32|15.00|8.64|69.13|8.64|8.64|15.00|
2450877|81490|729|2132496|1071387|3346|2450714|2132496|1071387|3346|2450714|3|9596|5|3|17|539|1|69.19|5.54|74.73|15.00|6.92|55.35|6.92|6.92|15.00|
2451519|50282|2432|848862|631987|5562|3810720|848862|631987|5562|3810720|6|11066|16|4|28|540|9|69.95|5.60|75.55|15.00|7.00|55.96|7.00|7.00|15.00|
2451205|22751|4609|8487550|1599600|4319|4871498|8487550|1599600|4319|4871498|1|1124|13|5|7|540|1|35.86|2.87|38.73|15.00|3.59|28.69|3.59|3.59|15.00|
2451040|35736|17735|3412006|64282|4733|134751|3412006|64282|4733|134751|1|765|18|1|8|541|1|19.88|1.59|21.47|15.00|1.99|15.90|1.99|1.99|15.00|
2450833|18106|16558|6053049|414478|4364|3230072|6053049|414478|4364|3230072|2|214|12|2|31|541|5|41.04|3.28|44.32|15.00|4.10|32.83|4.10|4.10|15.00|
2451456|11507|6330|8799450|1257128|5283|240601|8799450|1257128|5283|240601|6|440|20|4|28|542|9|83.50|6.68|90.18|15.00|8.35|66.80|8.35|8.35|15.00|
2451015|46424|4249|906307|601245|1705|928322|906307|601245|1705|928322|1|5620|12|3|35|542|4|24.33|1.95|26.28|15.00|2.43|19.46|2.43|2.43|15.00|
2451393|11280|6267|4827055|696823|1258|4319545|4827055|696823|1258|4319545|6|11515|6|5|35|543|9|6.53|0.52|7.05|15.00|0.65|5.22|0.65|0.65|15.00|
2450971|53020|8554|5060837|277140|491|722559|5060837|277140|491|722559|2|4068|17|3|30|543|10|95.42|7.63|103.05|15.00|9.54|76.34|9.54|9.54|15.00|
2451137|32437|8376|6386615|1363921|5580|5564466|6386615|1363921|5580|5564466|6|3873|7|5|24|544|4|59.61|4.77|64.38|15.00|5.96|47.69|5.96|5.96|15.00|
2451236|17529|15034|9910713|197442|1504|4085810|9910713|197442|1504|4085810|2|2545|2|4|13|544|5|93.52|7.48|101.00|15.00|9.35|74.82|9.35|9.35|15.00|
2451277|69030|14294|9978621|1802820|2281|3555457|9978621|1802820|2281|3555457|4|11395|4|3|2|545|1|62.83|5.03|67.86|15.00|6.28|50.26|6.28|6.28|15.00|
2450841|63368|872|2945087|1815094|401|120530|2945087|1815094|401|120530|2|2447|13|3|22|545|7|55.05|4.40|59.45|15.00|5.50|44.04|5.50|5.50|15.00|
2451329|54001|14478|1422580|1497880|4742|4092988|1422580|1497880|4742|4092988|5|2745|2|4|15|546|6|94.32|7.55|101.87|15.00|9.43|75.46|9.43|9.43|15.00|
2451483|26036|16777|6882690|1466704|1807|2781224|6882690|1466704|1807|2781224|3|596|13|3|29|546|9|13.00|1.04|14.04|15.00|1.30|10.40|1.30|1.30|15.00|
2451055|65109|15019|8710213|984720|5958|828375|8710213|984720|5958|828375|2|8935|4|1|32|547|3|75.88|6.07|81.95|15.00|7.59|60.70|7.59|7.59|15.00|
2451178|51048|17091|9650447|1247703|1478|3313668|9650447|1247703|1478|3313668|3|4382|5|2|15|547|7|34.09|2.73|36.82|15.00|3.41|27.27|3.41|3.41|15.00|
2450875|21404|13694|5714440|512648|1500|5523291|5714440|512648|1500|5523291|2|9732|7|1|29|548|8|97.71|7.82|105.53|15.00|9.77|78.17|9.77|9.77|15.00|
2451086|78987|13123|532875|846390|1071|3370047|532875|846390|1071|3370047|6|5946|17|1|22|548|4|65.35|5.23|70.58|15.00|6.54|52.28|6.54|6.54|15.00|
2450985|10803|1690|8984419|139152|1389|2766894|8984419|139152|1389|2766894|5|1060|14|1|15|549|1|43.60|3.49|47.09|15.00|4.36|34.88|4.36|4.36|15.00|
2451011|41975|10728|10875474|404274|2862|468304|10875474|404274|2862|468304|4|1059|14|4|18|549|3|43.32|3.47|46.79|15.00|4.33|34.66|4.33|4.33|15.00|
2451217|54051|7628|3727758|814406|7123|2964193|3727758|814406|7123|2964193|1|11405|4|5|1|550|10|98.82|7.91|106.73|15.00|9.88|79.06|9.88|9.88|15.00|
2451231|76910|16277|5095050|1470599|6180|1874192|5095050|1470599|6180|1874192|1|348|13|1|25|550|8|80.15|6.41|86.56|15.00|8.02|64.12|8.02|8.02|15.00|
2450986|9904|17916|2771813|1209037|2742|4443947|2771813|1209037|2742|4443947|3|923|8|2|8|551|9|53.48|4.28|57.76|15.00|5.35|42.78|5.35|5.35|15.00|
2451377|82144|10743|1073584|446506|438|904167|1073584|446506|438|904167|4|2247|1|1|15|551|10|92.14|7.37|99.51|15.00|9.21|73.71|9.21|9.21|15.00|
2451115|49680|14961|7633825|1190147|4284|4405853|7633825|1190147|4284|4405853|3|6968|5|4|13|552|7|18.50|1.48|19.98|15.00|1.85|14.80|1.85|1.85|15.00|
2450825|44808|1191|9104175|506178|262|1876954|9104175|506178|262|1876954|1|7821|15|1|10|552|1|37.42|2.99|40.41|15.00|3.74|29.94|3.74|3.74|15.00|
2451231|65821|7010|4150619|256920|535|5046409|4150619|256920|535|5046409|5|4639|10|1|35|553|2|49.89|3.99|53.88|15.00|4.99|39.91|4.99|4.99|15.00|
2451258|17680|12869|8672820|1393401|2946|2224255|8672820|1393401|2946|2224255|2|10221|19|4|33|553|1|20.30|1.62|21.92|15.00|2.03|16.24|2.03|2.03|15.00|
2451117|66168|16128|8222671|1087518|5351|3967348|8222671|1087518|5351|3967348|5|4035|16|2|29|554|6|24.78|1.98|26.76|15.00|2.48|19.82|2.48|2.48|15.00|
2451515|35376|5957|8738414|189702|5676|1331338|8738414|189702|5676|1331338|1|1938|9|4|19|554|1|83.85|6.71|90.56|15.00|8.38|67.08|8.38|8.38|15.00|
2451028|85481|670|11232812|1499232|5835|3675854|11232812|1499232|5835|3675854|6|1852|8|1|19|555|1|76.78|6.14|82.92|15.00|7.68|61.42|7.68|7.68|15.00|
2451516|18945|798|10269808|1094194|3905|5770049|10269808|1094194|3905|5770049|4|2693|14|3|29|555|7|86.83|6.95|93.78|15.00|8.68|69.46|8.68|8.68|15.00|
2451475|7800|9354|8203107|795029|5172|3934467|8203107|795029|5172|3934467|4|9843|11|2|30|556|1|39.60|3.17|42.77|15.00|3.96|31.68|3.96|3.96|15.00|
2450978|15939|1963|6566777|1483287|435|4993913|6566777|1483287|435|4993913|3|1184|11|1|5|556|1|95.60|7.65|103.25|15.00|9.56|76.48|9.56|9.56|15.00|
2451423|74846|3311|9887736|1657131|5110|3219181|9887736|1657131|5110|3219181|4|10547|2|1|7|557|5|33.32|2.67|35.99|15.00|3.33|26.66|3.33|3.33|15.00|
2451187|7110|17241|9285148|1081768|5865|1048943|9285148|1081768|5865|1048943|4|377|3|4|12|557|6|53.03|4.24|57.27|15.00|5.30|42.42|5.30|5.30|15.00|
2451269|68544|599|11820239|1109174|5323|5112182|11820239|1109174|5323|5112182|2|8070|9|5|32|558|2|40.87|3.27|44.14|15.00|4.09|32.70|4.09|4.09|15.00|
2450920|84973|7330|9650456|799884|2545|2020077|9650456|799884|2545|2020077|1|1032|17|4|31|558|1|44.34|3.55|47.89|15.00|4.43|35.47|4.43|4.43|15.00|
2450974|66728|6760|5115496|1019552|1746|5619400|5115496|1019552|1746|5619400|3|4833|15|5|22|559|10|46.45|3.72|50.17|15.00|4.65|37.16|4.65|4.65|15.00|
2451302|57502|4031|763532|1904173|3492|2959116|763532|1904173|3492|2959116|4|3912|10|1|9|559|4|18.30|1.46|19.76|15.00|1.83|14.64|1.83|1.83|15.00|
2450893|53377|13717|7254737|1689435|459|4115507|7254737|1689435|459|4115507|2|10167|8|5|23|560|6|80.60|6.45|87.05|15.00|8.06|64.48|8.06|8.06|15.00|
2450971|77011|14398|1593062|901244|3406|5832684|1593062|901244|3406|5832684|1|299|5|3|4|560|1|58.05|4.64|62.69|15.00|5.80|46.44|5.80|5.80|15.00|
2451535|17648|10291|6801518|1423571|3223|4158840|6801518|1423571|3223|4158840|2|10827|2|4|26|561|8|11.69|0.94|12.63|15.00|1.17|9.35|1.17|1.17|15.00|
2451232|2799|5254|6780089|409926|4956|3119049|6780089|409926|4956|3119049|6|5717|7|1|18|561|8|40.20|3.22|43.42|15.00|4.02|32.16|4.02|4.02|15.00|
2451445|62349|14725|4493254|280293|5948|906155|4493254|280293|5948|906155|4|10364|10|5|6|562|2|79.91|6.39|86.30|15.00|7.99|63.93|7.99|7.99|15.00|
2451284|43847|7759|11071239|1758622|4928|3765031|11071239|1758622|4928|3765031|5|11481|12|2|23|562|3|10.50|0.84|11.34|15.00|1.05|8.40|1.05|1.05|15.00|
2451043|26964|6758|5979052|202840|1289|2670648|5979052|202840|1289|2670648|1|10640|19|4|35|563|8|51.03|4.08|55.11|15.00|5.10|40.82|5.10|5.10|15.00|
2451484|11661|4361|7045245|1197290|3163|4279091|7045245|1197290|3163|4279091|5|3965|7|3|10|563|4|57.48|4.60|62.08|15.00|5.75|45.98|5.75|5.75|15.00|
2451354|47719|8368|585728|58460|3558|2034056|585728|58460|3558|2034056|4|4381|14|5|25|564|6|40.40|3.23|43.63|15.00|4.04|32.32|4.04|4.04|15.00|
2450992|38501|7430|3892879|1004847|1870|1770018|3892879|1004847|1870|1770018|3|9071|4|2|32|564|2|90.76|7.26|98.02|15.00|9.08|72.61|9.08|9.08|15.00|
2451027|28122|12413|9005680|962049|5229|2555500|9005680|962049|5229|2555500|5|8028|10|1|22|565|6|24.87|1.99|26.86|15.00|2.49|19.90|2.49|2.49|15.00|
2450838|51366|9920|8496518|1421061|2271|5999522|8496518|1421061|2271|5999522|3|951|6|3|15|565|10|49.18|3.93|53.11|15.00|4.92|39.34|4.92|4.92|15.00|
2451498|2049|16157|8499980|1349437|271|4673490|8499980|1349437|271|4673490|4|769|16|1|28|566|2|96.46|7.72|104.18|15.00|9.65|77.17|9.65|9.65|15.00|
2451511|64823|7409|5396618|744099|2044|5374944|5396618|744099|2044|5374944|2|2231|10|3|17|566|8|83.33|6.67|90.00|15.00|8.33|66.66|8.33|8.33|15.00|
2451415|79625|16051|3472463|1260362|2641|65501|3472463|1260362|2641|65501|1|11424|15|5|9|567|1|95.66|7.65|103.31|15.00|9.57|76.53|9.57|9.57|15.00|
2451313|10988|12839|1756120|636177|5090|4194057|1756120|636177|5090|4194057|5|11378|11|3|17|567|3|69.48|5.56|75.04|15.00|6.95|55.58|6.95|6.95|15.00|
2451218|53030|13161|10043525|806510|280|1266125|10043525|806510|280|1266125|5|1997|6|3|23|568|3|74.52|5.96|80.48|15.00|7.45|59.62|7.45|7.45|15.00|
2451481|67092|12783|4429973|329681|270|3701944|4429973|329681|270|3701944|6|2043|19|5|27|568|7|10.18|0.81|10.99|15.00|1.02|8.14|1.02|1.02|15.00|
2450825|29190|12039|539064|961570|182|1717646|539064|961570|182|1717646|3|7185|5|4|17|569|7|34.33|2.75|37.08|15.00|3.43|27.46|3.43|3.43|15.00|
2451014|7204|6604|6349664|977625|694|2811188|6349664|977625|694|2811188|3|2362|5|4|3|569|10|64.07|5.13|69.20|15.00|6.41|51.26|6.41|6.41|15.00|
2451008|8918|4814|9750243|944611|5086|252248|9750243|944611|5086|252248|4|6334|8|3|10|570|10|52.39|4.19|56.58|15.00|5.24|41.91|5.24|5.24|15.00|
2451424|34989|16764|5933123|1618719|1090|4676609|5933123|1618719|1090|4676609|5|8074|15|2|30|570|1|27.70|2.22|29.92|15.00|2.77|22.16|2.77|2.77|15.00|
2450831|19630|1998|5570652|1740331|3536|4363097|5570652|1740331|3536|4363097|6|2956|8|2|5|571|4|58.88|4.71|63.59|15.00|5.89|47.10|5.89|5.89|15.00|
2451053|5295|13816|8624439|1576703|6330|2841224|8624439|1576703|6330|2841224|5|7214|10|2|2|571|3|91.62|7.33|98.95|15.00|9.16|73.30|9.16|9.16|15.00|
2450951|58484|7041|11122035|1107110|4290|3202054|11122035|1107110|4290|3202054|2|8452|17|3|33|572|5|4.09|0.33|4.42|15.00|0.41|3.27|0.41|0.41|15.00|
2451320|2288|6838|10543361|1144039|7124|932908|10543361|1144039|7124|932908|6|5196|15|3|2|572|8|54.86|4.39|59.25|15.00|5.49|43.89|5.49|5.49|15.00|
2451056|85010|6276|8102085|128374|5379|3502801|8102085|128374|5379|3502801|2|9978|19|4|29|573|3|50.32|4.03|54.35|15.00|5.03|40.26|5.03|5.03|15.00|
2451538|32937|17062|6292245|1476084|2984|4430182|6292245|1476084|2984|4430182|5|1484|6|4|8|573|2|69.26|5.54|74.80|15.00|6.93|55.41|6.93|6.93|15.00|
2450857|6948|6051|9321196|978578|5798|4615250|9321196|978578|5798|4615250|1|6573|7|5|1|574|5|23.65|1.89|25.54|15.00|2.36|18.92|2.36|2.36|15.00|
2450901|70064|5279|5376075|248519|1040|3093650|5376075|248519|1040|3093650|3|2069|4|1|32|574|9|77.04|6.16|83.20|15.00|7.70|61.63|7.70|7.70|15.00|
2451372|4874|11189|5845512|296942|3171|369720|5845512|296942|3171|369720|4|1637|13|5|6|575|8|85.21|6.82|92.03|15.00|8.52|68.17|8.52|8.52|15.00|
2451343|56265|5611|3469468|89478|393|2524288|3469468|89478|393|2524288|2|44|14|1|1|575|2|9.02|0.72|9.74|15.00|0.90|7.22|0.90|0.90|15.00|
2451116|39091|15065|8378836|133879|7081|5864224|8378836|133879|7081|5864224|1|6647|10|3|13|576|9|52.12|4.17|56.29|15.00|5.21|41.70|5.21|5.21|15.00|
2451489|64522|144|10340408|249724|2920|3830967|10340408|249724|2920|3830967|5|2858|2|5|21|576|4|82.98|6.64|89.62|15.00|8.30|66.38|8.30|8.30|15.00|
2451095|48129|16531|2283091|1376680|5043|4276912|2283091|1376680|5043|4276912|6|413|12|2|12|577|6|66.05|5.28|71.33|15.00|6.61|52.84|6.61|6.61|15.00|
2451212|8955|15549|2167051|1518046|213|2627549|2167051|1518046|213|2627549|4|5554|10|2|23|577|5|25.10|2.01|27.11|15.00|2.51|20.08|2.51|2.51|15.00|
2451379|58771|2260|9565473|78220|3116|100945|9565473|78220|3116|100945|2|3720|1|3|21|578|6|59.82|4.79|64.61|15.00|5.98|47.86|5.98|5.98|15.00|
2450913|14943|9425|4583258|562640|6377|1529465|4583258|562640|6377|1529465|3|10222|9|4|33|578|8|74.04|5.92|79.96|15.00|7.40|59.23|7.40|7.40|15.00|
2451178|80808|2212|5057604|1379525|5418|4871745|5057604|1379525|5418|4871745|2|3114|4|1|4|579|1|41.58|3.33|44.91|15.00|4.16|33.26|4.16|4.16|15.00|
2451480|68492|8588|7446284|1578733|5993|2111304|7446284|1578733|5993|2111304|1|1050|8|3|22|579|8|33.64|2.69|36.33|15.00|3.36|26.91|3.36|3.36|15.00|
2451154|56944|7864|7230374|369329|5736|3768165|7230374|369329|5736|3768165|3|7032|7|2|33|580|5|0.65|0.05|0.70|15.00|0.07|0.52|0.07|0.07|15.00|
2451343|63871|975|7977989|278499|5750|5696251|7977989|278499|5750|5696251|1|5937|10|4|31|580|2|45.87|3.67|49.54|15.00|4.59|36.70|4.59|4.59|15.00|
2451256|27625|8709|10976774|1290427|1913|3165392|10976774|1290427|1913|3165392|4|11279|9|5|18|581|3|20.36|1.63|21.99|15.00|2.04|16.29|2.04|2.04|15.00|
2450823|17634|2593|2803533|300668|3262|4207293|2803533|300668|3262|4207293|2|6425|7|5|23|581|5|36.16|2.89|39.05|15.00|3.62|28.93|3.62|3.62|15.00|
2451058|27376|2444|10831635|1109625|6503|805022|10831635|1109625|6503|805022|6|9687|2|2|35|582|6|34.66|2.77|37.43|15.00|3.47|27.73|3.47|3.47|15.00|
2451095|79934|3130|10892706|496944|5917|4741535|10892706|496944|5917|4741535|5|10814|7|4|23|582|3|93.44|7.48|100.92|15.00|9.34|74.75|9.34|9.34|15.00|
2451230|50878|9190|4940682|514131|799|3126585|4940682|514131|799|3126585|3|4730|8|5|15|583|8|34.76|2.78|37.54|15.00|3.48|27.81|3.48|3.48|15.00|
2451185|59681|17284|4681911|903485|2553|2013629|4681911|903485|2553|2013629|5|6272|16|4|7|583|7|67.11|5.37|72.48|15.00|6.71|53.69|6.71|6.71|15.00|
2451184|28673|17282|7837864|1740192|3523|856566|7837864|1740192|3523|856566|6|3359|12|2|20|584|4|2.27|0.18|2.45|15.00|0.23|1.82|0.23|0.23|15.00|
2451079|80844|17307|5486269|1733860|3167|2499069|5486269|1733860|3167|2499069|1|3552|9|1|17|584|3|36.48|2.92|39.40|15.00|3.65|29.18|3.65|3.65|15.00|
2451325|40473|1097|6008263|582771|249|3625336|6008263|582771|249|3625336|3|8932|1|3|3|585|5|94.57|7.57|102.14|15.00|9.46|75.66|9.46|9.46|15.00|
2451524|49024|4944|6921486|361637|5652|558175|6921486|361637|5652|558175|3|883|16|5|31|585|10|14.58|1.17|15.75|15.00|1.46|11.66|1.46|1.46|15.00|
2451133|33658|17437|4050561|440629|4657|1970115|4050561|440629|4657|1970115|1|4284|11|3|32|586|1|6.54|0.52|7.06|15.00|0.65|5.23|0.65|0.65|15.00|
2450868|8810|10859|655044|964844|3858|524821|655044|964844|3858|524821|4|9089|19|2|32|586|10|14.45|1.16|15.61|15.00|1.45|11.56|1.45|1.45|15.00|
2451162|24598|14136|6916835|9017|3818|1640724|6916835|9017|3818|1640724|3|2793|10|1|20|587|2|11.15|0.89|12.04|15.00|1.11|8.92|1.11|1.11|15.00|
2451057|1527|15637|8803808|64247|430|4928113|8803808|64247|430|4928113|6|8583|8|1|30|587|4|51.49|4.12|55.61|15.00|5.15|41.19|5.15|5.15|15.00|
2450880|12101|3069|11148711|675192|1852|2497606|11148711|675192|1852|2497606|2|5070|4|1|13|588|10|65.31|5.22|70.53|15.00|6.53|52.25|6.53|6.53|15.00|
2451156|7645|11307|668531|164988|4329|1168631|668531|164988|4329|1168631|4|2358|6|1|10|588|2|14.93|1.19|16.12|15.00|1.49|11.94|1.49|1.49|15.00|
2450831|69803|14525|2919101|1550486|4781|4856299|2919101|1550486|4781|4856299|5|8855|17|1|34|589|8|87.79|7.02|94.81|15.00|8.78|70.23|8.78|8.78|15.00|
2451530|46393|14949|3930400|1390492|4930|1865996|3930400|1390492|4930|1865996|6|7214|5|1|25|589|9|37.79|3.02|40.81|15.00|3.78|30.23|3.78|3.78|15.00|
2451361|46507|13306|2760960|14552|2032|4753959|2760960|14552|2032|4753959|6|3216|15|1|24|590|7|35.91|2.87|38.78|15.00|3.59|28.73|3.59|3.59|15.00|
2451368|71331|2277|9773995|1459949|3372|5042978|9773995|1459949|3372|5042978|1|4645|11|3|13|590|3|16.91|1.35|18.26|15.00|1.69|13.53|1.69|1.69|15.00|
2450849|82187|6981|7333699|10052|6042|641242|7333699|10052|6042|641242|4|2142|10|1|25|591|4|98.61|7.89|106.50|15.00|9.86|78.89|9.86|9.86|15.00|
2451063|66960|14256|5816716|73375|4419|1444087|5816716|73375|4419|1444087|3|1429|6|3|15|591|2|88.58|7.09|95.67|15.00|8.86|70.86|8.86|8.86|15.00|
2451316|77034|2523|1774569|590666|4445|2910857|1774569|590666|4445|2910857|6|3644|9|1|15|592|6|20.02|1.60|21.62|15.00|2.00|16.02|2.00|2.00|15.00|
2451272|43738|2263|162880|1818335|6348|5579375|162880|1818335|6348|5579375|5|1504|20|4|13|592|4|36.09|2.89|38.98|15.00|3.61|28.87|3.61|3.61|15.00|
2450851|77479|369|3409636|1773774|1357|1096324|3409636|1773774|1357|1096324|5|3438|18|2|24|593|10|80.88|6.47|87.35|15.00|8.09|64.70|8.09|8.09|15.00|
2451233|68481|7932|10181958|467447|4873|3832396|10181958|467447|4873|3832396|3|2012|3|3|26|593|1|58.15|4.65|62.80|15.00|5.82|46.52|5.82|5.82|15.00|
2451126|7072|14616|39989|889911|3169|5302469|39989|889911|3169|5302469|4|8064|5|4|30|594|1|22.46|1.80|24.26|15.00|2.25|17.97|2.25|2.25|15.00|
2451406|16470|5168|3967340|1307028|3355|2923411|3967340|1307028|3355|2923411|2|496|10|3|22|594|2|57.32|4.59|61.91|15.00|5.73|45.86|5.73|5.73|15.00|
2451023|4694|16661|7404257|769153|5278|1119995|7404257|769153|5278|1119995|6|7424|20|5|4|595|3|92.70|7.42|100.12|15.00|9.27|74.16|9.27|9.27|15.00|
2451392|46733|1389|8335407|1145613|2104|2882359|8335407|1145613|2104|2882359|5|5431|15|3|30|595|6|55.42|4.43|59.85|15.00|5.54|44.34|5.54|5.54|15.00|
2451297|24493|12343|11644604|1825707|636|4385919|11644604|1825707|636|4385919|1|3455|9|4|9|596|8|19.61|1.57|21.18|15.00|1.96|15.69|1.96|1.96|15.00|
2451353|34678|2988|8232841|1412636|198|2647072|8232841|1412636|198|2647072|4|1076|9|1|7|596|2|40.13|3.21|43.34|15.00|4.01|32.10|4.01|4.01|15.00|
2451544|47239|13878|989500|1874793|3470|5090133|989500|1874793|3470|5090133|6|5268|14|1|4|597|3|63.83|5.11|68.94|15.00|6.38|51.06|6.38|6.38|15.00|
2451431|84432|2384|11411889|1488565|746|234241|11411889|1488565|746|234241|2|3122|20|4|13|597|7|39.94|3.20|43.14|15.00|3.99|31.95|3.99|3.99|15.00|
2451043|71806|14512|11661991|1093995|6196|1143007|11661991|1093995|6196|1143007|5|7023|11|1|35|598|8|90.19|7.22|97.41|15.00|9.02|72.15|9.02|9.02|15.00|
2451321|53073|2341|3082150|52123|1774|4008775|3082150|52123|1774|4008775|2|10387|4|4|10|598|10|82.46|6.60|89.06|15.00|8.25|65.97|8.25|8.25|15.00|
2451464|71741|8094|10818101|30946|1724|2272887|10818101|30946|1724|2272887|6|2792|7|5|13|599|8|44.36|3.55|47.91|15.00|4.44|35.49|4.44|4.44|15.00|
2451014|54669|7653|5643453|134316|7084|5376103|5643453|134316|7084|5376103|3|7551|6|3|22|599|2|9.79|0.78|10.57|15.00|0.98|7.83|0.98|0.98|15.00|
2450956|44602|16553|11680706|907177|3155|2236487|11680706|907177|3155|2236487|4|3263|8|2|5|600|5|54.55|4.36|58.91|15.00|5.46|43.64|5.46|5.46|15.00|
2451123|31214|16085|11466696|1903477|2036|3832101|11466696|1903477|2036|3832101|2|4499|5|1|8|600|3|19.45|1.56|21.01|15.00|1.95|15.56|1.95|1.95|15.00|
2451382|25130|10641|27489|537965|600|5815506|27489|537965|600|5815506|6|4484|9|5|4|601|3|11.48|0.92|12.40|15.00|1.15|9.18|1.15|1.15|15.00|
2450951|17087|150|1710970|1517941|7191|1592556|1710970|1517941|7191|1592556|5|7585|12|5|21|601|5|87.01|6.96|93.97|15.00|8.70|69.61|8.70|8.70|15.00|
2451089|37876|7349|2544660|1320771|7195|432626|2544660|1320771|7195|432626|6|9856|13|4|16|602|2|49.00|3.92|52.92|15.00|4.90|39.20|4.90|4.90|15.00|
2451290|41477|13203|6088860|645767|4557|2085987|6088860|645767|4557|2085987|6|1678|15|5|2|602|6|63.50|5.08|68.58|15.00|6.35|50.80|6.35|6.35|15.00|
2451369|30353|5756|4430395|1704346|3840|3100475|4430395|1704346|3840|3100475|1|11358|20|5|34|603|7|91.67|7.33|99.00|15.00|9.17|73.34|9.17|9.17|15.00|
2451123|30703|3311|6544130|652614|253|5166392|6544130|652614|253|5166392|2|4544|1|1|25|603|3|77.71|6.22|83.93|15.00|7.77|62.17|7.77|7.77|15.00|
2451200|39323|12372|3818610|1823786|6443|2852981|3818610|1823786|6443|2852981|3|9517|11|2|22|604|8|10.42|0.83|11.25|15.00|1.04|8.34|1.04|1.04|15.00|
2451021|50968|2235|3415336|677316|3409|5316211|3415336|677316|3409|5316211|5|10393|11|5|28|604|6|69.72|5.58|75.30|15.00|6.97|55.78|6.97|6.97|15.00|
2450877|7620|9217|6331369|54047|492|204552|6331369|54047|492|204552|2|8707|5|4|9|605|2|65.12|5.21|70.33|15.00|6.51|52.10|6.51|6.51|15.00|
2451421|70701|8346|6152197|1341342|4464|1664216|6152197|1341342|4464|1664216|5|10344|7|4|28|605|2|87.73|7.02|94.75|15.00|8.77|70.18|8.77|8.77|15.00|
2450919|40286|6430|11665360|735921|6974|1510806|11665360|735921|6974|1510806|6|3047|20|2|10|606|4|53.97|4.32|58.29|15.00|5.40|43.18|5.40|5.40|15.00|
2451503|43662|16970|8553951|1280337|4892|319240|8553951|1280337|4892|319240|2|2786|8|3|13|606|8|7.46|0.60|8.06|15.00|0.75|5.97|0.75|0.75|15.00|
2451150|46729|10434|608956|960743|2064|9408|608956|960743|2064|9408|3|1819|12|1|24|607|7|17.63|1.41|19.04|15.00|1.76|14.10|1.76|1.76|15.00|
2450943|434|17585|3615753|998826|2287|703205|3615753|998826|2287|703205|5|7410|13|3|21|607|10|60.07|4.81|64.88|15.00|6.01|48.06|6.01|6.01|15.00|
2451094|5081|15524|7257103|367010|5842|1927831|7257103|367010|5842|1927831|2|3981|5|2|29|608|7|17.35|1.39|18.74|15.00|1.74|13.88|1.74|1.74|15.00|
2451072|41117|2535|2095915|599547|6709|5384797|2095915|599547|6709|5384797|5|4816|10|1|20|608|3|35.11|2.81|37.92|15.00|3.51|28.09|3.51|3.51|15.00|
2450901|51116|3666|2919987|752261|832|999564|2919987|752261|832|999564|3|11242|11|2|23|609|6|84.05|6.72|90.77|15.00|8.40|67.24|8.40|8.40|15.00|
2451200|50779|7188|3672351|1046646|5247|2285434|3672351|1046646|5247|2285434|5|10208|16|3|19|609|2|60.00|4.80|64.80|15.00|6.00|48.00|6.00|6.00|15.00|
2451489|62640|6402|2690524|920249|4187|3097853|2690524|920249|4187|3097853|2|11306|12|2|17|610|9|13.24|1.06|14.30|15.00|1.32|10.59|1.32|1.32|15.00|
2450838|50786|8682|3795358|1440041|3639|583750|3795358|1440041|3639|583750|1|587|19|1|34|610|7|72.70|5.82|78.52|15.00|7.27|58.16|7.27|7.27|15.00|
2451227|44169|7778|8780708|1671810|738|5539542|8780708|1671810|738|5539542|1|11402|14|2|13|611|10|97.76|7.82|105.58|15.00|9.78|78.21|9.78|9.78|15.00|
2450947|54765|5609|8041904|1049762|5351|2503161|8041904|1049762|5351|2503161|6|934|20|4|31|611|4|32.20|2.58|34.78|15.00|3.22|25.76|3.22|3.22|15.00|
2451534|4337|2307|11560677|737729|1707|955432|11560677|737729|1707|955432|5|4913|3|2|19|612|6|74.27|5.94|80.21|15.00|7.43|59.42|7.43|7.43|15.00|
2450824|30761|11267|9389483|505209|5072|5585738|9389483|505209|5072|5585738|4|5358|7|1|19|612|1|88.76|7.10|95.86|15.00|8.88|71.01|8.88|8.88|15.00|
2450908|36591|17207|5516125|657753|4145|5930528|5516125|657753|4145|5930528|1|7295|6|3|6|613|2|35.62|2.85|38.47|15.00|3.56|28.50|3.56|3.56|15.00|
2450909|34979|4865|448383|1044943|1543|740358|448383|1044943|1543|740358|2|261|18|2|25|613|8|31.90|2.55|34.45|15.00|3.19|25.52|3.19|3.19|15.00|
2451417|42171|8368|4855344|1510916|2407|2764782|4855344|1510916|2407|2764782|5|2574|1|3|13|614|1|36.91|2.95|39.86|15.00|3.69|29.53|3.69|3.69|15.00|
2451445|50296|10370|9833961|1572948|1462|2229253|9833961|1572948|1462|2229253|6|497|11|5|28|614|9|69.74|5.58|75.32|15.00|6.97|55.79|6.97|6.97|15.00|
2450875|2388|7885|5870831|675234|6470|1362594|5870831|675234|6470|1362594|6|5878|13|2|24|615|4|49.23|3.94|53.17|15.00|4.92|39.38|4.92|4.92|15.00|
2451003|4061|9884|11276179|1349640|3132|1878998|11276179|1349640|3132|1878998|2|8256|1|5|25|615|8|30.10|2.41|32.51|15.00|3.01|24.08|3.01|3.01|15.00|
2450866|25442|7919|2167640|740303|617|4863021|2167640|740303|617|4863021|1|9937|18|5|28|616|1|65.49|5.24|70.73|15.00|6.55|52.39|6.55|6.55|15.00|
2451163|14646|14171|10486712|702613|1458|2822642|10486712|702613|1458|2822642|2|1525|7|1|15|616|5|10.28|0.82|11.10|15.00|1.03|8.22|1.03|1.03|15.00|
2451316|5939|14590|5527116|1008410|5145|104898|5527116|1008410|5145|104898|2|7887|10|2|14|617|7|36.11|2.89|39.00|15.00|3.61|28.89|3.61|3.61|15.00|
2451334|43076|1675|5352013|978404|1052|5276454|5352013|978404|1052|5276454|6|5562|11|1|6|617|6|27.15|2.17|29.32|15.00|2.71|21.72|2.71|2.71|15.00|
2451449|61351|478|333177|120857|4097|2957614|333177|120857|4097|2957614|6|6720|3|2|14|618|6|68.58|5.49|74.07|15.00|6.86|54.86|6.86|6.86|15.00|
2451331|20132|9046|3397952|898435|3293|4351104|3397952|898435|3293|4351104|5|8173|19|1|26|618|6|68.63|5.49|74.12|15.00|6.86|54.90|6.86|6.86|15.00|
2450916|68630|10736|5473124|1786812|1241|3226839|5473124|1786812|1241|3226839|4|2093|12|1|23|619|8|87.22|6.98|94.20|15.00|8.72|69.78|8.72|8.72|15.00|
2451156|7856|4263|11251226|1865881|2652|5018159|11251226|1865881|2652|5018159|3|3445|17|4|10|619|3|43.05|3.44|46.49|15.00|4.30|34.44|4.30|4.30|15.00|
2451252|22395|16627|968564|968727|1077|5324398|968564|968727|1077|5324398|3|6520|17|2|18|620|7|49.95|4.00|53.95|15.00|5.00|39.96|5.00|5.00|15.00|
2451032|7925|2028|10354021|171263|1706|5720564|10354021|171263|1706|5720564|3|10392|3|1|12|620|4|13.37|1.07|14.44|15.00|1.34|10.70|1.34|1.34|15.00|
2451396|81204|2187|2839072|182325|251|2066799|2839072|182325|251|2066799|4|7218|4|4|27|621|8|94.44|7.56|102.00|15.00|9.44|75.55|9.44|9.44|15.00|
2450872|38815|2196|7677805|1848060|2194|2002624|7677805|1848060|2194|2002624|5|8543|3|3|33|621|4|55.72|4.46|60.18|15.00|5.57|44.58|5.57|5.57|15.00|
2451245|74947|820|4220698|1182952|1455|1385843|4220698|1182952|1455|1385843|1|8253|16|3|30|622|1|90.79|7.26|98.05|15.00|9.08|72.63|9.08|9.08|15.00|
2451417|77919|8306|762261|1095084|3610|1355559|762261|1095084|3610|1355559|5|4170|12|2|34|622|2|45.23|3.62|48.85|15.00|4.52|36.18|4.52|4.52|15.00|
2451168|11278|5316|6293463|1336249|2477|643403|6293463|1336249|2477|643403|5|260|6|3|6|623|2|33.17|2.65|35.82|15.00|3.32|26.54|3.32|3.32|15.00|
2451108|3796|11820|7123464|959648|4091|4716267|7123464|959648|4091|4716267|6|913|18|3|31|623|8|28.60|2.29|30.89|15.00|2.86|22.88|2.86|2.86|15.00|
2450978|15979|10706|3056947|1107544|3348|3419922|3056947|1107544|3348|3419922|5|911|17|2|16|624|10|46.57|3.73|50.30|15.00|4.66|37.26|4.66|4.66|15.00|
2451392|30307|15708|9446073|779873|4602|5929328|9446073|779873|4602|5929328|4|8669|10|5|15|624|2|22.07|1.77|23.84|15.00|2.21|17.66|2.21|2.21|15.00|
2451434|30678|11732|1077349|724056|1472|10428|1077349|724056|1472|10428|5|6755|17|4|4|625|10|8.56|0.68|9.24|15.00|0.86|6.85|0.86|0.86|15.00|
2450896|24269|15577|931842|153713|6995|3695487|931842|153713|6995|3695487|6|606|5|4|29|625|10|69.96|5.60|75.56|15.00|7.00|55.97|7.00|7.00|15.00|
2450931|11810|2959|4493065|1915543|5117|1385470|4493065|1915543|5117|1385470|4|6256|19|5|16|626|8|15.69|1.26|16.95|15.00|1.57|12.55|1.57|1.57|15.00|
2451513|84392|9324|10616391|1304862|6319|3186202|10616391|1304862|6319|3186202|1|4807|9|3|23|626|9|62.93|5.03|67.96|15.00|6.29|50.34|6.29|6.29|15.00|
2450957|73351|14695|1937178|1223296|5775|2446713|1937178|1223296|5775|2446713|1|11012|8|3|35|627|7|47.62|3.81|51.43|15.00|4.76|38.10|4.76|4.76|15.00|
2451485|66515|5055|6686972|1274806|5110|4710954|6686972|1274806|5110|4710954|3|4433|10|1|30|627|3|61.12|4.89|66.01|15.00|6.11|48.90|6.11|6.11|15.00|
2450921|75116|7227|2774998|1772368|1684|1204873|2774998|1772368|1684|1204873|6|11255|15|5|35|628|1|69.57|5.57|75.14|15.00|6.96|55.66|6.96|6.96|15.00|
2451078|45915|5339|2669286|1827893|832|39593|2669286|1827893|832|39593|4|5620|19|2|32|628|2|31.09|2.49|33.58|15.00|3.11|24.87|3.11|3.11|15.00|
2451056|70961|5243|7053385|972202|925|5488709|7053385|972202|925|5488709|5|3916|9|5|21|629|6|8.77|0.70|9.47|15.00|0.88|7.02|0.88|0.88|15.00|
2450905|80429|17657|9559539|969615|1562|5720940|9559539|969615|1562|5720940|5|2139|8|2|25|629|2|25.14|2.01|27.15|15.00|2.51|20.11|2.51|2.51|15.00|
2451505|30046|17300|9487200|1856104|665|2935266|9487200|1856104|665|2935266|2|10134|7|5|31|630|2|6.91|0.55|7.46|15.00|0.69|5.53|0.69|0.69|15.00|
2451121|82491|10345|11057655|1142960|2652|1562054|11057655|1142960|2652|1562054|5|6043|8|3|19|630|8|76.27|6.10|82.37|15.00|7.63|61.02|7.63|7.63|15.00|
2450914|74450|8304|4762865|652622|4664|111777|4762865|652622|4664|111777|3|10466|2|1|33|631|7|70.88|5.67|76.55|15.00|7.09|56.70|7.09|7.09|15.00|
2450892|73552|6569|6776107|1245368|1269|4451413|6776107|1245368|1269|4451413|4|312|9|5|35|631|1|27.87|2.23|30.10|15.00|2.79|22.30|2.79|2.79|15.00|
2451272|70784|3955|2923209|1398586|1275|5492219|2923209|1398586|1275|5492219|3|6541|7|5|11|632|2|13.40|1.07|14.47|15.00|1.34|10.72|1.34|1.34|15.00|
2451368|32252|10987|6047713|1402881|6023|5477445|6047713|1402881|6023|5477445|2|9492|6|1|32|632|3|36.42|2.91|39.33|15.00|3.64|29.14|3.64|3.64|15.00|
2451432|54904|15493|3253174|792027|1814|2933636|3253174|792027|1814|2933636|1|4834|1|4|24|633|3|66.54|5.32|71.86|15.00|6.65|53.23|6.65|6.65|15.00|
2450857|5426|14618|10390422|156314|7056|5353150|10390422|156314|7056|5353150|2|8825|7|5|23|633|8|1.45|0.12|1.57|15.00|0.14|1.16|0.14|0.14|15.00|
2451362|27739|13680|384714|1642714|4228|4007772|384714|1642714|4228|4007772|4|10200|16|1|8|634|9|17.31|1.38|18.69|15.00|1.73|13.85|1.73|1.73|15.00|
2451259|54722|6569|11459633|957337|24|2091999|11459633|957337|24|2091999|2|6006|16|5|6|634|7|89.97|7.20|97.17|15.00|9.00|71.98|9.00|9.00|15.00|
2451382|81890|9150|6849955|1032298|6533|5358637|6849955|1032298|6533|5358637|1|1767|12|2|6|635|4|61.79|4.94|66.73|15.00|6.18|49.43|6.18|6.18|15.00|
2451356|67010|3899|1977601|1144826|2443|2833120|1977601|1144826|2443|2833120|1|5109|7|1|4|635|7|36.20|2.90|39.10|15.00|3.62|28.96|3.62|3.62|15.00|
2451169|72016|9682|10191923|406867|5170|3160267|10191923|406867|5170|3160267|2|6096|3|5|2|636|10|46.58|3.73|50.31|15.00|4.66|37.26|4.66|4.66|15.00|
2451495|84784|5311|6106736|593888|4819|857434|6106736|593888|4819|857434|1|3472|9|2|7|636|4|17.72|1.42|19.14|15.00|1.77|14.18|1.77|1.77|15.00|
2451454|53047|10256|11529382|1643495|324|706777|11529382|1643495|324|706777|1|2712|15|1|19|637|1|91.81|7.34|99.15|15.00|9.18|73.45|9.18|9.18|15.00|
2451163|81990|3892|8571718|1574226|5165|5975107|8571718|1574226|5165|5975107|2|584|2|4|33|637|1|2.27|0.18|2.45|15.00|0.23|1.82|0.23|0.23|15.00|
2451288|53339|17835|3899876|923824|4198|1750404|3899876|923824|4198|1750404|2|9480|11|5|4|638|9|29.30|2.34|31.64|15.00|2.93|23.44|2.93|2.93|15.00|
2451537|25322|11368|9927484|1347153|5443|1913450|9927484|1347153|5443|1913450|5|5111|12|5|34|638|2|41.01|3.28|44.29|15.00|4.10|32.81|4.10|4.10|15.00|
2451312|44217|15825|6460923|505449|6946|510707|6460923|505449|6946|510707|4|1840|1|2|5|639|5|21.76|1.74|23.50|15.00|2.18|17.41|2.18|2.18|15.00|
2451439|10740|4420|9187283|889625|3148|1812267|9187283|889625|3148|1812267|3|8333|8|4|29|639|1|20.23|1.62|21.85|15.00|2.02|16.18|2.02|2.02|15.00|
2451331|84303|17697|5842287|402870|248|5680824|5842287|402870|248|5680824|4|225|20|3|10|640|8|86.21|6.90|93.11|15.00|8.62|68.97|8.62|8.62|15.00|
2451194|73798|13193|10321508|999552|3790|4673011|10321508|999552|3790|4673011|5|11709|16|5|8|640|3|59.96|4.80|64.76|15.00|6.00|47.97|6.00|6.00|15.00|
2451093|84165|8880|431751|505768|6507|1048146|431751|505768|6507|1048146|1|3905|9|3|19|641|4|55.95|4.48|60.43|15.00|5.60|44.76|5.60|5.60|15.00|
2450845|64941|4675|11197240|1639063|2669|5264336|11197240|1639063|2669|5264336|1|3362|14|5|11|641|10|75.05|6.00|81.05|15.00|7.50|60.04|7.50|7.50|15.00|
2450875|53159|15066|2220938|626933|1459|4322819|2220938|626933|1459|4322819|5|8289|1|1|24|642|9|84.66|6.77|91.43|15.00|8.47|67.73|8.47|8.47|15.00|
2451200|18768|11774|11045766|1401479|1436|5858400|11045766|1401479|1436|5858400|1|8100|18|5|13|642|2|10.52|0.84|11.36|15.00|1.05|8.42|1.05|1.05|15.00|
2451092|27390|150|9115573|1243006|780|4326270|9115573|1243006|780|4326270|6|9218|10|3|7|643|9|41.44|3.32|44.76|15.00|4.14|33.15|4.14|4.14|15.00|
2451129|65191|10155|6253700|302559|2694|208469|6253700|302559|2694|208469|6|4856|8|1|12|643|2|62.50|5.00|67.50|15.00|6.25|50.00|6.25|6.25|15.00|
2451275|14976|16758|6087394|1726221|1251|2900202|6087394|1726221|1251|2900202|6|7497|3|5|21|644|1|35.28|2.82|38.10|15.00|3.53|28.22|3.53|3.53|15.00|
2451347|13893|1546|3711060|932710|3877|5118673|3711060|932710|3877|5118673|6|1028|3|1|16|644|10|18.13|1.45|19.58|15.00|1.81|14.50|1.81|1.81|15.00|
2450942|2321|12429|5081389|1775849|5529|1337763|5081389|1775849|5529|1337763|2|2092|4|2|24|645|3|15.64|1.25|16.89|15.00|1.56|12.51|1.56|1.56|15.00|
2451518|44967|13451|10856785|375930|5601|2943952|10856785|375930|5601|2943952|3|9556|10|4|9|645|5|11.35|0.91|12.26|15.00|1.14|9.08|1.14|1.14|15.00|
2450918|38708|13134|5221077|1747796|2918|3891857|5221077|1747796|2918|3891857|6|2432|10|5|26|646|9|40.08|3.21|43.29|15.00|4.01|32.06|4.01|4.01|15.00|
2451189|28387|10209|3610450|151573|3204|5620352|3610450|151573|3204|5620352|6|5584|5|2|5|646|9|10.71|0.86|11.57|15.00|1.07|8.57|1.07|1.07|15.00|
2451242|1829|7385|4696661|1639653|1452|3818174|4696661|1639653|1452|3818174|4|2116|13|5|11|647|1|77.40|6.19|83.59|15.00|7.74|61.92|7.74|7.74|15.00|
2450937|21964|1443|6118784|1672988|5638|490864|6118784|1672988|5638|490864|5|1353|12|1|19|647|8|63.24|5.06|68.30|15.00|6.32|50.59|6.32|6.32|15.00|
2450854|80725|6824|1812056|1580149|1276|4989845|1812056|1580149|1276|4989845|4|6264|15|5|31|648|10|93.40|7.47|100.87|15.00|9.34|74.72|9.34|9.34|15.00|
2451501|13315|11718|5492945|290384|7053|5616811|5492945|290384|7053|5616811|4|7968|18|1|9|648|3|63.40|5.07|68.47|15.00|6.34|50.72|6.34|6.34|15.00|
2450887|44631|1058|5479183|159754|1493|3901661|5479183|159754|1493|3901661|1|8472|4|4|22|649|9|78.68|6.29|84.97|15.00|7.87|62.94|7.87|7.87|15.00|
2450993|64922|14183|7958581|898148|4692|4295514|7958581|898148|4692|4295514|1|2449|3|5|25|649|9|78.08|6.25|84.33|15.00|7.81|62.46|7.81|7.81|15.00|
2451255|83253|13358|9647772|441080|4138|1077767|9647772|441080|4138|1077767|3|8369|12|1|5|650|10|91.42|7.31|98.73|15.00|9.14|73.14|9.14|9.14|15.00|
2451501|32438|15957|2364922|1131514|958|2753441|2364922|1131514|958|2753441|4|8663|15|2|31|650|7|57.79|4.62|62.41|15.00|5.78|46.23|5.78|5.78|15.00|
2450830|26733|4774|4326357|50023|1977|2253447|4326357|50023|1977|2253447|5|7628|1|2|27|651|6|97.24|7.78|105.02|15.00|9.72|77.79|9.72|9.72|15.00|
2451414|81542|15109|6100202|352621|3905|4487951|6100202|352621|3905|4487951|4|5045|15|4|22|651|10|62.39|4.99|67.38|15.00|6.24|49.91|6.24|6.24|15.00|
2451489|56611|7432|4396936|1305817|2110|3690862|4396936|1305817|2110|3690862|2|2092|9|3|25|652|2|9.31|0.74|10.05|15.00|0.93|7.45|0.93|0.93|15.00|
2451506|38057|7064|5514758|1485820|1856|4359940|5514758|1485820|1856|4359940|5|10681|16|2|26|652|9|96.50|7.72|104.22|15.00|9.65|77.20|9.65|9.65|15.00|
2451329|62074|4844|7660026|1163817|2849|4998472|7660026|1163817|2849|4998472|2|5943|20|5|6|653|7|75.36|6.03|81.39|15.00|7.54|60.29|7.54|7.54|15.00|
2450850|80187|13690|2812096|1130769|717|4518558|2812096|1130769|717|4518558|4|4369|13|3|29|653|7|5.00|0.40|5.40|15.00|0.50|4.00|0.50|0.50|15.00|
2451340|35589|14375|4788588|588764|4683|730867|4788588|588764|4683|730867|5|10562|1|1|26|654|5|29.49|2.36|31.85|15.00|2.95|23.59|2.95|2.95|15.00|
2450971|79490|16618|1591743|1510985|3747|2441659|1591743|1510985|3747|2441659|1|6829|14|4|35|654|1|76.95|6.16|83.11|15.00|7.70|61.56|7.70|7.70|15.00|
2451204|65506|3869|3695746|9865|2081|580535|3695746|9865|2081|580535|6|3028|19|4|16|655|9|71.38|5.71|77.09|15.00|7.14|57.10|7.14|7.14|15.00|
2451075|7305|8789|9938086|1392213|6267|5088816|9938086|1392213|6267|5088816|2|11716|2|3|32|655|7|27.23|2.18|29.41|15.00|2.72|21.78|2.72|2.72|15.00|
2451362|78649|5800|996146|159252|2892|1498929|996146|159252|2892|1498929|1|11513|4|4|5|656|9|49.86|3.99|53.85|15.00|4.99|39.89|4.99|4.99|15.00|
2451377|45198|553|2951672|1841551|5562|1488221|2951672|1841551|5562|1488221|4|11698|18|4|20|656|6|90.44|7.24|97.68|15.00|9.04|72.35|9.04|9.04|15.00|
2450865|66874|10009|6973044|1588414|3673|4925639|6973044|1588414|3673|4925639|4|4171|18|5|13|657|5|26.41|2.11|28.52|15.00|2.64|21.13|2.64|2.64|15.00|
2451414|50900|9911|8848067|1614218|6707|5182358|8848067|1614218|6707|5182358|4|3749|13|2|19|657|1|72.19|5.78|77.97|15.00|7.22|57.75|7.22|7.22|15.00|
2451106|72599|10014|1705965|73150|3095|2739004|1705965|73150|3095|2739004|2|3813|9|1|3|658|9|14.90|1.19|16.09|15.00|1.49|11.92|1.49|1.49|15.00|
2451520|41313|17471|5502286|1597643|5780|4820949|5502286|1597643|5780|4820949|3|3846|14|4|22|658|8|91.06|7.28|98.34|15.00|9.11|72.85|9.11|9.11|15.00|
2451365|69780|2557|1179712|370850|6120|820112|1179712|370850|6120|820112|5|2628|19|5|22|659|2|33.94|2.72|36.66|15.00|3.39|27.15|3.39|3.39|15.00|
2451072|46203|17203|7246274|525659|4599|2153643|7246274|525659|4599|2153643|5|9670|8|3|28|659|5|45.17|3.61|48.78|15.00|4.52|36.14|4.52|4.52|15.00|
2451408|49570|4610|10591579|1077647|5775|1722863|10591579|1077647|5775|1722863|6|10973|11|3|17|660|6|22.43|1.79|24.22|15.00|2.24|17.94|2.24|2.24|15.00|
2451266|8531|13917|426578|369942|676|297956|426578|369942|676|297956|6|1264|12|4|18|660|1|18.58|1.49|20.07|15.00|1.86|14.86|1.86|1.86|15.00|
2451209|35061|4567|10540931|92297|5679|5104144|10540931|92297|5679|5104144|5|9574|16|3|11|661|10|64.58|5.17|69.75|15.00|6.46|51.66|6.46|6.46|15.00|
2450817|66789|3585|7102174|860207|113|2515937|7102174|860207|113|2515937|3|9094|11|2|31|661|5|20.40|1.63|22.03|15.00|2.04|16.32|2.04|2.04|15.00|
2451518|49899|7487|3234554|919483|6093|4246477|3234554|919483|6093|4246477|1|3097|13|5|5|662|2|42.07|3.37|45.44|15.00|4.21|33.66|4.21|4.21|15.00|
2451107|46983|16339|4954378|844576|3104|3028882|4954378|844576|3104|3028882|1|1207|3|3|13|662|10|53.20|4.26|57.46|15.00|5.32|42.56|5.32|5.32|15.00|
2450861|83352|1723|2157060|1272591|6259|2662212|2157060|1272591|6259|2662212|4|9059|19|1|33|663|9|71.90|5.75|77.65|15.00|7.19|57.52|7.19|7.19|15.00|
2450880|14050|15564|10293471|1520415|1639|2527566|10293471|1520415|1639|2527566|4|4893|13|1|31|663|6|86.67|6.93|93.60|15.00|8.67|69.34|8.67|8.67|15.00|
2451220|29369|14662|7579674|1493468|4935|5400724|7579674|1493468|4935|5400724|6|4204|14|4|29|664|5|14.27|1.14|15.41|15.00|1.43|11.42|1.43|1.43|15.00|
2451304|5877|17037|7102428|717998|923|3647845|7102428|717998|923|3647845|4|3746|8|2|7|664|6|27.64|2.21|29.85|15.00|2.76|22.11|2.76|2.76|15.00|
2451151|57369|11799|11730430|1269455|5400|2011645|11730430|1269455|5400|2011645|3|6249|8|2|6|665|7|21.51|1.72|23.23|15.00|2.15|17.21|2.15|2.15|15.00|
2451391|21529|14123|4262779|527954|1118|2172853|4262779|527954|1118|2172853|5|9108|1|2|19|665|7|9.32|0.75|10.07|15.00|0.93|7.46|0.93|0.93|15.00|
2451536|9722|615|7614431|1315410|4190|5348033|7614431|1315410|4190|5348033|4|1930|2|3|18|666|8|83.69|6.70|90.39|15.00|8.37|66.95|8.37|8.37|15.00|
2451273|26628|7356|10278091|1364476|6584|5157767|10278091|1364476|6584|5157767|2|279|17|2|26|666|8|75.36|6.03|81.39|15.00|7.54|60.29|7.54|7.54|15.00|
2451465|81834|16242|4698509|1216628|6389|5808810|4698509|1216628|6389|5808810|2|9487|12|2|9|667|4|47.34|3.79|51.13|15.00|4.73|37.87|4.73|4.73|15.00|
2451408|27532|6157|462848|1336685|3604|5617928|462848|1336685|3604|5617928|6|2174|2|2|9|667|6|48.91|3.91|52.82|15.00|4.89|39.13|4.89|4.89|15.00|
2450990|38769|16596|5452051|1564971|1543|5752631|5452051|1564971|1543|5752631|3|661|4|1|27|668|8|52.11|4.17|56.28|15.00|5.21|41.69|5.21|5.21|15.00|
2451355|45599|5528|2878878|61801|1967|31337|2878878|61801|1967|31337|5|813|9|5|25|668|5|37.15|2.97|40.12|15.00|3.71|29.72|3.71|3.71|15.00|
2451465|64763|16570|9972750|335972|3645|3060912|9972750|335972|3645|3060912|4|2998|11|4|29|669|7|86.19|6.90|93.09|15.00|8.62|68.95|8.62|8.62|15.00|
2451053|11026|16431|11400066|1689794|216|3739243|11400066|1689794|216|3739243|5|726|18|5|7|669|1|73.95|5.92|79.87|15.00|7.40|59.16|7.40|7.40|15.00|
2450871|51697|3552|8176232|1379560|174|5409160|8176232|1379560|174|5409160|3|10040|13|3|25|670|4|94.27|7.54|101.81|15.00|9.43|75.42|9.43|9.43|15.00|
2451492|16694|15445|5126148|828089|5545|2101242|5126148|828089|5545|2101242|6|6298|1|5|27|670|4|17.21|1.38|18.59|15.00|1.72|13.77|1.72|1.72|15.00|
2451264|76897|5660|1162549|387911|5957|4273333|1162549|387911|5957|4273333|2|7365|13|3|15|671|6|7.52|0.60|8.12|15.00|0.75|6.02|0.75|0.75|15.00|
2450840|59927|6138|4725370|1874851|6094|685646|4725370|1874851|6094|685646|3|572|19|4|7|671|9|71.61|5.73|77.34|15.00|7.16|57.29|7.16|7.16|15.00|
2450997|55056|4378|3877820|1782579|6047|4566198|3877820|1782579|6047|4566198|1|6761|5|3|28|672|4|35.13|2.81|37.94|15.00|3.51|28.10|3.51|3.51|15.00|
2451497|56718|12729|8132181|946639|4926|3136007|8132181|946639|4926|3136007|4|1664|18|1|29|672|3|48.52|3.88|52.40|15.00|4.85|38.82|4.85|4.85|15.00|
2451531|59603|1202|7905769|1447477|3129|2262685|7905769|1447477|3129|2262685|2|4441|17|2|31|673|3|31.34|2.51|33.85|15.00|3.13|25.07|3.13|3.13|15.00|
2451461|33872|4856|1721616|1411716|3461|5714431|1721616|1411716|3461|5714431|1|7579|19|4|24|673|10|45.60|3.65|49.25|15.00|4.56|36.48|4.56|4.56|15.00|
2451286|80854|1060|10449636|37153|7057|4540685|10449636|37153|7057|4540685|2|1293|9|4|8|674|10|66.15|5.29|71.44|15.00|6.62|52.92|6.62|6.62|15.00|
2451515|59644|7825|7269306|497125|1002|2990039|7269306|497125|1002|2990039|5|7226|7|4|4|674|8|34.70|2.78|37.48|15.00|3.47|27.76|3.47|3.47|15.00|
2450845|37220|8501|7434449|45817|3931|976292|7434449|45817|3931|976292|6|6269|3|2|1|675|8|99.19|7.94|107.13|15.00|9.92|79.35|9.92|9.92|15.00|
2450834|60407|7737|2911476|389954|3461|3486475|2911476|389954|3461|3486475|3|6110|10|3|22|675|6|67.58|5.41|72.99|15.00|6.76|54.06|6.76|6.76|15.00|
2450838|86265|565|1355314|259972|4774|2807413|1355314|259972|4774|2807413|2|8306|12|4|9|676|7|68.18|5.45|73.63|15.00|6.82|54.54|6.82|6.82|15.00|
2451361|86037|11418|8785704|445071|889|2456595|8785704|445071|889|2456595|4|11465|7|5|27|676|5|16.42|1.31|17.73|15.00|1.64|13.14|1.64|1.64|15.00|
2450965|12722|2143|7939475|1152507|3093|5175241|7939475|1152507|3093|5175241|2|9571|9|5|12|677|2|21.01|1.68|22.69|15.00|2.10|16.81|2.10|2.10|15.00|
2450902|5275|3513|5782341|940034|3312|1712742|5782341|940034|3312|1712742|3|2476|20|2|25|677|2|91.06|7.28|98.34|15.00|9.11|72.85|9.11|9.11|15.00|
2451056|30562|926|1777799|156134|3871|4742363|1777799|156134|3871|4742363|1|9517|19|4|6|678|10|82.64|6.61|89.25|15.00|8.26|66.11|8.26|8.26|15.00|
2451399|60393|11271|9364770|1275220|4575|4741742|9364770|1275220|4575|4741742|4|1047|4|4|28|678|9|12.53|1.00|13.53|15.00|1.25|10.02|1.25|1.25|15.00|
2451274|50394|2053|394208|1494316|3086|2113872|394208|1494316|3086|2113872|1|7047|20|4|26|679|9|19.86|1.59|21.45|15.00|1.99|15.89|1.99|1.99|15.00|
2450915|73498|1507|9477988|43063|463|3071996|9477988|43063|463|3071996|5|9464|2|4|11|679|7|75.14|6.01|81.15|15.00|7.51|60.11|7.51|7.51|15.00|
2451314|1357|2015|2149921|107348|1418|899141|2149921|107348|1418|899141|2|5782|20|3|2|680|9|1.67|0.13|1.80|15.00|0.17|1.34|0.17|0.17|15.00|
2451152|82153|13850|3124113|1277864|7015|281455|3124113|1277864|7015|281455|3|7769|9|1|18|680|4|52.31|4.18|56.49|15.00|5.23|41.85|5.23|5.23|15.00|
2451388|47762|11516|11100169|1529515|3832|2527357|11100169|1529515|3832|2527357|1|5120|16|4|14|681|10|82.26|6.58|88.84|15.00|8.23|65.81|8.23|8.23|15.00|
2451298|551|3236|3129761|397719|4764|3884684|3129761|397719|4764|3884684|3|7535|5|1|18|681|9|69.40|5.55|74.95|15.00|6.94|55.52|6.94|6.94|15.00|
2451166|42979|9623|158274|1355012|1436|5394797|158274|1355012|1436|5394797|4|5540|2|2|1|682|5|41.40|3.31|44.71|15.00|4.14|33.12|4.14|4.14|15.00|
2450968|7476|13445|4406959|1335000|769|501914|4406959|1335000|769|501914|6|4425|19|3|28|682|2|14.03|1.12|15.15|15.00|1.40|11.22|1.40|1.40|15.00|
2451377|27871|13028|9522806|1122376|3414|5427525|9522806|1122376|3414|5427525|3|833|3|4|14|683|4|86.63|6.93|93.56|15.00|8.66|69.30|8.66|8.66|15.00|
2451266|32767|13169|11501840|1663522|6185|4669212|11501840|1663522|6185|4669212|6|2254|15|4|14|683|9|26.45|2.12|28.57|15.00|2.65|21.16|2.65|2.65|15.00|
2451012|27505|11093|3339665|719697|1442|4933551|3339665|719697|1442|4933551|2|4431|1|4|31|684|6|10.81|0.86|11.67|15.00|1.08|8.65|1.08|1.08|15.00|
2451539|61022|426|3352810|671599|7106|2524423|3352810|671599|7106|2524423|2|10279|11|4|5|684|4|18.93|1.51|20.44|15.00|1.89|15.14|1.89|1.89|15.00|
2451022|62055|10596|3231367|441702|4195|3261970|3231367|441702|4195|3261970|3|7934|11|1|32|685|2|5.48|0.44|5.92|15.00|0.55|4.38|0.55|0.55|15.00|
2451217|76115|6|1980820|337696|1401|4758080|1980820|337696|1401|4758080|6|5906|13|4|7|685|7|39.82|3.19|43.01|15.00|3.98|31.86|3.98|3.98|15.00|
2451014|40417|15312|5663463|526362|6166|3460296|5663463|526362|6166|3460296|5|10928|8|4|3|686|3|22.57|1.81|24.38|15.00|2.26|18.06|2.26|2.26|15.00|
2451060|56746|380|2282605|1200326|3392|3093765|2282605|1200326|3392|3093765|4|10291|17|2|23|686|5|57.96|4.64|62.60|15.00|5.80|46.37|5.80|5.80|15.00|
2451366|30301|1801|2888171|1175204|3947|1445583|2888171|1175204|3947|1445583|6|6403|7|4|17|687|8|43.36|3.47|46.83|15.00|4.34|34.69|4.34|4.34|15.00|
2451330|55415|1205|1746369|1605984|1115|1919182|1746369|1605984|1115|1919182|3|746|15|1|18|687|3|5.72|0.46|6.18|15.00|0.57|4.58|0.57|0.57|15.00|
2450881|82770|13253|11658506|1401943|3820|919646|11658506|1401943|3820|919646|3|5960|6|4|33|688|7|11.55|0.92|12.47|15.00|1.16|9.24|1.16|1.16|15.00|
2451354|51130|6359|10657672|1049052|229|5870688|10657672|1049052|229|5870688|2|4806|13|2|16|688|7|22.60|1.81|24.41|15.00|2.26|18.08|2.26|2.26|15.00|
2451535|49110|17969|1787497|338486|7032|1872672|1787497|338486|7032|1872672|4|5821|11|1|8|689|8|40.23|3.22|43.45|15.00|4.02|32.18|4.02|4.02|15.00|
2451186|42095|9212|9828286|1681359|6813|1980285|9828286|1681359|6813|1980285|5|2095|5|4|34|689|5|56.55|4.52|61.07|15.00|5.66|45.24|5.66|5.66|15.00|
2451460|4372|10586|1939207|274201|6211|1851767|1939207|274201|6211|1851767|1|9829|2|4|13|690|2|41.99|3.36|45.35|15.00|4.20|33.59|4.20|4.20|15.00|
2451069|57323|10684|9526475|412491|2915|4540347|9526475|412491|2915|4540347|1|6338|20|4|16|690|3|54.47|4.36|58.83|15.00|5.45|43.58|5.45|5.45|15.00|
2451224|64|17870|10249227|322665|3518|1125254|10249227|322665|3518|1125254|6|8969|10|1|24|691|1|79.09|6.33|85.42|15.00|7.91|63.27|7.91|7.91|15.00|
2451396|33793|15868|2234186|1002341|5204|1978990|2234186|1002341|5204|1978990|5|5644|14|2|18|691|7|90.24|7.22|97.46|15.00|9.02|72.19|9.02|9.02|15.00|
2451175|48477|5679|10499633|508373|4514|2192787|10499633|508373|4514|2192787|2|7639|6|5|27|692|2|45.09|3.61|48.70|15.00|4.51|36.07|4.51|4.51|15.00|
2451270|57261|17007|10612343|824094|5110|3374302|10612343|824094|5110|3374302|1|6051|19|5|10|692|8|68.47|5.48|73.95|15.00|6.85|54.78|6.85|6.85|15.00|
2451332|47615|2783|11853846|1717156|2168|1332592|11853846|1717156|2168|1332592|1|3942|20|5|34|693|8|16.35|1.31|17.66|15.00|1.64|13.08|1.64|1.64|15.00|
2451254|43603|10896|7335210|1021943|3080|4193254|7335210|1021943|3080|4193254|2|3121|4|4|14|693|4|54.07|4.33|58.40|15.00|5.41|43.26|5.41|5.41|15.00|
2451300|7661|15568|2857414|1719120|749|4410952|2857414|1719120|749|4410952|2|8387|17|1|3|694|7|44.35|3.55|47.90|15.00|4.44|35.48|4.44|4.44|15.00|
2451178|84419|12231|5041302|645985|6061|786250|5041302|645985|6061|786250|6|8378|5|1|29|694|1|5.73|0.46|6.19|15.00|0.57|4.58|0.57|0.57|15.00|
2451196|74004|2468|4696969|1654607|6110|1234773|4696969|1654607|6110|1234773|2|1161|13|1|7|695|1|63.36|5.07|68.43|15.00|6.34|50.69|6.34|6.34|15.00|
2450847|39274|7114|1541510|852360|2390|1519189|1541510|852360|2390|1519189|3|1784|17|1|29|695|10|12.33|0.99|13.32|15.00|1.23|9.86|1.23|1.23|15.00|
2450927|39500|13305|10588108|540283|252|5776303|10588108|540283|252|5776303|6|593|5|4|7|696|3|22.64|1.81|24.45|15.00|2.26|18.11|2.26|2.26|15.00|
2451492|30830|12628|4887125|1471173|2545|554170|4887125|1471173|2545|554170|1|7056|18|3|35|696|5|48.07|3.85|51.92|15.00|4.81|38.46|4.81|4.81|15.00|
2450960|21853|8730|8898196|1754758|2429|3175545|8898196|1754758|2429|3175545|5|9748|10|1|15|697|1|14.91|1.19|16.10|15.00|1.49|11.93|1.49|1.49|15.00|
2451510|48457|5764|11202379|1462476|3027|2119990|11202379|1462476|3027|2119990|5|10901|5|1|11|697|5|27.68|2.21|29.89|15.00|2.77|22.14|2.77|2.77|15.00|
2451107|41023|3080|7233993|132556|2872|2531946|7233993|132556|2872|2531946|1|8054|2|5|6|698|8|58.67|4.69|63.36|15.00|5.87|46.94|5.87|5.87|15.00|
2451143|34644|15794|11179803|657920|1458|1536936|11179803|657920|1458|1536936|1|5968|8|5|23|698|5|14.41|1.15|15.56|15.00|1.44|11.53|1.44|1.44|15.00|
2451542|48212|4795|3477082|315796|1687|4864899|3477082|315796|1687|4864899|1|10152|6|3|27|699|7|55.51|4.44|59.95|15.00|5.55|44.41|5.55|5.55|15.00|
2451051|51102|17636|7202147|1880638|6616|4250971|7202147|1880638|6616|4250971|2|8713|11|5|8|699|5|50.37|4.03|54.40|15.00|5.04|40.30|5.04|5.04|15.00|
2451320|57021|7623|2840581|1418569|3045|1398593|2840581|1418569|3045|1398593|2|7239|16|5|27|700|7|85.05|6.80|91.85|15.00|8.51|68.04|8.51|8.51|15.00|
2451143|84484|7355|1864553|747280|3392|415443|1864553|747280|3392|415443|4|2477|6|3|4|700|8|66.97|5.36|72.33|15.00|6.70|53.58|6.70|6.70|15.00|
2451411|12892|11133|8151965|1398453|171|1979809|8151965|1398453|171|1979809|5|9749|3|5|31|701|5|70.02|5.60|75.62|15.00|7.00|56.02|7.00|7.00|15.00|
2451341|4841|2849|397696|51638|6477|5546334|397696|51638|6477|5546334|1|1803|7|5|16|701|3|0.70|0.06|0.76|15.00|0.07|0.56|0.07|0.07|15.00|
2451324|22703|2074|5168954|1481161|21|4733063|5168954|1481161|21|4733063|2|1548|3|3|11|702|4|32.62|2.61|35.23|15.00|3.26|26.10|3.26|3.26|15.00|
2451077|81840|14961|2789170|1439291|2853|4472562|2789170|1439291|2853|4472562|5|4993|9|3|35|702|7|91.44|7.32|98.76|15.00|9.14|73.15|9.14|9.14|15.00|
2451239|37258|14065|3969794|1280546|6510|848587|3969794|1280546|6510|848587|4|8766|7|3|16|703|5|17.92|1.43|19.35|15.00|1.79|14.34|1.79|1.79|15.00|
2450836|71574|4969|5672212|719234|6385|5331987|5672212|719234|6385|5331987|1|4110|11|5|12|703|9|10.46|0.84|11.30|15.00|1.05|8.37|1.05|1.05|15.00|
2451363|78411|14362|2170483|603250|4692|3001513|2170483|603250|4692|3001513|6|8281|2|2|31|704|3|15.35|1.23|16.58|15.00|1.54|12.28|1.54|1.54|15.00|
2451024|3974|6349|3767267|1540542|6782|2007998|3767267|1540542|6782|2007998|1|7321|16|2|3|704|2|11.71|0.94|12.65|15.00|1.17|9.37|1.17|1.17|15.00|
2451315|3811|8077|2998534|72791|5132|2168705|2998534|72791|5132|2168705|5|1966|15|5|16|705|10|89.48|7.16|96.64|15.00|8.95|71.58|8.95|8.95|15.00|
2451140|1333|12797|5150370|1005244|4406|746292|5150370|1005244|4406|746292|2|762|13|2|11|705|2|10.76|0.86|11.62|15.00|1.08|8.61|1.08|1.08|15.00|
2451339|35612|7110|3781744|1276150|3409|2295287|3781744|1276150|3409|2295287|3|143|7|3|8|706|10|96.02|7.68|103.70|15.00|9.60|76.82|9.60|9.60|15.00|
2450870|23760|5550|8884896|1474140|3253|796815|8884896|1474140|3253|796815|4|1795|11|1|5|706|3|65.74|5.26|71.00|15.00|6.57|52.59|6.57|6.57|15.00|
2451299|22308|4581|2728213|1190510|6365|3431559|2728213|1190510|6365|3431559|4|2742|12|4|31|707|1|90.81|7.26|98.07|15.00|9.08|72.65|9.08|9.08|15.00|
2451331|50684|624|11686828|1058091|496|2912386|11686828|1058091|496|2912386|6|7706|14|5|24|707|5|51.62|4.13|55.75|15.00|5.16|41.30|5.16|5.16|15.00|
2451031|8164|7850|5391012|1208704|1143|2195767|5391012|1208704|1143|2195767|4|3384|11|5|27|708|8|56.87|4.55|61.42|15.00|5.69|45.50|5.69|5.69|15.00|
2451189|67764|7731|1606037|1302675|5098|4445743|1606037|1302675|5098|4445743|5|8485|18|1|14|708|1|49.04|3.92|52.96|15.00|4.90|39.23|4.90|4.90|15.00|
2451369|1845|84|9562228|975189|5114|5668120|9562228|975189|5114|5668120|6|1759|20|1|10|709|3|70.67|5.65|76.32|15.00|7.07|56.54|7.07|7.07|15.00|
2451222|39615|14788|3501295|1182287|4353|5469408|3501295|1182287|4353|5469408|2|9964|18|2|24|709|5|37.79|3.02|40.81|15.00|3.78|30.23|3.78|3.78|15.00|
2451357|23750|3145|5775428|991340|6315|4559588|5775428|991340|6315|4559588|4|8094|6|3|8|710|2|2.97|0.24|3.21|15.00|0.30|2.38|0.30|0.30|15.00|
2450841|75572|11263|11150931|96750|7050|4768561|11150931|96750|7050|4768561|6|11358|10|1|4|710|8|45.54|3.64|49.18|15.00|4.55|36.43|4.55|4.55|15.00|
2451167|18970|2625|5087170|369512|6207|2017850|5087170|369512|6207|2017850|1|9094|20|4|2|711|3|56.94|4.56|61.50|15.00|5.69|45.55|5.69|5.69|15.00|
2450906|85766|5757|10900327|1817074|5487|1527595|10900327|1817074|5487|1527595|4|7013|6|1|3|711|8|68.45|5.48|73.93|15.00|6.85|54.76|6.85|6.85|15.00|
2451333|17404|375|11173029|1408900|659|5759338|11173029|1408900|659|5759338|3|7234|12|5|20|712|7|46.73|3.74|50.47|15.00|4.67|37.38|4.67|4.67|15.00|
2450828|25198|4275|4381371|648312|5248|1108362|4381371|648312|5248|1108362|2|9686|9|4|27|712|7|19.55|1.56|21.11|15.00|1.96|15.64|1.96|1.96|15.00|
2451441|3339|11480|7472396|1301288|1628|3061586|7472396|1301288|1628|3061586|4|9260|9|3|9|713|9|11.50|0.92|12.42|15.00|1.15|9.20|1.15|1.15|15.00|
2450928|84733|17454|5199938|589293|6808|726277|5199938|589293|6808|726277|3|9890|7|3|24|713|1|47.36|3.79|51.15|15.00|4.74|37.89|4.74|4.74|15.00|
2450870|65033|1424|6157174|533560|5149|939598|6157174|533560|5149|939598|5|1514|15|4|29|714|4|16.18|1.29|17.47|15.00|1.62|12.94|1.62|1.62|15.00|
2451472|41828|14455|3888642|909683|3919|3422339|3888642|909683|3919|3422339|4|9331|13|4|9|714|10|27.94|2.24|30.18|15.00|2.79|22.35|2.79|2.79|15.00|
2451308|69750|14954|11472512|832359|2668|2677752|11472512|832359|2668|2677752|5|10704|19|1|30|715|2|55.19|4.42|59.61|15.00|5.52|44.15|5.52|5.52|15.00|
2451207|70380|447|6233115|1659993|7036|4219939|6233115|1659993|7036|4219939|6|2341|10|5|6|715|2|68.41|5.47|73.88|15.00|6.84|54.73|6.84|6.84|15.00|
2450854|36480|16936|2210470|917184|3193|430823|2210470|917184|3193|430823|6|9677|6|4|35|716|3|45.90|3.67|49.57|15.00|4.59|36.72|4.59|4.59|15.00|
2450863|65667|7569|9420854|1851946|931|4718844|9420854|1851946|931|4718844|5|2951|2|3|22|716|2|88.64|7.09|95.73|15.00|8.86|70.91|8.86|8.86|15.00|
2450895|53537|1381|1097644|1053105|308|3887141|1097644|1053105|308|3887141|5|8693|10|5|6|717|1|22.52|1.80|24.32|15.00|2.25|18.02|2.25|2.25|15.00|
2451344|67591|13969|123637|369846|1863|5359022|123637|369846|1863|5359022|1|9608|4|2|32|717|1|66.81|5.34|72.15|15.00|6.68|53.45|6.68|6.68|15.00|
2451355|85587|1967|6130301|1413405|3271|381181|6130301|1413405|3271|381181|4|6335|13|5|11|718|5|87.45|7.00|94.45|15.00|8.75|69.96|8.75|8.75|15.00|
2451031|79444|14625|6438186|1798817|1910|5404843|6438186|1798817|1910|5404843|6|8626|16|5|12|718|4|48.01|3.84|51.85|15.00|4.80|38.41|4.80|4.80|15.00|
2451078|27229|14684|11517663|156507|5126|5341561|11517663|156507|5126|5341561|4|3603|1|2|6|719|5|67.04|5.36|72.40|15.00|6.70|53.63|6.70|6.70|15.00|
2451316|22073|14107|11177735|896249|4756|1995903|11177735|896249|4756|1995903|5|7559|20|5|28|719|4|53.89|4.31|58.20|15.00|5.39|43.11|5.39|5.39|15.00|
2451433|45202|11471|1824188|118881|5743|1446490|1824188|118881|5743|1446490|6|1783|9|5|29|720|9|10.23|0.82|11.05|15.00|1.02|8.18|1.02|1.02|15.00|
2451427|63247|11762|5327717|380955|3568|2850096|5327717|380955|3568|2850096|1|4271|17|1|9|720|7|5.83|0.47|6.30|15.00|0.58|4.66|0.58|0.58|15.00|
