1|20|10001+|1|0|
2|7|501-1000|2|0|
3|13|5001-10000|1|2|
4|16|501-1000|4|0|
5|10|10001+|3|4|
6|20|0-500|4|4|
7|8|5001-10000|2|2|
8|3|5001-10000|4|1|
9|11|10001+|3|4|
10|9|5001-10000|2|1|
11|15|1001-5000|4|4|
12|11|5001-10000|1|1|
13|10|5001-10000|5|1|
14|9|10001+|3|3|
15|17|1001-5000|1|4|
16|9|5001-10000|0|0|
17|17|1001-5000|2|4|
18|6|1001-5000|1|2|
19|6|1001-5000|0|4|
20|7|5001-10000|1|3|
21|5|5001-10000|5|2|
22|1|0-500|1|1|
23|10|5001-10000|2|4|
24|16|0-500|3|3|
25|10|1001-5000|1|0|
26|7|10001+|4|2|
27|11|5001-10000|2|2|
28|4|501-1000|1|0|
29|11|5001-10000|3|3|
30|13|5001-10000|4|4|
31|15|10001+|2|1|
32|10|1001-5000|3|4|
33|5|0-500|1|0|
34|19|0-500|1|1|
35|9|0-500|4|3|
36|12|10001+|2|2|
37|9|501-1000|5|2|
38|20|5001-10000|5|3|
39|16|501-1000|4|0|
40|2|10001+|2|3|
41|18|501-1000|5|2|
42|13|501-1000|5|2|
43|9|1001-5000|1|4|
44|7|5001-10000|3|0|
45|18|501-1000|4|2|
46|3|0-500|4|1|
47|16|1001-5000|4|2|
48|1|5001-10000|3|2|
49|8|0-500|1|2|
50|15|10001+|2|3|
51|14|501-1000|2|2|
52|18|1001-5000|2|1|
53|10|10001+|4|4|
54|9|501-1000|2|3|
55|10|0-500|0|1|
56|9|1001-5000|3|3|
57|1|501-1000|3|4|
58|1|1001-5000|2|2|
59|11|0-500|3|0|
60|4|1001-5000|1|1|
61|4|1001-5000|4|3|
62|16|0-500|2|3|
63|1|10001+|0|1|
64|8|1001-5000|5|4|
65|19|1001-5000|2|0|
66|17|1001-5000|0|3|
67|3|501-1000|3|0|
68|11|1001-5000|3|0|
69|7|10001+|3|1|
70|4|501-1000|0|4|
71|8|501-1000|3|0|
72|15|10001+|5|3|
73|16|5001-10000|2|0|
74|5|1001-5000|5|3|
75|3|10001+|5|2|
76|2|5001-10000|4|0|
77|6|501-1000|3|1|
78|14|0-500|3|2|
79|13|10001+|2|0|
80|11|1001-5000|4|3|
81|7|0-500|1|2|
82|9|1001-5000|2|2|
83|1|1001-5000|4|4|
84|20|10001+|5|0|
85|3|5001-10000|2|4|
86|18|5001-10000|1|3|
87|10|10001+|4|3|
88|3|501-1000|1|2|
89|4|0-500|1|3|
90|16|501-1000|5|3|
91|15|10001+|1|1|
92|7|1001-5000|1|0|
93|4|0-500|3|0|
94|17|501-1000|5|4|
95|13|5001-10000|2|0|
96|14|5001-10000|3|1|
97|17|5001-10000|3|2|
98|18|1001-5000|0|2|
99|6|1001-5000|4|2|
100|19|0-500|3|4|
101|15|501-1000|5|2|
102|4|5001-10000|4|1|
103|18|1001-5000|4|1|
104|20|501-1000|4|4|
105|2|1001-5000|3|3|
106|9|10001+|4|4|
107|18|0-500|3|2|
108|18|1001-5000|1|0|
109|6|0-500|5|1|
110|5|501-1000|2|1|
111|5|1001-5000|5|1|
112|1|0-500|0|3|
113|13|5001-10000|4|4|
114|18|0-500|3|3|
115|5|1001-5000|3|1|
116|3|501-1000|1|1|
117|11|1001-5000|0|4|
118|9|10001+|3|4|
119|13|501-1000|0|4|
120|13|10001+|1|1|
121|6|5001-10000|2|3|
122|13|5001-10000|5|2|
123|19|10001+|3|3|
124|20|5001-10000|1|4|
125|18|0-500|5|4|
126|16|1001-5000|5|2|
127|7|5001-10000|5|0|
128|19|501-1000|5|2|
129|3|0-500|5|3|
130|8|5001-10000|1|3|
131|13|1001-5000|4|2|
132|14|501-1000|3|2|
133|1|0-500|1|0|
134|12|1001-5000|4|4|
135|19|5001-10000|4|0|
136|16|501-1000|3|3|
137|17|501-1000|3|2|
138|5|0-500|4|2|
139|12|0-500|0|3|
140|5|0-500|4|2|
141|1|10001+|4|2|
142|11|5001-10000|4|3|
143|18|1001-5000|4|2|
144|20|1001-5000|2|0|
145|3|501-1000|0|2|
146|13|5001-10000|0|2|
147|10|5001-10000|3|1|
148|17|0-500|4|0|
149|5|0-500|0|0|
150|18|0-500|4|4|
151|18|5001-10000|5|0|
152|7|501-1000|0|3|
153|12|10001+|2|0|
154|9|1001-5000|2|0|
155|17|1001-5000|1|3|
156|11|0-500|5|0|
157|9|501-1000|5|3|
158|10|501-1000|5|3|
159|20|0-500|2|4|
160|20|5001-10000|4|2|
161|5|501-1000|4|2|
162|17|5001-10000|4|4|
163|18|10001+|2|1|
164|10|501-1000|0|0|
165|1|501-1000|2|0|
166|2|10001+|1|1|
167|3|1001-5000|0|3|
168|13|1001-5000|2|1|
169|18|1001-5000|1|4|
170|1|0-500|3|1|
171|2|5001-10000|2|2|
172|2|5001-10000|4|0|
173|20|5001-10000|3|2|
174|19|1001-5000|0|3|
175|13|10001+|4|3|
176|18|0-500|0|0|
177|15|1001-5000|3|4|
178|18|10001+|4|0|
179|15|0-500|4|2|
180|8|0-500|0|2|
181|19|1001-5000|5|2|
182|19|1001-5000|3|0|
183|18|1001-5000|0|3|
184|17|10001+|5|4|
185|12|0-500|1|0|
186|12|10001+|1|3|
187|1|5001-10000|4|4|
188|16|5001-10000|0|1|
189|6|0-500|3|0|
190|3|1001-5000|1|1|
191|11|0-500|1|3|
192|9|501-1000|4|1|
193|14|10001+|0|3|
194|14|10001+|3|3|
195|5|5001-10000|2|4|
196|10|501-1000|4|4|
197|12|5001-10000|2|0|
198|2|10001+|3|4|
199|1|0-500|3|0|
200|8|1001-5000|2|1|
201|18|5001-10000|3|2|
202|8|501-1000|5|2|
203|9|1001-5000|2|3|
204|20|5001-10000|2|3|
205|6|0-500|5|0|
206|19|10001+|0|1|
207|13|501-1000|5|3|
208|18|5001-10000|2|0|
209|20|0-500|4|0|
210|13|501-1000|5|1|
211|12|5001-10000|4|2|
212|2|1001-5000|0|3|
213|5|10001+|1|1|
214|8|0-500|3|4|
215|2|1001-5000|3|1|
216|17|0-500|1|0|
217|18|5001-10000|2|2|
218|5|0-500|5|1|
219|8|10001+|4|2|
220|8|10001+|2|0|
221|19|1001-5000|2|2|
222|2|5001-10000|0|3|
223|3|0-500|2|2|
224|8|0-500|2|3|
225|4|10001+|1|1|
226|11|0-500|3|3|
227|6|5001-10000|4|0|
228|4|5001-10000|5|4|
229|9|1001-5000|2|0|
230|15|5001-10000|0|0|
231|10|10001+|4|0|
232|4|1001-5000|4|2|
233|17|0-500|1|1|
234|20|0-500|2|0|
235|7|10001+|1|0|
236|5|501-1000|4|2|
237|11|501-1000|5|0|
238|8|5001-10000|1|1|
239|7|1001-5000|3|1|
240|6|0-500|3|0|
241|17|5001-10000|3|3|
242|5|10001+|4|2|
243|10|10001+|5|2|
244|1|0-500|4|1|
245|8|5001-10000|1|4|
246|16|5001-10000|0|1|
247|1|0-500|1|4|
248|16|5001-10000|5|4|
249|13|0-500|0|1|
250|18|5001-10000|2|3|
251|15|1001-5000|3|1|
252|12|501-1000|5|2|
253|19|0-500|5|4|
254|9|5001-10000|5|1|
255|18|501-1000|5|3|
256|3|10001+|5|4|
257|4|1001-5000|5|4|
258|8|501-1000|3|1|
259|7|5001-10000|1|4|
260|7|10001+|5|4|
261|3|0-500|5|4|
262|20|1001-5000|2|1|
263|1|5001-10000|0|0|
264|18|1001-5000|3|1|
265|18|501-1000|2|1|
266|19|501-1000|0|3|
267|17|1001-5000|0|4|
268|3|1001-5000|5|3|
269|1|1001-5000|5|3|
270|5|1001-5000|3|1|
271|1|501-1000|4|2|
272|20|10001+|4|1|
273|7|501-1000|0|1|
274|1|5001-10000|1|4|
275|11|0-500|2|2|
276|9|0-500|0|3|
277|3|10001+|2|4|
278|18|501-1000|2|4|
279|13|10001+|4|0|
280|7|5001-10000|2|2|
281|20|0-500|1|2|
282|5|501-1000|0|3|
283|19|5001-10000|2|0|
284|18|1001-5000|5|0|
285|1|501-1000|5|2|
286|7|5001-10000|5|1|
287|1|501-1000|1|0|
288|15|1001-5000|2|4|
289|8|0-500|4|0|
290|18|5001-10000|1|1|
291|12|5001-10000|1|2|
292|1|1001-5000|4|1|
293|16|5001-10000|2|4|
294|1|501-1000|0|4|
295|14|10001+|5|1|
296|10|0-500|1|0|
297|6|0-500|1|3|
298|9|0-500|2|2|
299|7|1001-5000|1|3|
300|12|0-500|4|0|
301|14|501-1000|2|3|
302|19|0-500|0|4|
303|4|501-1000|4|0|
304|7|10001+|2|2|
305|13|10001+|5|4|
306|9|5001-10000|2|1|
307|10|501-1000|2|2|
308|8|5001-10000|4|4|
309|17|5001-10000|2|1|
310|12|5001-10000|5|2|
311|1|10001+|1|2|
312|14|1001-5000|1|3|
313|20|5001-10000|0|1|
314|14|501-1000|1|3|
315|4|0-500|2|2|
316|13|1001-5000|3|3|
317|9|0-500|2|4|
318|4|10001+|4|4|
319|11|5001-10000|2|0|
320|20|0-500|1|3|
321|3|1001-5000|5|0|
322|17|501-1000|4|0|
323|20|1001-5000|3|0|
324|5|10001+|0|1|
325|11|501-1000|4|1|
326|10|0-500|0|4|
327|19|1001-5000|1|1|
328|18|0-500|0|2|
329|14|0-500|4|0|
330|17|0-500|4|2|
331|14|1001-5000|2|4|
332|17|0-500|5|1|
333|14|0-500|4|3|
334|1|0-500|3|4|
335|17|1001-5000|5|0|
336|6|0-500|0|2|
337|20|501-1000|5|3|
338|9|1001-5000|5|2|
339|18|10001+|3|3|
340|4|0-500|1|3|
341|9|10001+|1|4|
342|9|1001-5000|5|0|
343|5|10001+|0|1|
344|4|1001-5000|3|0|
345|13|10001+|3|3|
346|16|10001+|2|2|
347|9|5001-10000|4|2|
348|18|5001-10000|4|2|
349|2|1001-5000|1|1|
350|4|5001-10000|0|2|
351|19|0-500|4|4|
352|14|0-500|5|1|
353|12|0-500|1|3|
354|19|0-500|3|0|
355|15|1001-5000|3|0|
356|10|0-500|5|1|
357|8|0-500|0|2|
358|12|5001-10000|2|0|
359|1|10001+|3|3|
360|3|501-1000|3|1|
361|5|10001+|3|2|
362|7|5001-10000|1|1|
363|13|5001-10000|2|0|
364|19|10001+|2|0|
365|6|1001-5000|2|4|
366|20|10001+|4|4|
367|17|5001-10000|1|2|
368|19|5001-10000|0|0|
369|11|501-1000|4|3|
370|17|10001+|2|0|
371|14|10001+|1|3|
372|15|0-500|3|0|
373|20|5001-10000|0|0|
374|3|1001-5000|2|2|
375|10|10001+|0|4|
376|20|0-500|5|1|
377|16|0-500|1|1|
378|7|5001-10000|5|4|
379|7|1001-5000|3|2|
380|8|10001+|1|3|
381|7|10001+|2|4|
382|11|0-500|5|1|
383|9|0-500|5|4|
384|15|5001-10000|1|2|
385|16|0-500|0|3|
386|6|1001-5000|1|2|
387|4|1001-5000|0|0|
388|17|10001+|3|4|
389|16|5001-10000|2|4|
390|1|501-1000|1|3|
391|20|501-1000|2|1|
392|12|1001-5000|5|4|
393|17|10001+|4|2|
394|17|10001+|3|1|
395|17|501-1000|3|2|
396|18|0-500|2|4|
397|17|5001-10000|3|4|
398|19|1001-5000|4|0|
399|15|10001+|4|1|
400|1|501-1000|2|4|
401|19|0-500|4|3|
402|12|5001-10000|3|4|
403|8|5001-10000|2|4|
404|13|0-500|3|4|
405|1|501-1000|0|3|
406|18|501-1000|2|0|
407|15|501-1000|1|0|
408|6|0-500|3|2|
409|11|10001+|4|1|
410|14|1001-5000|0|3|
411|15|5001-10000|1|1|
412|13|1001-5000|0|3|
413|19|0-500|1|4|
414|6|5001-10000|1|0|
415|2|0-500|5|3|
416|11|501-1000|3|4|
417|12|501-1000|3|1|
418|6|0-500|3|1|
419|20|1001-5000|4|3|
420|5|10001+|2|1|
421|6|5001-10000|4|0|
422|7|501-1000|3|4|
423|4|1001-5000|3|4|
424|18|10001+|5|4|
425|8|10001+|4|3|
426|12|501-1000|3|2|
427|11|1001-5000|5|2|
428|6|1001-5000|2|4|
429|9|10001+|4|3|
430|15|1001-5000|4|0|
431|17|0-500|5|0|
432|9|0-500|0|0|
433|19|1001-5000|4|3|
434|8|0-500|1|0|
435|15|0-500|1|0|
436|1|10001+|4|2|
437|14|501-1000|2|2|
438|9|5001-10000|3|4|
439|7|0-500|0|4|
440|16|0-500|4|4|
441|14|501-1000|3|1|
442|15|0-500|5|1|
443|2|1001-5000|1|1|
444|10|501-1000|3|4|
445|17|10001+|3|2|
446|13|5001-10000|0|2|
447|20|10001+|5|1|
448|1|5001-10000|3|4|
449|19|1001-5000|1|4|
450|8|1001-5000|5|3|
451|19|501-1000|3|4|
452|16|501-1000|1|0|
453|15|10001+|3|2|
454|20|0-500|5|0|
455|15|10001+|5|2|
456|5|501-1000|5|0|
457|1|10001+|0|0|
458|5|501-1000|3|4|
459|16|1001-5000|3|3|
460|8|10001+|2|4|
461|6|1001-5000|0|2|
462|16|0-500|0|4|
463|7|0-500|3|3|
464|13|0-500|3|1|
465|14|5001-10000|2|0|
466|12|5001-10000|3|2|
467|8|1001-5000|5|4|
468|19|501-1000|4|2|
469|7|0-500|3|2|
470|1|5001-10000|4|3|
471|1|5001-10000|1|0|
472|1|501-1000|2|2|
473|18|5001-10000|0|4|
474|17|10001+|0|2|
475|8|0-500|4|1|
476|12|5001-10000|5|2|
477|19|1001-5000|3|1|
478|8|0-500|1|4|
479|7|501-1000|2|2|
480|18|0-500|5|3|
481|4|10001+|5|1|
482|3|1001-5000|1|1|
483|8|501-1000|2|2|
484|11|10001+|0|1|
485|11|0-500|4|1|
486|20|501-1000|2|0|
487|16|0-500|3|2|
488|1|501-1000|5|1|
489|14|0-500|3|2|
490|16|5001-10000|0|1|
491|14|10001+|0|3|
492|7|501-1000|4|0|
493|1|1001-5000|0|4|
494|16|5001-10000|0|4|
495|17|10001+|5|3|
496|1|10001+|2|1|
497|12|5001-10000|5|3|
498|5|10001+|1|2|
499|9|1001-5000|5|2|
500|5|501-1000|3|3|
501|16|501-1000|0|4|
502|3|0-500|4|1|
503|3|5001-10000|4|3|
504|11|0-500|3|2|
505|8|10001+|4|4|
506|19|1001-5000|2|2|
507|20|0-500|1|1|
508|20|5001-10000|5|0|
509|3|0-500|2|2|
510|16|0-500|2|3|
511|7|0-500|5|0|
512|20|501-1000|1|2|
513|17|1001-5000|5|3|
514|6|501-1000|0|1|
515|8|1001-5000|5|4|
516|12|501-1000|1|2|
517|7|1001-5000|1|4|
518|5|501-1000|2|3|
519|17|0-500|2|1|
520|9|5001-10000|2|1|
521|4|0-500|1|2|
522|15|5001-10000|5|2|
523|5|10001+|3|0|
524|9|501-1000|4|1|
525|17|0-500|5|2|
526|11|5001-10000|0|4|
527|12|501-1000|4|0|
528|14|501-1000|4|4|
529|8|0-500|4|3|
530|2|10001+|0|1|
531|13|0-500|5|1|
532|5|0-500|4|2|
533|3|10001+|3|0|
534|9|501-1000|1|3|
535|10|5001-10000|3|3|
536|11|0-500|0|2|
537|3|0-500|0|0|
538|17|1001-5000|0|0|
539|19|501-1000|1|4|
540|20|0-500|4|1|
541|16|5001-10000|4|0|
542|9|5001-10000|2|3|
543|5|5001-10000|2|0|
544|2|1001-5000|5|1|
545|19|0-500|5|4|
546|12|501-1000|3|1|
547|6|5001-10000|4|4|
548|1|501-1000|4|3|
549|18|501-1000|3|0|
550|6|501-1000|4|1|
551|16|501-1000|1|2|
552|1|0-500|2|3|
553|14|501-1000|3|3|
554|3|0-500|5|2|
555|12|501-1000|4|2|
556|20|501-1000|2|1|
557|4|501-1000|3|1|
558|1|501-1000|4|3|
559|20|501-1000|5|3|
560|10|501-1000|0|0|
561|1|501-1000|2|1|
562|7|501-1000|3|4|
563|10|1001-5000|2|3|
564|11|0-500|5|1|
565|18|501-1000|0|0|
566|17|501-1000|1|3|
567|4|10001+|0|2|
568|10|501-1000|2|3|
569|16|501-1000|5|3|
570|10|1001-5000|4|2|
571|7|10001+|5|2|
572|6|0-500|4|3|
573|7|5001-10000|2|3|
574|19|0-500|2|4|
575|3|1001-5000|3|0|
576|17|5001-10000|5|1|
577|17|0-500|0|2|
578|20|0-500|2|1|
579|9|501-1000|4|4|
580|1|501-1000|1|3|
581|9|10001+|3|3|
582|18|5001-10000|3|3|
583|12|5001-10000|3|1|
584|11|5001-10000|0|3|
585|2|5001-10000|1|0|
586|11|10001+|2|3|
587|12|1001-5000|2|1|
588|11|10001+|4|2|
589|15|10001+|3|4|
590|14|501-1000|4|3|
591|13|1001-5000|0|1|
592|6|5001-10000|0|0|
593|10|0-500|5|3|
594|18|501-1000|1|3|
595|8|10001+|5|3|
596|8|501-1000|3|3|
597|6|0-500|1|3|
598|18|0-500|0|2|
599|7|5001-10000|5|2|
600|5|501-1000|2|0|
601|18|1001-5000|0|4|
602|20|0-500|5|1|
603|18|0-500|5|4|
604|13|501-1000|3|0|
605|19|5001-10000|0|1|
606|3|0-500|0|2|
607|16|5001-10000|3|0|
608|6|0-500|1|3|
609|4|10001+|1|2|
610|7|5001-10000|1|3|
611|3|0-500|2|1|
612|5|0-500|0|4|
613|4|501-1000|3|3|
614|8|501-1000|2|0|
615|4|501-1000|0|2|
616|3|501-1000|2|0|
617|5|1001-5000|0|2|
618|2|0-500|4|2|
619|7|10001+|2|3|
620|5|1001-5000|5|2|
621|7|5001-10000|1|1|
622|12|1001-5000|4|3|
623|3|5001-10000|1|3|
624|16|501-1000|3|0|
625|11|1001-5000|3|3|
626|6|10001+|2|2|
627|7|501-1000|3|2|
628|15|5001-10000|5|4|
629|10|5001-10000|5|3|
630|18|501-1000|3|0|
631|8|501-1000|5|2|
632|4|5001-10000|5|3|
633|4|10001+|3|4|
634|9|5001-10000|0|2|
635|11|1001-5000|1|3|
636|9|5001-10000|0|0|
637|19|1001-5000|3|0|
638|16|10001+|0|3|
639|5|10001+|1|4|
640|10|10001+|4|3|
641|9|501-1000|3|2|
642|4|1001-5000|0|2|
643|6|0-500|0|4|
644|7|501-1000|5|4|
645|11|5001-10000|0|1|
646|8|10001+|1|0|
647|13|0-500|1|3|
648|20|0-500|0|4|
649|7|501-1000|5|1|
650|19|1001-5000|1|4|
651|11|10001+|1|4|
652|8|1001-5000|1|4|
653|6|1001-5000|3|1|
654|18|5001-10000|3|4|
655|14|10001+|5|1|
656|15|501-1000|0|2|
657|20|10001+|5|4|
658|17|10001+|5|4|
659|12|0-500|1|2|
660|7|5001-10000|2|3|
661|2|0-500|2|4|
662|15|5001-10000|5|3|
663|16|501-1000|0|4|
664|8|1001-5000|4|2|
665|11|5001-10000|0|0|
666|2|0-500|2|1|
667|2|5001-10000|0|0|
668|19|0-500|1|1|
669|4|10001+|4|0|
670|7|0-500|3|2|
671|18|5001-10000|3|3|
672|18|0-500|1|3|
673|6|1001-5000|5|4|
674|1|1001-5000|2|0|
675|12|0-500|3|2|
676|8|5001-10000|1|2|
677|19|0-500|3|4|
678|14|5001-10000|2|0|
679|12|501-1000|4|3|
680|9|501-1000|3|2|
681|18|1001-5000|2|3|
682|20|5001-10000|4|2|
683|8|5001-10000|0|3|
684|19|5001-10000|1|4|
685|11|10001+|3|0|
686|4|1001-5000|4|3|
687|7|0-500|0|3|
688|7|0-500|1|0|
689|14|1001-5000|2|4|
690|17|10001+|0|0|
691|12|501-1000|4|3|
692|5|5001-10000|3|1|
693|10|10001+|4|0|
694|7|0-500|0|0|
695|7|0-500|4|2|
696|16|5001-10000|4|4|
697|5|5001-10000|3|4|
698|13|501-1000|4|4|
699|14|5001-10000|5|2|
700|5|0-500|3|2|
701|5|1001-5000|2|4|
702|4|5001-10000|3|0|
703|15|10001+|0|0|
704|7|1001-5000|4|2|
705|2|10001+|5|2|
706|19|5001-10000|4|3|
707|18|501-1000|3|0|
708|17|1001-5000|4|0|
709|12|0-500|0|3|
710|4|501-1000|5|3|
711|15|501-1000|2|1|
712|1|1001-5000|0|1|
713|2|1001-5000|3|3|
714|15|501-1000|3|1|
715|10|1001-5000|2|2|
716|9|5001-10000|3|3|
717|3|5001-10000|1|1|
718|3|5001-10000|3|3|
719|20|0-500|4|2|
720|3|0-500|2|0|
721|1|501-1000|1|4|
722|2|10001+|5|3|
723|17|10001+|2|3|
724|10|10001+|1|2|
725|2|501-1000|3|4|
726|5|0-500|0|3|
727|17|501-1000|0|2|
728|7|501-1000|2|0|
729|11|501-1000|3|4|
730|11|1001-5000|4|2|
731|1|0-500|2|2|
732|12|1001-5000|0|0|
733|2|10001+|1|3|
734|7|0-500|2|3|
735|10|10001+|5|4|
736|11|0-500|5|2|
737|15|1001-5000|3|1|
738|3|5001-10000|5|0|
739|3|1001-5000|0|4|
740|11|1001-5000|3|2|
741|18|0-500|4|0|
742|18|0-500|0|0|
743|13|10001+|1|1|
744|8|0-500|1|3|
745|5|1001-5000|3|4|
746|14|0-500|5|3|
747|6|501-1000|2|2|
748|3|10001+|5|3|
749|20|1001-5000|4|0|
750|14|5001-10000|2|1|
751|11|501-1000|5|4|
752|18|10001+|0|3|
753|17|5001-10000|4|3|
754|1|0-500|4|0|
755|16|501-1000|1|2|
756|13|501-1000|4|4|
757|15|5001-10000|3|4|
758|18|501-1000|1|1|
759|12|0-500|2|3|
760|20|1001-5000|3|2|
761|12|5001-10000|4|1|
762|10|501-1000|5|3|
763|13|10001+|0|3|
764|14|501-1000|0|0|
765|8|10001+|4|3|
766|7|1001-5000|2|3|
767|16|5001-10000|5|3|
768|2|0-500|2|0|
769|7|501-1000|1|3|
770|17|10001+|2|4|
771|18|1001-5000|4|1|
772|8|10001+|5|3|
773|3|1001-5000|5|4|
774|17|0-500|3|1|
775|13|10001+|2|4|
776|12|501-1000|2|3|
777|14|10001+|3|2|
778|1|10001+|1|4|
779|6|0-500|3|0|
780|12|1001-5000|0|2|
781|10|10001+|4|4|
782|18|501-1000|3|2|
783|16|1001-5000|2|0|
784|2|5001-10000|4|2|
785|5|501-1000|5|1|
786|11|1001-5000|5|0|
787|6|501-1000|5|1|
788|1|501-1000|5|1|
789|14|1001-5000|2|3|
790|2|501-1000|5|2|
791|10|501-1000|0|0|
792|15|501-1000|5|2|
793|19|10001+|0|1|
794|7|1001-5000|0|1|
795|20|10001+|1|2|
796|1|501-1000|0|3|
797|11|1001-5000|2|0|
798|15|10001+|1|1|
799|4|1001-5000|4|1|
800|14|501-1000|4|1|
801|14|501-1000|3|2|
802|4|10001+|0|1|
803|10|0-500|4|3|
804|3|0-500|3|1|
805|3|10001+|1|4|
806|2|5001-10000|3|4|
807|18|0-500|3|3|
808|13|501-1000|5|4|
809|2|0-500|4|0|
810|20|5001-10000|0|0|
811|8|5001-10000|2|2|
812|13|1001-5000|1|1|
813|10|10001+|4|0|
814|6|0-500|4|3|
815|2|5001-10000|2|4|
816|3|10001+|3|0|
817|7|10001+|4|0|
818|1|10001+|0|4|
819|11|5001-10000|2|1|
820|2|1001-5000|1|4|
821|6|1001-5000|4|0|
822|10|1001-5000|4|1|
823|12|5001-10000|5|4|
824|6|1001-5000|3|0|
825|20|501-1000|5|1|
826|18|1001-5000|5|4|
827|10|10001+|3|0|
828|19|0-500|5|3|
829|16|5001-10000|0|3|
830|7|10001+|3|3|
831|13|0-500|0|0|
832|2|0-500|5|4|
833|5|0-500|1|4|
834|5|501-1000|2|2|
835|12|0-500|4|1|
836|5|1001-5000|2|3|
837|17|0-500|3|1|
838|19|1001-5000|2|4|
839|10|1001-5000|3|1|
840|5|5001-10000|0|0|
841|8|5001-10000|4|1|
842|10|0-500|0|3|
843|10|501-1000|0|1|
844|3|501-1000|4|4|
845|4|1001-5000|3|2|
846|19|1001-5000|4|2|
847|13|10001+|3|1|
848|17|5001-10000|5|2|
849|12|1001-5000|0|4|
850|14|501-1000|0|2|
851|2|501-1000|1|1|
852|13|10001+|5|3|
853|17|1001-5000|2|2|
854|2|1001-5000|0|3|
855|16|0-500|3|2|
856|7|10001+|0|4|
857|4|501-1000|4|1|
858|7|1001-5000|3|1|
859|6|10001+|1|2|
860|13|0-500|3|0|
861|18|0-500|4|1|
862|16|0-500|3|0|
863|15|0-500|4|4|
864|5|5001-10000|2|4|
865|1|1001-5000|5|4|
866|4|10001+|3|4|
867|2|10001+|3|3|
868|3|1001-5000|0|4|
869|6|501-1000|3|1|
870|8|501-1000|3|2|
871|3|10001+|4|3|
872|12|0-500|0|2|
873|5|0-500|2|4|
874|2|10001+|1|2|
875|5|501-1000|4|0|
876|8|10001+|1|2|
877|18|501-1000|4|3|
878|14|501-1000|5|4|
879|14|501-1000|3|4|
880|1|10001+|4|3|
881|1|10001+|4|4|
882|15|10001+|5|1|
883|15|501-1000|5|1|
884|19|501-1000|4|0|
885|20|0-500|2|1|
886|7|0-500|4|4|
887|12|501-1000|2|4|
888|2|1001-5000|0|2|
889|7|501-1000|1|2|
890|2|10001+|4|2|
891|12|5001-10000|5|4|
892|13|0-500|3|4|
893|14|5001-10000|3|2|
894|12|0-500|5|1|
895|19|5001-10000|4|4|
896|1|10001+|4|4|
897|2|0-500|2|3|
898|1|10001+|5|0|
899|7|10001+|0|3|
900|11|5001-10000|4|0|
901|9|5001-10000|4|3|
902|5|1001-5000|1|0|
903|15|10001+|5|0|
904|19|5001-10000|1|4|
905|2|501-1000|2|2|
906|19|5001-10000|4|0|
907|19|501-1000|4|0|
908|3|501-1000|0|3|
909|20|501-1000|3|4|
910|18|1001-5000|1|3|
911|17|1001-5000|5|4|
912|7|501-1000|4|0|
913|5|5001-10000|2|4|
914|17|10001+|1|4|
915|5|10001+|3|3|
916|8|5001-10000|0|4|
917|15|1001-5000|1|3|
918|18|5001-10000|1|3|
919|8|501-1000|0|2|
920|10|0-500|5|1|
921|8|10001+|1|2|
922|20|1001-5000|5|2|
923|17|0-500|2|0|
924|15|5001-10000|0|4|
925|9|10001+|5|1|
926|2|0-500|5|4|
927|14|1001-5000|1|3|
928|15|1001-5000|5|4|
929|10|10001+|0|3|
930|19|1001-5000|5|4|
931|8|0-500|3|4|
932|18|1001-5000|2|4|
933|16|1001-5000|4|1|
934|7|501-1000|0|3|
935|18|1001-5000|3|0|
936|13|501-1000|2|4|
937|3|0-500|4|2|
938|4|0-500|1|3|
939|4|501-1000|0|0|
940|18|5001-10000|3|3|
941|1|5001-10000|2|2|
942|19|1001-5000|5|0|
943|4|0-500|0|3|
944|13|501-1000|4|4|
945|17|0-500|5|4|
946|19|1001-5000|3|0|
947|9|0-500|5|3|
948|9|10001+|5|2|
949|19|501-1000|5|0|
950|9|10001+|2|4|
951|1|0-500|0|4|
952|19|0-500|1|2|
953|2|501-1000|1|3|
954|11|5001-10000|4|2|
955|12|10001+|4|2|
956|3|501-1000|0|4|
957|14|0-500|5|1|
958|9|1001-5000|5|2|
959|5|1001-5000|2|0|
960|6|1001-5000|1|0|
961|6|0-500|3|2|
962|1|5001-10000|5|3|
963|2|1001-5000|5|0|
964|9|0-500|3|0|
965|20|0-500|4|2|
966|7|1001-5000|3|0|
967|14|10001+|2|3|
968|3|10001+|0|2|
969|7|5001-10000|1|2|
970|5|10001+|4|0|
971|1|5001-10000|3|2|
972|11|10001+|4|3|
973|2|1001-5000|2|0|
974|17|5001-10000|3|1|
975|17|5001-10000|1|0|
976|14|1001-5000|2|2|
977|13|5001-10000|3|2|
978|20|501-1000|3|2|
979|1|5001-10000|1|0|
980|20|5001-10000|0|1|
981|16|10001+|0|1|
982|7|5001-10000|5|2|
983|18|10001+|0|3|
984|16|5001-10000|2|1|
985|12|5001-10000|5|3|
986|6|1001-5000|5|1|
987|6|0-500|5|1|
988|3|10001+|0|3|
989|10|5001-10000|3|2|
990|20|501-1000|4|3|
991|7|501-1000|2|3|
992|20|0-500|2|2|
993|5|0-500|2|0|
994|19|10001+|1|0|
995|17|501-1000|2|3|
996|10|10001+|1|3|
997|13|1001-5000|4|3|
998|1|0-500|2|1|
999|6|1001-5000|0|1|
1000|15|501-1000|3|4|
1001|18|1001-5000|5|0|
1002|4|10001+|3|0|
1003|10|10001+|1|1|
1004|7|10001+|4|3|
1005|3|5001-10000|0|1|
1006|8|5001-10000|1|3|
1007|12|501-1000|2|0|
1008|6|5001-10000|0|3|
1009|12|1001-5000|4|0|
1010|1|0-500|5|4|
1011|17|501-1000|5|1|
1012|9|5001-10000|3|4|
1013|6|10001+|1|0|
1014|12|501-1000|1|4|
1015|19|0-500|0|4|
1016|13|501-1000|0|4|
1017|18|0-500|3|0|
1018|1|5001-10000|1|0|
1019|7|5001-10000|2|2|
1020|10|5001-10000|2|2|
1021|9|10001+|5|0|
1022|10|0-500|1|1|
1023|18|10001+|0|3|
1024|3|1001-5000|4|0|
1025|13|10001+|3|3|
1026|3|1001-5000|5|1|
1027|17|5001-10000|3|2|
1028|11|501-1000|4|1|
1029|7|1001-5000|1|2|
1030|17|1001-5000|2|1|
1031|10|10001+|0|3|
1032|17|0-500|5|1|
1033|18|0-500|4|2|
1034|13|0-500|4|4|
1035|5|501-1000|5|0|
1036|5|501-1000|5|0|
1037|11|1001-5000|0|1|
1038|6|1001-5000|5|2|
1039|7|5001-10000|3|4|
1040|10|0-500|0|1|
1041|8|5001-10000|4|2|
1042|11|501-1000|0|3|
1043|16|501-1000|5|2|
1044|9|1001-5000|4|1|
1045|16|0-500|1|1|
1046|13|10001+|3|3|
1047|18|5001-10000|1|1|
1048|13|10001+|0|3|
1049|12|1001-5000|4|1|
1050|6|501-1000|1|1|
1051|5|1001-5000|5|2|
1052|4|0-500|4|1|
1053|12|10001+|2|1|
1054|8|0-500|3|2|
1055|1|501-1000|1|2|
1056|8|0-500|2|4|
1057|12|5001-10000|0|0|
1058|8|1001-5000|0|3|
1059|8|501-1000|5|1|
1060|8|1001-5000|4|2|
1061|12|10001+|0|0|
1062|6|10001+|5|1|
1063|16|5001-10000|2|2|
1064|8|0-500|2|1|
1065|9|1001-5000|3|0|
1066|1|5001-10000|5|1|
1067|16|1001-5000|0|4|
1068|5|501-1000|3|1|
1069|18|501-1000|4|0|
1070|2|1001-5000|0|0|
1071|13|10001+|5|0|
1072|13|5001-10000|1|4|
1073|19|1001-5000|0|4|
1074|12|501-1000|1|2|
1075|7|0-500|5|3|
1076|2|0-500|1|1|
1077|13|1001-5000|3|3|
1078|12|501-1000|2|4|
1079|19|1001-5000|3|4|
1080|20|5001-10000|0|1|
1081|16|1001-5000|2|0|
1082|20|5001-10000|1|2|
1083|11|5001-10000|1|3|
1084|3|5001-10000|0|3|
1085|3|10001+|5|2|
1086|8|5001-10000|3|3|
1087|13|5001-10000|0|0|
1088|16|10001+|2|1|
1089|6|501-1000|0|2|
1090|1|1001-5000|5|2|
1091|4|0-500|3|2|
1092|3|1001-5000|3|2|
1093|9|501-1000|3|2|
1094|2|501-1000|3|0|
1095|15|1001-5000|4|2|
1096|12|5001-10000|4|3|
1097|18|501-1000|2|3|
1098|3|501-1000|1|1|
1099|3|10001+|0|3|
1100|1|10001+|2|0|
1101|8|10001+|4|0|
1102|2|0-500|4|2|
1103|2|10001+|2|3|
1104|13|1001-5000|5|3|
1105|12|0-500|0|2|
1106|3|5001-10000|2|0|
1107|8|0-500|1|0|
1108|9|10001+|5|1|
1109|20|0-500|2|0|
1110|6|5001-10000|1|0|
1111|2|10001+|1|0|
1112|16|1001-5000|2|4|
1113|12|501-1000|4|3|
1114|18|0-500|3|1|
1115|18|0-500|2|3|
1116|13|1001-5000|0|4|
1117|20|10001+|3|1|
1118|19|5001-10000|3|4|
1119|2|1001-5000|3|2|
1120|17|1001-5000|4|4|
1121|2|1001-5000|4|3|
1122|19|501-1000|3|0|
1123|12|5001-10000|0|1|
1124|13|1001-5000|4|2|
1125|19|1001-5000|3|3|
1126|20|10001+|1|0|
1127|12|0-500|4|1|
1128|2|0-500|3|2|
1129|19|501-1000|5|3|
1130|4|1001-5000|1|2|
1131|20|0-500|1|1|
1132|7|10001+|2|4|
1133|11|501-1000|5|4|
1134|2|0-500|3|0|
1135|18|0-500|4|3|
1136|16|1001-5000|1|0|
1137|6|501-1000|1|0|
1138|10|10001+|0|3|
1139|9|501-1000|2|2|
1140|3|1001-5000|3|2|
1141|15|0-500|1|2|
1142|1|1001-5000|3|2|
1143|19|0-500|5|1|
1144|10|1001-5000|4|2|
1145|20|1001-5000|1|0|
1146|18|1001-5000|1|4|
1147|4|0-500|5|1|
1148|1|0-500|2|0|
1149|9|501-1000|4|2|
1150|17|501-1000|1|3|
1151|18|10001+|0|1|
1152|10|10001+|4|1|
1153|16|0-500|4|1|
1154|7|1001-5000|3|3|
1155|20|0-500|0|1|
1156|13|1001-5000|0|4|
1157|7|501-1000|0|3|
1158|17|501-1000|3|1|
1159|14|10001+|3|4|
1160|14|1001-5000|5|1|
1161|5|0-500|3|2|
1162|13|5001-10000|5|1|
1163|9|5001-10000|2|1|
1164|2|0-500|3|4|
1165|20|10001+|2|0|
1166|5|10001+|3|0|
1167|13|10001+|2|2|
1168|2|0-500|4|2|
1169|14|5001-10000|4|4|
1170|2|1001-5000|3|3|
1171|8|5001-10000|2|2|
1172|14|0-500|5|4|
1173|3|501-1000|4|2|
1174|18|10001+|1|1|
1175|3|1001-5000|0|0|
1176|19|10001+|3|4|
1177|1|501-1000|1|2|
1178|18|501-1000|2|3|
1179|19|0-500|3|4|
1180|13|10001+|0|4|
1181|8|501-1000|1|2|
1182|13|0-500|3|1|
1183|9|10001+|2|0|
1184|14|0-500|1|4|
1185|5|501-1000|3|2|
1186|3|10001+|5|3|
1187|11|1001-5000|3|2|
1188|14|5001-10000|5|0|
1189|7|5001-10000|4|4|
1190|7|1001-5000|5|4|
1191|2|501-1000|4|0|
1192|2|1001-5000|0|3|
1193|19|0-500|3|1|
1194|3|10001+|1|1|
1195|17|0-500|2|4|
1196|1|0-500|5|3|
1197|3|501-1000|4|0|
1198|9|5001-10000|2|1|
1199|18|10001+|2|3|
1200|14|10001+|4|0|
1201|18|501-1000|1|2|
1202|9|10001+|1|3|
1203|16|0-500|3|4|
1204|19|1001-5000|5|2|
1205|20|5001-10000|3|2|
1206|6|501-1000|2|4|
1207|11|1001-5000|3|0|
1208|4|5001-10000|3|3|
1209|9|1001-5000|1|2|
1210|15|10001+|4|4|
1211|17|5001-10000|1|2|
1212|17|501-1000|3|1|
1213|4|5001-10000|1|0|
1214|15|1001-5000|1|3|
1215|8|0-500|3|0|
1216|20|10001+|0|3|
1217|6|10001+|1|4|
1218|18|10001+|1|1|
1219|19|0-500|2|3|
1220|18|5001-10000|4|4|
1221|9|0-500|2|3|
1222|20|501-1000|1|3|
1223|20|5001-10000|4|3|
1224|18|0-500|4|3|
1225|7|501-1000|1|1|
1226|11|0-500|0|4|
1227|13|1001-5000|3|1|
1228|2|501-1000|1|2|
1229|2|501-1000|4|2|
1230|7|501-1000|2|4|
1231|19|0-500|5|0|
1232|3|0-500|0|0|
1233|13|501-1000|2|1|
1234|16|5001-10000|0|0|
1235|14|10001+|1|3|
1236|4|0-500|2|4|
1237|19|1001-5000|5|3|
1238|13|1001-5000|2|1|
1239|9|10001+|2|4|
1240|19|5001-10000|1|3|
1241|16|5001-10000|4|3|
1242|18|5001-10000|3|0|
1243|8|10001+|2|3|
1244|18|0-500|2|0|
1245|12|0-500|5|2|
1246|6|10001+|4|1|
1247|7|501-1000|4|4|
1248|9|10001+|5|1|
1249|14|501-1000|3|3|
1250|15|10001+|1|0|
1251|4|5001-10000|5|1|
1252|2|5001-10000|4|1|
1253|16|5001-10000|0|0|
1254|11|501-1000|0|1|
1255|13|0-500|4|1|
1256|12|5001-10000|2|2|
1257|4|10001+|1|3|
1258|5|5001-10000|5|3|
1259|16|10001+|5|1|
1260|2|5001-10000|5|0|
1261|19|1001-5000|0|2|
1262|2|1001-5000|1|2|
1263|1|501-1000|0|1|
1264|13|5001-10000|5|1|
1265|6|5001-10000|2|2|
1266|9|0-500|5|0|
1267|15|501-1000|1|2|
1268|13|0-500|1|1|
1269|17|1001-5000|5|3|
1270|4|1001-5000|2|4|
1271|17|5001-10000|3|1|
1272|9|0-500|2|4|
1273|15|5001-10000|3|2|
1274|1|501-1000|0|0|
1275|19|5001-10000|0|3|
1276|10|10001+|1|2|
1277|12|10001+|4|0|
1278|13|5001-10000|2|4|
1279|8|5001-10000|3|0|
1280|1|10001+|5|0|
1281|8|10001+|3|2|
1282|14|5001-10000|3|1|
1283|2|10001+|2|4|
1284|2|0-500|4|1|
1285|3|1001-5000|0|2|
1286|16|0-500|1|2|
1287|9|0-500|2|1|
1288|14|1001-5000|4|3|
1289|12|10001+|3|4|
1290|4|5001-10000|2|4|
1291|17|1001-5000|2|0|
1292|4|501-1000|2|3|
1293|4|501-1000|4|3|
1294|15|10001+|2|1|
1295|3|0-500|1|4|
1296|6|0-500|4|1|
1297|13|501-1000|2|2|
1298|1|10001+|2|3|
1299|20|1001-5000|3|2|
1300|9|501-1000|0|3|
1301|8|10001+|3|4|
1302|13|501-1000|0|1|
1303|1|10001+|0|2|
1304|18|10001+|3|3|
1305|12|0-500|0|4|
1306|9|0-500|4|1|
1307|5|0-500|0|0|
1308|7|10001+|2|0|
1309|2|0-500|2|3|
1310|7|0-500|4|3|
1311|20|1001-5000|3|0|
1312|12|0-500|0|3|
1313|17|1001-5000|4|3|
1314|14|501-1000|3|2|
1315|17|5001-10000|3|1|
1316|8|5001-10000|3|4|
1317|19|0-500|2|1|
1318|8|10001+|4|2|
1319|11|1001-5000|4|1|
1320|10|0-500|2|4|
1321|7|1001-5000|2|0|
1322|15|5001-10000|5|3|
1323|20|5001-10000|1|1|
1324|3|0-500|5|2|
1325|11|501-1000|5|0|
1326|10|501-1000|2|4|
1327|16|0-500|0|3|
1328|12|1001-5000|2|1|
1329|4|10001+|0|0|
1330|2|5001-10000|5|0|
1331|5|10001+|5|0|
1332|4|5001-10000|5|0|
1333|1|5001-10000|3|4|
1334|3|501-1000|4|0|
1335|5|5001-10000|3|0|
1336|9|501-1000|4|0|
1337|20|0-500|0|2|
1338|6|5001-10000|0|0|
1339|9|0-500|5|2|
1340|7|10001+|2|3|
1341|14|0-500|2|0|
1342|2|1001-5000|2|2|
1343|5|5001-10000|5|2|
1344|6|1001-5000|5|4|
1345|13|5001-10000|5|3|
1346|13|1001-5000|3|3|
1347|17|5001-10000|4|1|
1348|17|5001-10000|5|3|
1349|3|1001-5000|0|2|
1350|13|501-1000|4|0|
1351|11|10001+|0|4|
1352|1|501-1000|0|1|
1353|16|1001-5000|3|4|
1354|2|10001+|1|4|
1355|14|5001-10000|0|4|
1356|19|501-1000|0|4|
1357|12|1001-5000|4|1|
1358|2|1001-5000|5|3|
1359|17|5001-10000|2|1|
1360|5|1001-5000|3|1|
1361|2|1001-5000|3|2|
1362|10|1001-5000|4|1|
1363|20|501-1000|1|2|
1364|16|5001-10000|4|4|
1365|6|0-500|3|4|
1366|13|501-1000|2|4|
1367|11|10001+|4|2|
1368|13|1001-5000|2|3|
1369|8|5001-10000|2|1|
1370|17|1001-5000|5|2|
1371|2|1001-5000|2|0|
1372|3|0-500|4|2|
1373|15|501-1000|5|1|
1374|2|10001+|2|3|
1375|16|1001-5000|4|3|
1376|9|1001-5000|1|0|
1377|9|501-1000|2|4|
1378|14|1001-5000|2|0|
1379|2|10001+|0|1|
1380|10|1001-5000|2|3|
1381|8|501-1000|5|1|
1382|10|0-500|3|4|
1383|16|501-1000|4|2|
1384|17|501-1000|5|3|
1385|7|501-1000|4|3|
1386|5|501-1000|5|0|
1387|9|0-500|4|1|
1388|2|0-500|1|3|
1389|10|10001+|4|0|
1390|11|1001-5000|1|1|
1391|4|0-500|3|1|
1392|6|501-1000|1|0|
1393|3|501-1000|5|2|
1394|2|1001-5000|0|4|
1395|1|10001+|4|2|
1396|12|0-500|1|1|
1397|7|10001+|0|3|
1398|10|0-500|0|4|
1399|3|10001+|1|1|
1400|13|501-1000|2|4|
1401|4|1001-5000|0|4|
1402|20|0-500|0|0|
1403|6|5001-10000|2|2|
1404|20|10001+|2|2|
1405|15|5001-10000|1|2|
1406|19|501-1000|2|0|
1407|6|501-1000|5|4|
1408|4|10001+|4|1|
1409|15|501-1000|2|4|
1410|7|5001-10000|0|4|
1411|5|1001-5000|5|2|
1412|17|501-1000|1|3|
1413|10|0-500|3|3|
1414|9|1001-5000|5|2|
1415|12|0-500|5|2|
1416|16|5001-10000|1|4|
1417|4|10001+|2|0|
1418|6|10001+|4|2|
1419|14|1001-5000|2|4|
1420|20|501-1000|5|0|
1421|5|0-500|4|0|
1422|2|501-1000|0|2|
1423|6|10001+|4|0|
1424|15|0-500|5|1|
1425|20|501-1000|0|2|
1426|19|0-500|5|3|
1427|7|1001-5000|2|4|
1428|18|1001-5000|3|3|
1429|2|0-500|4|3|
1430|16|501-1000|5|4|
1431|1|0-500|0|0|
1432|13|0-500|2|4|
1433|17|10001+|4|0|
1434|19|10001+|4|1|
1435|16|501-1000|1|1|
1436|1|501-1000|5|4|
1437|19|10001+|2|1|
1438|9|5001-10000|0|3|
1439|8|0-500|0|3|
1440|4|1001-5000|0|4|
1441|8|0-500|3|3|
1442|7|10001+|2|2|
1443|1|1001-5000|1|4|
1444|13|501-1000|4|3|
1445|12|10001+|3|0|
1446|6|5001-10000|3|0|
1447|6|5001-10000|3|1|
1448|13|1001-5000|3|1|
1449|15|0-500|1|2|
1450|7|0-500|3|4|
1451|19|5001-10000|1|4|
1452|7|501-1000|4|3|
1453|10|1001-5000|0|1|
1454|3|5001-10000|1|1|
1455|10|10001+|0|0|
1456|13|501-1000|0|3|
1457|6|5001-10000|3|1|
1458|3|5001-10000|1|3|
1459|2|501-1000|0|1|
1460|16|5001-10000|2|2|
1461|11|10001+|4|3|
1462|4|1001-5000|5|1|
1463|4|0-500|1|2|
1464|8|5001-10000|0|1|
1465|4|501-1000|4|4|
1466|2|10001+|0|2|
1467|5|10001+|0|1|
1468|12|1001-5000|0|4|
1469|2|1001-5000|0|4|
1470|9|5001-10000|4|4|
1471|8|5001-10000|0|1|
1472|9|501-1000|4|4|
1473|5|1001-5000|1|4|
1474|17|501-1000|3|1|
1475|10|0-500|1|0|
1476|11|5001-10000|0|1|
1477|15|10001+|4|0|
1478|14|5001-10000|4|3|
1479|15|1001-5000|5|3|
1480|17|501-1000|0|4|
1481|9|5001-10000|5|3|
1482|19|501-1000|1|2|
1483|19|10001+|2|0|
1484|12|0-500|4|1|
1485|4|501-1000|4|2|
1486|13|1001-5000|3|3|
1487|11|10001+|2|0|
1488|17|5001-10000|3|4|
1489|18|5001-10000|5|2|
1490|6|10001+|0|4|
1491|14|5001-10000|1|1|
1492|2|1001-5000|2|1|
1493|14|1001-5000|5|1|
1494|1|501-1000|3|4|
1495|9|501-1000|2|4|
1496|3|501-1000|0|4|
1497|13|10001+|0|1|
1498|9|501-1000|0|0|
1499|15|0-500|4|3|
1500|7|501-1000|2|1|
1501|5|501-1000|4|2|
1502|19|0-500|0|2|
1503|2|501-1000|3|1|
1504|14|5001-10000|2|1|
1505|7|0-500|2|1|
1506|4|10001+|0|0|
1507|3|5001-10000|1|1|
1508|3|0-500|1|2|
1509|3|5001-10000|2|0|
1510|7|501-1000|5|2|
1511|6|0-500|1|2|
1512|13|1001-5000|3|1|
1513|2|1001-5000|5|2|
1514|8|501-1000|1|1|
1515|10|1001-5000|5|3|
1516|20|501-1000|5|1|
1517|12|1001-5000|0|2|
1518|2|5001-10000|5|2|
1519|10|5001-10000|3|2|
1520|19|5001-10000|2|1|
1521|7|10001+|5|3|
1522|15|1001-5000|2|1|
1523|16|0-500|1|2|
1524|9|5001-10000|2|0|
1525|18|10001+|5|0|
1526|12|501-1000|4|1|
1527|7|1001-5000|3|1|
1528|4|0-500|4|0|
1529|17|10001+|4|0|
1530|19|0-500|1|0|
1531|8|10001+|0|1|
1532|6|1001-5000|2|3|
1533|5|501-1000|3|4|
1534|5|10001+|5|0|
1535|7|0-500|3|4|
1536|11|1001-5000|5|4|
1537|3|0-500|0|3|
1538|17|10001+|2|3|
1539|7|0-500|0|1|
1540|4|10001+|0|1|
1541|5|1001-5000|0|4|
1542|3|5001-10000|4|2|
1543|7|5001-10000|2|3|
1544|9|501-1000|1|0|
1545|4|5001-10000|0|0|
1546|4|1001-5000|1|0|
1547|4|0-500|5|3|
1548|16|501-1000|5|0|
1549|10|1001-5000|5|1|
1550|12|10001+|1|4|
1551|12|5001-10000|5|0|
1552|3|10001+|3|4|
1553|4|5001-10000|4|4|
1554|15|501-1000|0|2|
1555|18|1001-5000|3|4|
1556|18|5001-10000|1|0|
1557|19|1001-5000|5|3|
1558|12|0-500|4|0|
1559|16|501-1000|0|3|
1560|13|1001-5000|5|2|
1561|19|10001+|2|3|
1562|11|1001-5000|4|0|
1563|8|0-500|0|3|
1564|14|1001-5000|0|2|
1565|10|0-500|2|3|
1566|2|0-500|2|0|
1567|18|1001-5000|5|2|
1568|7|1001-5000|0|4|
1569|3|10001+|2|3|
1570|10|1001-5000|2|0|
1571|3|5001-10000|4|2|
1572|6|5001-10000|2|4|
1573|14|5001-10000|3|2|
1574|4|10001+|3|0|
1575|1|5001-10000|0|0|
1576|10|501-1000|3|1|
1577|16|10001+|1|3|
1578|4|5001-10000|2|2|
1579|6|0-500|5|1|
1580|11|1001-5000|5|4|
1581|7|501-1000|5|4|
1582|16|501-1000|5|0|
1583|15|5001-10000|4|0|
1584|19|5001-10000|4|3|
1585|16|5001-10000|5|1|
1586|9|5001-10000|4|3|
1587|6|10001+|1|1|
1588|1|501-1000|4|0|
1589|11|5001-10000|3|4|
1590|7|501-1000|1|3|
1591|7|1001-5000|4|4|
1592|20|5001-10000|3|1|
1593|1|0-500|3|3|
1594|10|501-1000|0|4|
1595|15|0-500|5|0|
1596|4|501-1000|5|2|
1597|18|5001-10000|4|1|
1598|9|501-1000|3|4|
1599|2|10001+|0|1|
1600|15|10001+|3|1|
1601|2|0-500|1|1|
1602|18|501-1000|0|1|
1603|7|0-500|5|0|
1604|17|1001-5000|0|4|
1605|14|10001+|1|0|
1606|8|501-1000|4|0|
1607|15|501-1000|1|2|
1608|19|10001+|0|2|
1609|2|0-500|1|1|
1610|1|5001-10000|4|1|
1611|15|10001+|5|0|
1612|9|501-1000|1|2|
1613|8|0-500|0|2|
1614|3|501-1000|5|3|
1615|17|5001-10000|3|2|
1616|2|1001-5000|5|3|
1617|13|10001+|3|0|
1618|4|10001+|4|4|
1619|10|10001+|1|0|
1620|18|1001-5000|3|3|
1621|19|1001-5000|0|0|
1622|16|501-1000|2|1|
1623|3|1001-5000|2|2|
1624|14|10001+|3|2|
1625|13|0-500|2|2|
1626|17|5001-10000|5|1|
1627|19|5001-10000|1|4|
1628|3|0-500|0|1|
1629|9|1001-5000|1|2|
1630|3|0-500|3|2|
1631|8|501-1000|2|2|
1632|15|501-1000|5|0|
1633|4|501-1000|1|3|
1634|3|5001-10000|3|4|
1635|6|0-500|3|2|
1636|11|1001-5000|3|2|
1637|1|5001-10000|2|1|
1638|1|501-1000|1|2|
1639|20|0-500|3|4|
1640|17|10001+|4|1|
1641|4|1001-5000|2|3|
1642|7|5001-10000|5|2|
1643|4|10001+|3|2|
1644|5|501-1000|5|0|
1645|17|5001-10000|5|0|
1646|1|10001+|1|0|
1647|11|1001-5000|0|3|
1648|15|5001-10000|2|1|
1649|20|1001-5000|0|0|
1650|14|10001+|1|2|
1651|13|5001-10000|2|1|
1652|10|10001+|3|2|
1653|11|5001-10000|5|0|
1654|14|0-500|0|3|
1655|3|501-1000|3|4|
1656|3|5001-10000|5|0|
1657|9|501-1000|5|0|
1658|7|5001-10000|3|3|
1659|2|1001-5000|3|3|
1660|11|5001-10000|1|1|
1661|3|5001-10000|0|0|
1662|5|0-500|1|1|
1663|17|10001+|3|4|
1664|15|5001-10000|2|2|
1665|2|10001+|0|0|
1666|1|0-500|2|0|
1667|10|10001+|3|4|
1668|3|5001-10000|2|3|
1669|6|5001-10000|0|2|
1670|11|501-1000|4|0|
1671|5|1001-5000|5|0|
1672|16|0-500|4|0|
1673|5|10001+|1|2|
1674|19|5001-10000|2|0|
1675|9|0-500|0|4|
1676|18|10001+|1|2|
1677|20|5001-10000|2|4|
1678|20|501-1000|1|2|
1679|4|501-1000|3|0|
1680|18|10001+|1|1|
1681|13|5001-10000|2|1|
1682|4|1001-5000|2|3|
1683|8|0-500|3|4|
1684|13|1001-5000|3|4|
1685|17|0-500|4|0|
1686|7|501-1000|2|2|
1687|6|5001-10000|2|3|
1688|9|5001-10000|0|3|
1689|14|5001-10000|4|0|
1690|2|501-1000|0|2|
1691|20|1001-5000|3|4|
1692|18|0-500|2|4|
1693|3|5001-10000|3|1|
1694|11|501-1000|0|0|
1695|1|1001-5000|0|3|
1696|14|5001-10000|1|0|
1697|10|5001-10000|3|0|
1698|16|1001-5000|5|4|
1699|15|10001+|3|2|
1700|9|10001+|2|1|
1701|20|1001-5000|5|0|
1702|8|0-500|4|1|
1703|20|10001+|3|2|
1704|4|501-1000|5|4|
1705|11|5001-10000|0|0|
1706|20|1001-5000|4|3|
1707|16|10001+|0|2|
1708|10|10001+|0|3|
1709|5|10001+|2|0|
1710|17|501-1000|0|4|
1711|14|1001-5000|3|0|
1712|20|1001-5000|1|1|
1713|13|1001-5000|0|4|
1714|9|5001-10000|1|2|
1715|2|501-1000|1|3|
1716|14|501-1000|4|3|
1717|20|10001+|5|0|
1718|14|10001+|5|0|
1719|5|5001-10000|0|0|
1720|17|0-500|3|3|
1721|5|10001+|4|3|
1722|14|10001+|3|2|
1723|10|5001-10000|0|1|
1724|16|5001-10000|5|3|
1725|2|5001-10000|3|0|
1726|20|0-500|5|0|
1727|15|1001-5000|3|0|
1728|15|10001+|4|4|
1729|9|0-500|2|1|
1730|20|501-1000|2|1|
1731|17|5001-10000|5|4|
1732|14|1001-5000|2|1|
1733|5|10001+|4|0|
1734|14|0-500|0|3|
1735|16|10001+|1|3|
1736|20|501-1000|2|3|
1737|12|0-500|4|4|
1738|9|501-1000|0|0|
1739|5|10001+|3|2|
1740|18|0-500|5|2|
1741|19|1001-5000|3|4|
1742|7|501-1000|2|2|
1743|9|10001+|4|3|
1744|16|0-500|1|0|
1745|4|5001-10000|1|2|
1746|17|0-500|1|1|
1747|5|0-500|2|1|
1748|17|5001-10000|5|0|
1749|17|10001+|5|3|
1750|1|501-1000|0|3|
1751|3|10001+|2|1|
1752|17|501-1000|4|1|
1753|13|5001-10000|1|1|
1754|9|1001-5000|4|3|
1755|11|10001+|3|0|
1756|8|1001-5000|0|1|
1757|6|501-1000|3|2|
1758|15|501-1000|1|3|
1759|9|0-500|5|1|
1760|7|1001-5000|1|3|
1761|2|10001+|1|4|
1762|1|1001-5000|1|1|
1763|6|0-500|2|2|
1764|20|5001-10000|0|3|
1765|8|5001-10000|4|2|
1766|10|501-1000|1|4|
1767|4|501-1000|1|3|
1768|7|0-500|2|0|
1769|16|1001-5000|2|2|
1770|12|501-1000|3|2|
1771|4|1001-5000|1|0|
1772|5|10001+|3|2|
1773|10|10001+|0|3|
1774|7|0-500|4|3|
1775|13|501-1000|1|0|
1776|8|10001+|5|0|
1777|14|5001-10000|1|4|
1778|9|0-500|4|0|
1779|3|5001-10000|0|4|
1780|16|501-1000|4|0|
1781|19|5001-10000|0|3|
1782|15|0-500|2|4|
1783|15|5001-10000|2|2|
1784|18|0-500|4|1|
1785|16|501-1000|4|0|
1786|15|5001-10000|1|0|
1787|17|0-500|5|3|
1788|4|1001-5000|0|1|
1789|18|5001-10000|5|0|
1790|8|501-1000|4|0|
1791|16|10001+|4|2|
1792|14|10001+|1|1|
1793|16|1001-5000|3|2|
1794|16|5001-10000|2|3|
1795|6|0-500|1|0|
1796|13|10001+|1|3|
1797|15|0-500|1|0|
1798|13|10001+|5|3|
1799|16|5001-10000|3|3|
1800|9|501-1000|0|4|
1801|1|1001-5000|3|4|
1802|1|5001-10000|0|0|
1803|8|10001+|3|3|
1804|1|501-1000|0|4|
1805|19|501-1000|0|0|
1806|15|10001+|3|2|
1807|19|0-500|1|2|
1808|14|10001+|1|1|
1809|19|0-500|3|2|
1810|9|10001+|3|0|
1811|8|10001+|3|2|
1812|12|5001-10000|1|2|
1813|16|501-1000|0|3|
1814|13|0-500|0|4|
1815|16|10001+|2|1|
1816|15|501-1000|3|0|
1817|18|10001+|4|4|
1818|4|0-500|4|4|
1819|1|1001-5000|5|1|
1820|6|5001-10000|2|1|
1821|5|10001+|1|4|
1822|9|5001-10000|5|3|
1823|19|1001-5000|2|1|
1824|6|1001-5000|5|0|
1825|1|0-500|0|4|
1826|7|0-500|4|2|
1827|5|10001+|1|0|
1828|11|0-500|0|1|
1829|9|10001+|3|2|
1830|19|1001-5000|3|1|
1831|11|5001-10000|1|2|
1832|19|5001-10000|1|0|
1833|20|0-500|1|1|
1834|15|10001+|5|4|
1835|20|0-500|0|1|
1836|9|501-1000|3|2|
1837|19|501-1000|3|3|
1838|5|5001-10000|1|4|
1839|8|0-500|3|0|
1840|9|1001-5000|5|0|
1841|2|1001-5000|1|2|
1842|13|501-1000|1|1|
1843|14|10001+|5|1|
1844|4|10001+|5|0|
1845|5|0-500|3|2|
1846|11|501-1000|5|0|
1847|4|1001-5000|0|0|
1848|14|5001-10000|0|4|
1849|14|501-1000|0|2|
1850|16|1001-5000|4|1|
1851|20|501-1000|4|4|
1852|8|501-1000|2|0|
1853|11|5001-10000|4|3|
1854|18|1001-5000|0|0|
1855|18|5001-10000|3|0|
1856|11|1001-5000|4|2|
1857|6|501-1000|0|3|
1858|5|1001-5000|3|4|
1859|8|1001-5000|5|3|
1860|7|0-500|5|1|
1861|1|5001-10000|2|0|
1862|12|5001-10000|0|4|
1863|17|1001-5000|2|2|
1864|13|5001-10000|3|4|
1865|6|0-500|4|2|
1866|4|1001-5000|5|0|
1867|11|501-1000|4|2|
1868|12|501-1000|1|1|
1869|16|5001-10000|1|0|
1870|1|501-1000|5|4|
1871|4|0-500|0|1|
1872|7|0-500|0|0|
1873|10|501-1000|1|1|
1874|7|1001-5000|3|1|
1875|19|10001+|4|1|
1876|14|5001-10000|0|0|
1877|20|10001+|4|0|
1878|19|501-1000|1|1|
1879|14|0-500|4|1|
1880|19|5001-10000|1|1|
1881|6|10001+|5|0|
1882|2|1001-5000|4|2|
1883|3|10001+|2|0|
1884|12|10001+|2|0|
1885|17|5001-10000|4|1|
1886|10|0-500|3|4|
1887|10|10001+|0|0|
1888|3|0-500|2|2|
1889|19|501-1000|3|4|
1890|4|0-500|4|4|
1891|1|0-500|1|1|
1892|2|10001+|5|1|
1893|10|501-1000|3|2|
1894|11|501-1000|4|0|
1895|15|501-1000|3|4|
1896|13|5001-10000|4|2|
1897|6|1001-5000|2|1|
1898|20|5001-10000|0|1|
1899|5|1001-5000|4|4|
1900|2|501-1000|2|1|
1901|7|5001-10000|1|2|
1902|15|0-500|3|4|
1903|15|0-500|2|4|
1904|13|501-1000|3|4|
1905|16|1001-5000|0|3|
1906|3|1001-5000|2|1|
1907|20|1001-5000|3|2|
1908|19|10001+|4|1|
1909|18|1001-5000|5|2|
1910|15|501-1000|4|0|
1911|2|1001-5000|1|4|
1912|10|501-1000|2|4|
1913|7|501-1000|5|3|
1914|2|1001-5000|1|3|
1915|17|1001-5000|4|4|
1916|17|501-1000|1|4|
1917|15|501-1000|2|0|
1918|20|1001-5000|1|0|
1919|9|5001-10000|2|3|
1920|5|1001-5000|1|1|
1921|5|501-1000|4|4|
1922|15|10001+|3|0|
1923|15|1001-5000|3|1|
1924|2|1001-5000|3|1|
1925|8|501-1000|2|1|
1926|16|501-1000|5|0|
1927|8|10001+|1|1|
1928|16|501-1000|0|4|
1929|11|1001-5000|2|2|
1930|18|501-1000|1|3|
1931|6|501-1000|2|3|
1932|14|10001+|1|1|
1933|15|501-1000|4|3|
1934|13|0-500|4|4|
1935|10|501-1000|1|1|
1936|11|0-500|3|4|
1937|20|10001+|2|4|
1938|16|501-1000|1|2|
1939|2|1001-5000|2|0|
1940|10|5001-10000|0|1|
1941|14|1001-5000|1|1|
1942|11|5001-10000|3|2|
1943|2|10001+|4|4|
1944|7|0-500|1|3|
1945|8|5001-10000|5|3|
1946|11|5001-10000|0|3|
1947|9|5001-10000|5|2|
1948|12|0-500|3|4|
1949|19|10001+|3|1|
1950|1|10001+|1|4|
1951|16|5001-10000|1|4|
1952|18|1001-5000|1|0|
1953|5|0-500|0|1|
1954|10|10001+|2|3|
1955|10|0-500|2|1|
1956|14|501-1000|2|4|
1957|19|1001-5000|2|4|
1958|19|0-500|3|0|
1959|13|501-1000|5|3|
1960|1|1001-5000|4|0|
1961|13|10001+|5|0|
1962|3|0-500|1|2|
1963|15|10001+|3|1|
1964|16|1001-5000|1|0|
1965|2|501-1000|0|1|
1966|5|0-500|2|1|
1967|1|501-1000|1|1|
1968|19|1001-5000|1|3|
1969|18|5001-10000|5|2|
1970|3|5001-10000|5|4|
1971|3|0-500|3|0|
1972|14|5001-10000|1|4|
1973|5|5001-10000|3|2|
1974|3|1001-5000|0|3|
1975|7|501-1000|0|3|
1976|10|501-1000|0|2|
1977|8|10001+|5|3|
1978|18|501-1000|3|1|
1979|20|501-1000|0|3|
1980|8|0-500|1|0|
1981|15|501-1000|2|2|
1982|13|501-1000|3|3|
1983|18|10001+|1|0|
1984|10|0-500|0|0|
1985|6|1001-5000|4|2|
1986|15|501-1000|3|1|
1987|14|1001-5000|4|2|
1988|8|1001-5000|4|4|
1989|3|0-500|4|2|
1990|6|0-500|4|4|
1991|13|5001-10000|0|0|
1992|17|5001-10000|2|4|
1993|12|0-500|1|4|
1994|11|10001+|1|3|
1995|5|501-1000|1|3|
1996|8|501-1000|2|2|
1997|7|5001-10000|0|0|
1998|17|10001+|4|2|
1999|12|10001+|5|0|
2000|20|501-1000|3|3|
2001|10|0-500|5|0|
2002|12|10001+|2|3|
2003|6|5001-10000|2|3|
2004|10|10001+|0|0|
2005|16|1001-5000|2|2|
2006|14|1001-5000|0|1|
2007|12|5001-10000|0|2|
2008|16|5001-10000|1|0|
2009|18|501-1000|2|2|
2010|7|5001-10000|2|1|
2011|5|501-1000|0|0|
2012|17|501-1000|0|2|
2013|17|1001-5000|3|3|
2014|5|0-500|4|4|
2015|9|501-1000|3|0|
2016|6|0-500|2|4|
2017|12|501-1000|5|0|
2018|1|0-500|0|4|
2019|1|0-500|5|4|
2020|3|10001+|2|4|
2021|14|10001+|2|0|
2022|20|501-1000|1|0|
2023|1|1001-5000|1|4|
2024|17|0-500|2|0|
2025|4|0-500|1|1|
2026|14|0-500|2|0|
2027|5|501-1000|5|4|
2028|20|5001-10000|4|4|
2029|15|0-500|2|4|
2030|18|0-500|3|0|
2031|18|10001+|1|4|
2032|20|10001+|0|0|
2033|3|10001+|1|4|
2034|4|5001-10000|1|2|
2035|6|1001-5000|4|3|
2036|11|5001-10000|4|2|
2037|14|0-500|2|3|
2038|13|0-500|3|2|
2039|20|5001-10000|0|2|
2040|11|501-1000|4|3|
2041|18|10001+|2|4|
2042|4|0-500|1|3|
2043|14|501-1000|0|2|
2044|13|0-500|3|1|
2045|7|0-500|2|1|
2046|11|1001-5000|2|1|
2047|16|10001+|5|3|
2048|7|1001-5000|3|3|
2049|18|1001-5000|2|2|
2050|17|501-1000|5|0|
2051|3|10001+|4|0|
2052|15|0-500|1|1|
2053|19|501-1000|1|3|
2054|14|10001+|2|1|
2055|5|0-500|2|0|
2056|17|501-1000|1|4|
2057|10|501-1000|1|0|
2058|7|501-1000|1|4|
2059|5|5001-10000|4|2|
2060|2|1001-5000|4|2|
2061|18|501-1000|5|0|
2062|17|1001-5000|1|3|
2063|4|501-1000|4|2|
2064|20|10001+|3|0|
2065|11|5001-10000|2|3|
2066|19|0-500|0|0|
2067|13|10001+|3|0|
2068|10|501-1000|4|0|
2069|7|0-500|1|0|
2070|19|0-500|3|2|
2071|3|10001+|2|1|
2072|11|0-500|5|0|
2073|18|5001-10000|1|4|
2074|14|1001-5000|0|2|
2075|20|1001-5000|4|1|
2076|8|501-1000|3|0|
2077|2|0-500|3|1|
2078|6|1001-5000|0|2|
2079|12|0-500|2|0|
2080|2|10001+|5|4|
2081|17|1001-5000|5|3|
2082|1|10001+|1|4|
2083|11|0-500|4|0|
2084|20|0-500|4|4|
2085|8|10001+|4|3|
2086|9|0-500|4|3|
2087|6|501-1000|5|1|
2088|3|0-500|4|3|
2089|6|5001-10000|1|3|
2090|12|5001-10000|2|2|
2091|19|1001-5000|3|3|
2092|1|501-1000|2|3|
2093|19|5001-10000|5|1|
2094|8|5001-10000|1|0|
2095|1|5001-10000|2|1|
2096|3|0-500|5|1|
2097|10|5001-10000|0|2|
2098|10|0-500|2|0|
2099|1|10001+|4|0|
2100|13|5001-10000|3|4|
2101|5|1001-5000|2|0|
2102|16|1001-5000|1|3|
2103|7|5001-10000|3|1|
2104|4|501-1000|4|2|
2105|6|1001-5000|5|4|
2106|15|0-500|1|0|
2107|13|1001-5000|0|4|
2108|6|501-1000|4|2|
2109|16|1001-5000|5|4|
2110|16|501-1000|1|4|
2111|12|10001+|3|0|
2112|17|10001+|0|3|
2113|14|1001-5000|4|1|
2114|7|1001-5000|5|2|
2115|8|10001+|4|3|
2116|16|501-1000|3|1|
2117|17|1001-5000|5|0|
2118|13|10001+|5|0|
2119|12|0-500|5|4|
2120|6|0-500|0|3|
2121|5|5001-10000|2|4|
2122|14|501-1000|0|0|
2123|2|5001-10000|3|2|
2124|15|501-1000|0|4|
2125|1|5001-10000|5|1|
2126|10|0-500|2|1|
2127|2|0-500|5|0|
2128|2|5001-10000|2|0|
2129|4|0-500|4|2|
2130|19|5001-10000|5|3|
2131|13|5001-10000|4|2|
2132|19|10001+|0|2|
2133|4|5001-10000|3|4|
2134|13|10001+|3|4|
2135|15|1001-5000|2|3|
2136|3|10001+|1|3|
2137|3|0-500|1|1|
2138|4|0-500|0|4|
2139|3|0-500|4|1|
2140|2|10001+|2|4|
2141|6|10001+|5|1|
2142|6|10001+|1|0|
2143|12|0-500|2|0|
2144|3|1001-5000|5|3|
2145|8|1001-5000|4|0|
2146|19|1001-5000|5|4|
2147|11|10001+|2|2|
2148|10|1001-5000|0|4|
2149|13|0-500|5|3|
2150|5|0-500|1|2|
2151|20|0-500|2|2|
2152|3|10001+|5|1|
2153|7|5001-10000|5|3|
2154|18|5001-10000|1|0|
2155|7|1001-5000|2|0|
2156|18|10001+|4|1|
2157|13|0-500|0|2|
2158|9|0-500|4|1|
2159|17|1001-5000|1|3|
2160|15|501-1000|3|1|
2161|5|501-1000|5|1|
2162|1|1001-5000|0|4|
2163|12|0-500|2|0|
2164|19|10001+|4|2|
2165|16|0-500|2|1|
2166|20|10001+|5|4|
2167|2|1001-5000|1|4|
2168|3|10001+|0|2|
2169|17|0-500|2|2|
2170|2|1001-5000|1|0|
2171|16|5001-10000|1|1|
2172|13|1001-5000|3|3|
2173|5|5001-10000|0|3|
2174|6|0-500|5|1|
2175|3|501-1000|5|0|
2176|13|5001-10000|0|2|
2177|18|5001-10000|1|0|
2178|12|10001+|5|4|
2179|9|10001+|0|0|
2180|9|10001+|5|0|
2181|11|0-500|4|0|
2182|5|5001-10000|1|4|
2183|10|0-500|3|0|
2184|1|501-1000|0|2|
2185|3|501-1000|4|1|
2186|19|0-500|2|0|
2187|10|0-500|4|3|
2188|3|5001-10000|3|4|
2189|7|10001+|1|2|
2190|16|5001-10000|0|0|
2191|6|0-500|4|3|
2192|10|0-500|2|3|
2193|2|5001-10000|1|0|
2194|19|501-1000|1|2|
2195|20|0-500|2|0|
2196|4|1001-5000|2|3|
2197|6|0-500|5|2|
2198|1|501-1000|0|1|
2199|8|0-500|2|0|
2200|2|0-500|2|4|
2201|2|10001+|0|3|
2202|3|1001-5000|3|3|
2203|16|0-500|1|3|
2204|9|5001-10000|3|2|
2205|7|10001+|3|3|
2206|7|5001-10000|5|4|
2207|13|501-1000|4|1|
2208|19|501-1000|4|4|
2209|19|501-1000|4|4|
2210|9|0-500|2|3|
2211|16|501-1000|3|1|
2212|16|1001-5000|1|0|
2213|7|1001-5000|4|3|
2214|8|1001-5000|5|4|
2215|17|5001-10000|3|2|
2216|13|1001-5000|3|1|
2217|14|501-1000|1|3|
2218|9|10001+|3|1|
2219|14|0-500|3|2|
2220|4|0-500|2|2|
2221|9|1001-5000|4|1|
2222|14|501-1000|4|1|
2223|13|0-500|0|2|
2224|16|10001+|4|0|
2225|6|1001-5000|1|3|
2226|5|501-1000|5|4|
2227|5|0-500|5|4|
2228|10|501-1000|1|2|
2229|19|10001+|4|3|
2230|19|0-500|4|3|
2231|17|501-1000|2|2|
2232|8|501-1000|1|1|
2233|10|10001+|0|4|
2234|18|0-500|0|2|
2235|16|10001+|5|1|
2236|18|5001-10000|0|0|
2237|3|5001-10000|4|3|
2238|19|501-1000|0|3|
2239|20|501-1000|2|4|
2240|20|5001-10000|4|3|
2241|10|0-500|3|1|
2242|12|501-1000|1|4|
2243|7|0-500|5|3|
2244|7|0-500|0|3|
2245|16|1001-5000|2|0|
2246|11|10001+|0|2|
2247|8|5001-10000|0|2|
2248|4|1001-5000|4|0|
2249|9|1001-5000|5|3|
2250|13|0-500|0|1|
2251|2|5001-10000|1|3|
2252|4|501-1000|5|3|
2253|18|10001+|1|3|
2254|11|5001-10000|5|4|
2255|12|0-500|1|3|
2256|15|5001-10000|0|0|
2257|14|10001+|1|4|
2258|19|0-500|1|2|
2259|11|1001-5000|5|0|
2260|18|1001-5000|4|2|
2261|4|10001+|5|0|
2262|8|501-1000|4|4|
2263|2|0-500|3|2|
2264|3|10001+|3|4|
2265|18|5001-10000|0|4|
2266|2|1001-5000|5|1|
2267|6|0-500|3|1|
2268|8|1001-5000|5|4|
2269|2|1001-5000|1|0|
2270|20|1001-5000|4|3|
2271|17|501-1000|5|0|
2272|20|501-1000|0|2|
2273|14|501-1000|4|2|
2274|7|0-500|2|4|
2275|1|0-500|1|4|
2276|8|501-1000|2|2|
2277|1|10001+|4|1|
2278|20|10001+|1|2|
2279|16|10001+|2|1|
2280|17|1001-5000|3|4|
2281|12|5001-10000|0|3|
2282|12|5001-10000|2|0|
2283|1|5001-10000|1|2|
2284|13|1001-5000|3|4|
2285|16|1001-5000|4|2|
2286|11|10001+|0|2|
2287|7|0-500|2|4|
2288|4|0-500|4|3|
2289|1|0-500|1|3|
2290|8|5001-10000|1|0|
2291|18|1001-5000|2|2|
2292|10|501-1000|1|2|
2293|2|5001-10000|4|1|
2294|4|5001-10000|1|4|
2295|15|5001-10000|5|4|
2296|2|1001-5000|5|1|
2297|18|5001-10000|2|4|
2298|16|10001+|5|0|
2299|19|10001+|3|2|
2300|5|0-500|3|0|
2301|7|10001+|0|3|
2302|10|501-1000|3|2|
2303|6|0-500|0|2|
2304|3|5001-10000|2|0|
2305|14|10001+|3|2|
2306|13|1001-5000|2|3|
2307|16|501-1000|2|4|
2308|15|1001-5000|2|2|
2309|6|10001+|2|2|
2310|3|501-1000|3|1|
2311|15|5001-10000|5|0|
2312|18|1001-5000|1|2|
2313|11|0-500|3|2|
2314|8|501-1000|0|2|
2315|18|501-1000|5|1|
2316|20|5001-10000|4|0|
2317|16|1001-5000|4|1|
2318|15|10001+|3|4|
2319|10|5001-10000|0|0|
2320|13|5001-10000|1|3|
2321|20|1001-5000|3|0|
2322|13|10001+|3|1|
2323|1|501-1000|4|1|
2324|3|1001-5000|4|2|
2325|17|5001-10000|0|3|
2326|5|10001+|5|3|
2327|16|10001+|1|1|
2328|14|10001+|4|3|
2329|12|501-1000|3|1|
2330|6|10001+|0|3|
2331|10|10001+|3|2|
2332|19|5001-10000|5|2|
2333|7|501-1000|0|4|
2334|5|5001-10000|2|2|
2335|5|1001-5000|0|0|
2336|13|10001+|2|4|
2337|9|0-500|0|0|
2338|4|5001-10000|5|1|
2339|15|1001-5000|4|0|
2340|17|501-1000|1|3|
2341|4|1001-5000|1|0|
2342|13|501-1000|0|2|
2343|2|0-500|4|0|
2344|18|1001-5000|1|0|
2345|18|0-500|5|3|
2346|15|1001-5000|5|0|
2347|14|501-1000|4|2|
2348|19|1001-5000|1|0|
2349|2|0-500|5|2|
2350|8|1001-5000|5|1|
2351|18|10001+|3|4|
2352|5|1001-5000|4|1|
2353|14|5001-10000|2|0|
2354|11|0-500|2|2|
2355|9|501-1000|5|4|
2356|19|501-1000|3|2|
2357|3|5001-10000|1|2|
2358|10|10001+|4|0|
2359|9|10001+|0|2|
2360|5|5001-10000|5|0|
2361|20|0-500|4|3|
2362|13|0-500|1|1|
2363|19|5001-10000|0|1|
2364|10|10001+|4|1|
2365|19|5001-10000|4|2|
2366|20|0-500|4|2|
2367|2|1001-5000|0|4|
2368|1|5001-10000|3|2|
2369|10|1001-5000|5|3|
2370|11|1001-5000|0|4|
2371|14|1001-5000|5|4|
2372|15|5001-10000|4|1|
2373|20|10001+|2|1|
2374|9|0-500|0|3|
2375|10|1001-5000|2|2|
2376|6|501-1000|0|1|
2377|12|0-500|0|4|
2378|12|1001-5000|2|3|
2379|17|0-500|5|0|
2380|8|0-500|4|3|
2381|2|1001-5000|4|4|
2382|4|10001+|0|0|
2383|2|501-1000|0|2|
2384|10|0-500|1|0|
2385|6|501-1000|1|2|
2386|18|5001-10000|3|0|
2387|9|5001-10000|4|3|
2388|11|5001-10000|0|2|
2389|15|10001+|1|2|
2390|19|0-500|1|0|
2391|5|1001-5000|0|3|
2392|11|1001-5000|2|1|
2393|1|0-500|2|1|
2394|20|10001+|2|0|
2395|10|501-1000|3|0|
2396|18|1001-5000|3|3|
2397|16|5001-10000|1|2|
2398|14|501-1000|0|0|
2399|8|10001+|0|1|
2400|15|5001-10000|2|0|
2401|8|501-1000|2|4|
2402|11|0-500|4|2|
2403|3|1001-5000|0|2|
2404|9|1001-5000|0|1|
2405|12|0-500|3|4|
2406|9|5001-10000|1|3|
2407|3|5001-10000|4|2|
2408|14|10001+|5|4|
2409|1|501-1000|1|0|
2410|9|1001-5000|2|3|
2411|7|5001-10000|2|2|
2412|3|1001-5000|0|4|
2413|5|1001-5000|0|1|
2414|16|5001-10000|0|0|
2415|4|1001-5000|1|4|
2416|4|0-500|4|0|
2417|1|501-1000|1|1|
2418|17|5001-10000|5|0|
2419|19|10001+|3|4|
2420|19|5001-10000|3|1|
2421|1|0-500|4|2|
2422|10|501-1000|5|1|
2423|16|0-500|4|0|
2424|2|1001-5000|1|3|
2425|10|5001-10000|2|2|
2426|15|5001-10000|3|3|
2427|11|10001+|0|3|
2428|14|1001-5000|1|0|
2429|6|10001+|4|4|
2430|14|5001-10000|1|4|
2431|16|10001+|5|3|
2432|7|1001-5000|4|0|
2433|6|0-500|3|4|
2434|3|0-500|0|1|
2435|13|0-500|5|1|
2436|7|501-1000|2|0|
2437|8|1001-5000|2|2|
2438|6|1001-5000|0|1|
2439|10|5001-10000|4|4|
2440|7|0-500|3|1|
2441|3|0-500|1|3|
2442|11|501-1000|2|0|
2443|1|5001-10000|5|1|
2444|11|0-500|4|2|
2445|20|10001+|2|3|
2446|16|0-500|1|4|
2447|13|0-500|4|1|
2448|8|1001-5000|4|0|
2449|4|501-1000|2|1|
2450|4|5001-10000|4|2|
2451|5|0-500|1|4|
2452|19|5001-10000|5|2|
2453|7|0-500|0|3|
2454|14|1001-5000|5|4|
2455|11|501-1000|0|1|
2456|13|1001-5000|0|4|
2457|18|1001-5000|1|0|
2458|17|1001-5000|3|0|
2459|3|501-1000|2|2|
2460|16|501-1000|0|3|
2461|11|1001-5000|5|0|
2462|16|10001+|2|4|
2463|1|1001-5000|2|3|
2464|16|501-1000|0|2|
2465|14|501-1000|0|1|
2466|4|10001+|3|1|
2467|7|5001-10000|1|0|
2468|16|0-500|5|2|
2469|5|10001+|1|1|
2470|10|10001+|5|3|
2471|9|10001+|0|0|
2472|17|5001-10000|4|1|
2473|2|5001-10000|2|3|
2474|4|10001+|2|1|
2475|8|501-1000|1|0|
2476|2|0-500|5|0|
2477|10|0-500|1|4|
2478|10|1001-5000|4|1|
2479|15|0-500|5|0|
2480|10|0-500|1|3|
2481|2|501-1000|5|3|
2482|2|5001-10000|4|2|
2483|5|1001-5000|1|3|
2484|5|10001+|3|0|
2485|12|1001-5000|3|4|
2486|11|1001-5000|3|0|
2487|3|501-1000|3|0|
2488|12|5001-10000|5|2|
2489|7|10001+|1|2|
2490|7|1001-5000|5|0|
2491|9|1001-5000|4|0|
2492|2|5001-10000|1|4|
2493|9|501-1000|5|0|
2494|4|1001-5000|3|1|
2495|10|5001-10000|1|3|
2496|13|0-500|4|0|
2497|7|1001-5000|0|1|
2498|7|1001-5000|2|3|
2499|13|1001-5000|5|0|
2500|16|5001-10000|1|2|
2501|19|10001+|0|4|
2502|10|1001-5000|0|0|
2503|18|10001+|2|4|
2504|4|501-1000|5|4|
2505|12|0-500|1|2|
2506|5|1001-5000|5|0|
2507|11|0-500|0|2|
2508|3|501-1000|1|0|
2509|13|0-500|3|4|
2510|8|0-500|4|1|
2511|2|501-1000|0|3|
2512|5|0-500|4|3|
2513|18|1001-5000|2|1|
2514|19|10001+|1|1|
2515|5|10001+|4|1|
2516|1|1001-5000|2|3|
2517|1|1001-5000|2|3|
2518|18|501-1000|5|0|
2519|8|5001-10000|2|4|
2520|9|5001-10000|0|2|
2521|11|501-1000|2|3|
2522|7|0-500|3|4|
2523|7|501-1000|2|2|
2524|1|5001-10000|4|2|
2525|11|0-500|2|2|
2526|13|1001-5000|2|0|
2527|14|10001+|3|2|
2528|2|501-1000|3|0|
2529|9|0-500|0|2|
2530|19|5001-10000|5|1|
2531|13|1001-5000|4|1|
2532|2|5001-10000|2|0|
2533|1|1001-5000|3|1|
2534|4|0-500|4|2|
2535|19|501-1000|0|0|
2536|8|501-1000|4|0|
2537|9|10001+|0|2|
2538|16|5001-10000|0|4|
2539|15|0-500|3|3|
2540|19|501-1000|1|2|
2541|12|10001+|2|1|
2542|16|5001-10000|0|2|
2543|10|0-500|0|3|
2544|14|10001+|4|4|
2545|14|501-1000|3|2|
2546|1|1001-5000|1|0|
2547|13|10001+|1|3|
2548|15|10001+|1|3|
2549|4|0-500|0|4|
2550|8|0-500|2|4|
2551|7|5001-10000|2|0|
2552|20|0-500|3|4|
2553|8|5001-10000|3|4|
2554|10|1001-5000|2|1|
2555|19|0-500|3|4|
2556|4|5001-10000|3|1|
2557|6|10001+|2|4|
2558|19|10001+|4|3|
2559|14|501-1000|1|4|
2560|6|0-500|4|3|
2561|4|1001-5000|1|4|
2562|4|10001+|5|3|
2563|2|1001-5000|4|4|
2564|2|10001+|0|4|
2565|15|10001+|1|1|
2566|7|0-500|1|4|
2567|1|5001-10000|5|2|
2568|14|1001-5000|3|2|
2569|1|0-500|2|4|
2570|6|0-500|2|3|
2571|12|0-500|1|0|
2572|4|1001-5000|3|0|
2573|10|5001-10000|1|4|
2574|20|0-500|5|2|
2575|17|10001+|4|1|
2576|16|5001-10000|3|4|
2577|4|5001-10000|1|4|
2578|15|1001-5000|3|1|
2579|17|501-1000|1|3|
2580|19|1001-5000|2|3|
2581|1|501-1000|1|4|
2582|10|501-1000|0|0|
2583|7|1001-5000|4|2|
2584|6|0-500|4|2|
2585|19|0-500|3|3|
2586|1|0-500|5|3|
2587|7|10001+|5|3|
2588|6|10001+|2|4|
2589|20|0-500|3|1|
2590|3|5001-10000|2|3|
2591|19|501-1000|3|0|
2592|20|10001+|3|4|
2593|20|0-500|1|1|
2594|17|0-500|4|2|
2595|2|10001+|5|3|
2596|11|10001+|1|1|
2597|8|1001-5000|3|4|
2598|10|501-1000|5|1|
2599|12|501-1000|3|4|
2600|11|0-500|4|0|
2601|3|10001+|3|0|
2602|13|0-500|3|1|
2603|16|501-1000|3|2|
2604|11|0-500|4|0|
2605|17|501-1000|1|2|
2606|20|501-1000|4|2|
2607|19|1001-5000|2|1|
2608|13|10001+|0|0|
2609|1|5001-10000|3|3|
2610|6|10001+|3|0|
2611|1|501-1000|4|2|
2612|12|1001-5000|3|0|
2613|3|10001+|3|1|
2614|7|5001-10000|4|0|
2615|11|1001-5000|1|3|
2616|8|5001-10000|3|4|
2617|7|501-1000|5|3|
2618|5|5001-10000|1|1|
2619|13|10001+|1|3|
2620|7|10001+|0|1|
2621|14|1001-5000|1|3|
2622|10|0-500|5|3|
2623|6|1001-5000|0|2|
2624|14|501-1000|3|3|
2625|6|5001-10000|0|1|
2626|5|501-1000|0|0|
2627|7|501-1000|3|3|
2628|2|10001+|4|4|
2629|11|5001-10000|1|1|
2630|20|10001+|4|0|
2631|20|1001-5000|3|1|
2632|11|5001-10000|5|3|
2633|18|501-1000|4|2|
2634|17|5001-10000|1|3|
2635|19|0-500|4|0|
2636|13|10001+|1|2|
2637|11|5001-10000|5|3|
2638|14|10001+|0|2|
2639|7|5001-10000|2|4|
2640|6|5001-10000|2|1|
2641|8|0-500|5|1|
2642|9|501-1000|2|3|
2643|6|1001-5000|1|2|
2644|5|5001-10000|5|4|
2645|9|10001+|4|3|
2646|18|501-1000|3|0|
2647|5|1001-5000|1|4|
2648|2|0-500|3|1|
2649|7|0-500|5|1|
2650|8|1001-5000|2|0|
2651|20|10001+|5|0|
2652|9|1001-5000|5|3|
2653|4|5001-10000|4|3|
2654|18|501-1000|1|2|
2655|5|5001-10000|3|1|
2656|17|501-1000|5|2|
2657|16|501-1000|4|0|
2658|5|10001+|1|1|
2659|19|5001-10000|3|4|
2660|4|0-500|0|0|
2661|16|10001+|1|3|
2662|18|0-500|2|1|
2663|16|10001+|1|1|
2664|9|5001-10000|5|4|
2665|1|5001-10000|5|2|
2666|16|10001+|3|4|
2667|8|0-500|1|4|
2668|3|10001+|4|1|
2669|3|10001+|1|0|
2670|4|0-500|1|4|
2671|11|1001-5000|5|4|
2672|16|5001-10000|5|4|
2673|14|1001-5000|2|1|
2674|8|5001-10000|1|3|
2675|4|1001-5000|3|3|
2676|17|10001+|3|3|
2677|17|10001+|2|3|
2678|14|1001-5000|0|4|
2679|8|501-1000|5|3|
2680|20|501-1000|3|4|
2681|6|501-1000|0|2|
2682|2|0-500|3|3|
2683|6|0-500|5|1|
2684|17|10001+|4|1|
2685|5|5001-10000|5|0|
2686|17|0-500|1|4|
2687|16|501-1000|5|4|
2688|3|1001-5000|3|3|
2689|7|0-500|4|4|
2690|19|501-1000|2|2|
2691|6|10001+|3|3|
2692|4|501-1000|2|2|
2693|18|10001+|2|4|
2694|16|1001-5000|0|0|
2695|4|501-1000|5|0|
2696|19|1001-5000|3|0|
2697|16|501-1000|1|1|
2698|6|10001+|5|0|
2699|13|1001-5000|3|1|
2700|9|0-500|3|3|
2701|17|501-1000|4|2|
2702|20|10001+|4|1|
2703|5|1001-5000|0|0|
2704|12|10001+|0|2|
2705|3|5001-10000|1|1|
2706|16|5001-10000|1|3|
2707|11|0-500|1|1|
2708|3|5001-10000|4|2|
2709|1|1001-5000|5|1|
2710|16|501-1000|2|1|
2711|5|1001-5000|2|2|
2712|4|10001+|4|3|
2713|20|0-500|2|3|
2714|5|0-500|5|2|
2715|8|0-500|2|0|
2716|16|501-1000|2|1|
2717|14|1001-5000|2|0|
2718|12|1001-5000|1|1|
2719|16|0-500|5|1|
2720|13|10001+|2|0|
2721|7|501-1000|3|2|
2722|6|501-1000|5|2|
2723|14|1001-5000|1|4|
2724|16|10001+|5|3|
2725|6|0-500|0|0|
2726|13|10001+|1|1|
2727|12|10001+|3|4|
2728|11|0-500|4|2|
2729|17|0-500|3|0|
2730|12|10001+|4|1|
2731|1|10001+|1|2|
2732|6|0-500|0|4|
2733|6|10001+|0|0|
2734|19|5001-10000|4|3|
2735|17|10001+|3|0|
2736|3|10001+|0|4|
2737|2|501-1000|3|0|
2738|17|5001-10000|3|4|
2739|2|0-500|3|0|
2740|4|1001-5000|3|4|
2741|8|10001+|2|1|
2742|11|10001+|4|3|
2743|17|1001-5000|0|0|
2744|11|10001+|2|3|
2745|14|1001-5000|5|0|
2746|9|0-500|0|2|
2747|2|10001+|0|3|
2748|14|5001-10000|2|0|
2749|7|10001+|3|0|
2750|2|0-500|4|3|
2751|10|501-1000|0|0|
2752|3|10001+|4|0|
2753|1|0-500|2|3|
2754|11|0-500|0|3|
2755|12|5001-10000|0|1|
2756|8|501-1000|3|4|
2757|6|501-1000|0|0|
2758|2|5001-10000|3|1|
2759|6|5001-10000|5|0|
2760|16|501-1000|1|1|
2761|9|5001-10000|0|4|
2762|1|1001-5000|0|1|
2763|4|10001+|2|2|
2764|20|5001-10000|0|2|
2765|20|0-500|4|1|
2766|10|10001+|2|4|
2767|15|1001-5000|1|3|
2768|3|1001-5000|0|4|
2769|18|501-1000|4|1|
2770|9|0-500|2|0|
2771|7|0-500|2|4|
2772|20|0-500|5|0|
2773|20|1001-5000|1|4|
2774|4|5001-10000|4|3|
2775|12|1001-5000|3|3|
2776|14|5001-10000|5|2|
2777|14|10001+|0|1|
2778|9|5001-10000|0|3|
2779|1|5001-10000|2|2|
2780|20|10001+|2|0|
2781|14|10001+|4|1|
2782|16|0-500|0|3|
2783|16|1001-5000|3|1|
2784|14|10001+|1|0|
2785|13|5001-10000|3|4|
2786|7|501-1000|3|0|
2787|4|501-1000|1|1|
2788|13|0-500|2|1|
2789|16|5001-10000|5|4|
2790|2|10001+|0|1|
2791|11|1001-5000|5|2|
2792|5|5001-10000|2|4|
2793|19|5001-10000|4|1|
2794|13|5001-10000|1|3|
2795|12|5001-10000|5|3|
2796|11|1001-5000|3|0|
2797|13|0-500|1|2|
2798|20|1001-5000|5|1|
2799|5|1001-5000|5|1|
2800|11|1001-5000|5|0|
2801|13|0-500|2|4|
2802|19|0-500|5|0|
2803|6|501-1000|4|3|
2804|11|1001-5000|2|2|
2805|16|5001-10000|5|0|
2806|17|501-1000|1|0|
2807|9|1001-5000|0|2|
2808|8|1001-5000|1|0|
2809|6|501-1000|5|1|
2810|18|1001-5000|2|1|
2811|7|0-500|2|1|
2812|13|1001-5000|3|2|
2813|13|501-1000|2|1|
2814|1|10001+|1|0|
2815|20|0-500|0|0|
2816|3|0-500|2|4|
2817|14|5001-10000|5|2|
2818|10|10001+|1|0|
2819|10|10001+|5|1|
2820|18|5001-10000|4|2|
2821|15|501-1000|3|0|
2822|16|10001+|0|4|
2823|11|0-500|3|4|
2824|16|1001-5000|3|3|
2825|7|5001-10000|3|2|
2826|1|501-1000|3|3|
2827|11|1001-5000|4|2|
2828|20|5001-10000|0|3|
2829|14|501-1000|1|0|
2830|20|1001-5000|4|4|
2831|9|1001-5000|4|0|
2832|17|1001-5000|1|0|
2833|6|0-500|4|4|
2834|19|1001-5000|3|2|
2835|13|10001+|0|0|
2836|15|5001-10000|4|2|
2837|6|1001-5000|5|0|
2838|10|501-1000|1|2|
2839|7|1001-5000|0|0|
2840|5|0-500|1|2|
2841|13|5001-10000|5|3|
2842|6|5001-10000|4|4|
2843|13|5001-10000|0|4|
2844|8|10001+|1|0|
2845|9|0-500|4|1|
2846|6|5001-10000|2|3|
2847|1|501-1000|1|3|
2848|11|0-500|4|0|
2849|3|5001-10000|2|4|
2850|12|1001-5000|2|0|
2851|14|5001-10000|5|2|
2852|3|10001+|2|4|
2853|19|0-500|1|2|
2854|2|501-1000|0|2|
2855|18|501-1000|5|1|
2856|1|5001-10000|4|2|
2857|12|0-500|1|2|
2858|16|5001-10000|1|4|
2859|5|0-500|5|4|
2860|3|501-1000|0|2|
2861|4|0-500|0|0|
2862|18|5001-10000|2|4|
2863|3|0-500|3|4|
2864|1|1001-5000|3|1|
2865|2|5001-10000|2|4|
2866|5|1001-5000|4|4|
2867|20|5001-10000|3|0|
2868|11|5001-10000|5|2|
2869|20|501-1000|1|4|
2870|7|0-500|1|1|
2871|12|0-500|3|0|
2872|4|0-500|1|2|
2873|6|0-500|4|0|
2874|14|5001-10000|4|2|
2875|13|1001-5000|4|4|
2876|19|501-1000|2|2|
2877|14|1001-5000|5|4|
2878|11|501-1000|4|3|
2879|7|5001-10000|1|0|
2880|15|10001+|0|3|
2881|19|1001-5000|0|4|
2882|12|1001-5000|1|0|
2883|12|10001+|4|1|
2884|7|10001+|5|0|
2885|15|0-500|5|3|
2886|1|501-1000|5|3|
2887|8|1001-5000|0|0|
2888|12|5001-10000|1|0|
2889|14|10001+|5|4|
2890|4|501-1000|3|0|
2891|13|1001-5000|2|4|
2892|19|0-500|2|2|
2893|19|5001-10000|1|0|
2894|9|10001+|2|0|
2895|2|0-500|5|0|
2896|10|0-500|3|0|
2897|16|1001-5000|1|2|
2898|12|1001-5000|3|0|
2899|5|10001+|2|1|
2900|15|0-500|4|1|
2901|12|0-500|1|1|
2902|13|501-1000|2|3|
2903|14|0-500|4|2|
2904|10|10001+|5|0|
2905|11|501-1000|2|1|
2906|6|5001-10000|1|2|
2907|9|10001+|3|1|
2908|4|10001+|3|1|
2909|1|1001-5000|1|0|
2910|14|10001+|3|3|
2911|6|0-500|5|1|
2912|16|1001-5000|2|4|
2913|9|0-500|1|2|
2914|2|5001-10000|0|4|
2915|15|501-1000|2|2|
2916|18|0-500|5|2|
2917|8|1001-5000|5|2|
2918|6|0-500|4|2|
2919|11|501-1000|5|3|
2920|2|501-1000|3|2|
2921|13|0-500|3|4|
2922|4|0-500|2|1|
2923|14|1001-5000|4|2|
2924|3|1001-5000|2|4|
2925|20|0-500|3|1|
2926|6|10001+|1|1|
2927|3|10001+|2|3|
2928|6|5001-10000|4|1|
2929|10|10001+|4|2|
2930|11|1001-5000|0|2|
2931|14|0-500|3|2|
2932|10|0-500|0|0|
2933|1|1001-5000|0|1|
2934|12|5001-10000|0|2|
2935|18|5001-10000|3|3|
2936|8|1001-5000|1|1|
2937|7|501-1000|0|2|
2938|19|0-500|2|2|
2939|4|501-1000|2|1|
2940|13|5001-10000|3|1|
2941|11|0-500|2|1|
2942|20|1001-5000|3|1|
2943|12|501-1000|3|3|
2944|4|0-500|0|1|
2945|4|1001-5000|5|1|
2946|11|10001+|1|0|
2947|13|1001-5000|4|1|
2948|8|501-1000|3|4|
2949|1|10001+|4|4|
2950|4|1001-5000|3|0|
2951|5|1001-5000|1|0|
2952|4|0-500|0|0|
2953|1|5001-10000|2|1|
2954|5|10001+|4|1|
2955|12|0-500|4|3|
2956|8|0-500|2|0|
2957|17|1001-5000|0|0|
2958|8|1001-5000|1|4|
2959|1|501-1000|3|0|
2960|7|1001-5000|0|1|
2961|17|0-500|2|3|
2962|20|10001+|1|3|
2963|7|501-1000|2|1|
2964|19|5001-10000|5|4|
2965|3|10001+|1|4|
2966|12|501-1000|1|1|
2967|19|10001+|5|2|
2968|12|10001+|5|3|
2969|17|501-1000|1|1|
2970|16|10001+|2|0|
2971|1|501-1000|2|0|
2972|11|5001-10000|2|0|
2973|13|1001-5000|3|1|
2974|11|5001-10000|4|1|
2975|4|10001+|0|3|
2976|19|1001-5000|0|0|
2977|1|0-500|5|2|
2978|20|5001-10000|2|2|
2979|7|0-500|2|3|
2980|1|501-1000|1|2|
2981|13|0-500|4|1|
2982|15|0-500|2|0|
2983|15|0-500|5|4|
2984|6|1001-5000|5|3|
2985|16|0-500|0|2|
2986|10|5001-10000|0|2|
2987|14|1001-5000|4|4|
2988|15|0-500|4|2|
2989|20|501-1000|1|3|
2990|13|5001-10000|1|2|
2991|17|10001+|3|0|
2992|15|10001+|1|1|
2993|6|10001+|2|2|
2994|15|5001-10000|1|4|
2995|6|0-500|0|4|
2996|11|501-1000|2|1|
2997|9|5001-10000|1|4|
2998|14|501-1000|0|4|
2999|16|501-1000|0|0|
3000|10|501-1000|1|4|
3001|14|5001-10000|5|3|
3002|2|10001+|2|4|
3003|4|0-500|5|4|
3004|13|10001+|4|2|
3005|4|1001-5000|4|1|
3006|7|5001-10000|5|0|
3007|2|0-500|5|2|
3008|11|501-1000|5|0|
3009|20|5001-10000|2|4|
3010|15|10001+|5|1|
3011|19|501-1000|5|2|
3012|18|501-1000|3|0|
3013|5|0-500|1|3|
3014|1|1001-5000|4|3|
3015|8|1001-5000|1|4|
3016|7|10001+|0|0|
3017|6|501-1000|1|3|
3018|15|0-500|4|0|
3019|2|5001-10000|0|3|
3020|16|1001-5000|3|0|
3021|4|501-1000|4|1|
3022|3|0-500|0|0|
3023|17|0-500|5|2|
3024|20|5001-10000|2|2|
3025|12|5001-10000|0|0|
3026|2|5001-10000|4|3|
3027|19|10001+|4|0|
3028|12|5001-10000|3|0|
3029|5|0-500|0|2|
3030|15|5001-10000|5|4|
3031|17|10001+|3|3|
3032|17|5001-10000|0|3|
3033|4|1001-5000|3|2|
3034|4|1001-5000|5|1|
3035|14|5001-10000|2|2|
3036|10|1001-5000|4|4|
3037|9|1001-5000|2|3|
3038|20|5001-10000|2|3|
3039|10|5001-10000|1|0|
3040|16|0-500|1|2|
3041|1|0-500|4|0|
3042|20|501-1000|4|3|
3043|2|0-500|5|1|
3044|1|10001+|0|4|
3045|4|1001-5000|5|0|
3046|14|10001+|2|1|
3047|9|501-1000|2|3|
3048|11|1001-5000|1|3|
3049|10|501-1000|0|3|
3050|10|10001+|2|1|
3051|18|10001+|1|2|
3052|5|10001+|5|1|
3053|19|1001-5000|0|3|
3054|7|1001-5000|2|3|
3055|6|1001-5000|4|3|
3056|5|0-500|4|4|
3057|19|1001-5000|0|4|
3058|8|10001+|3|4|
3059|10|10001+|4|1|
3060|3|501-1000|0|2|
3061|9|501-1000|0|4|
3062|14|5001-10000|5|2|
3063|17|10001+|0|1|
3064|12|5001-10000|1|0|
3065|18|5001-10000|3|1|
3066|15|5001-10000|4|2|
3067|11|10001+|1|2|
3068|3|10001+|1|0|
3069|17|5001-10000|1|2|
3070|14|0-500|3|3|
3071|19|1001-5000|1|4|
3072|3|10001+|5|4|
3073|6|10001+|4|4|
3074|8|0-500|3|2|
3075|3|1001-5000|4|0|
3076|3|501-1000|2|0|
3077|17|501-1000|4|4|
3078|1|5001-10000|4|2|
3079|1|0-500|3|1|
3080|9|5001-10000|0|4|
3081|8|0-500|4|0|
3082|12|1001-5000|4|1|
3083|20|5001-10000|5|2|
3084|10|501-1000|1|1|
3085|19|0-500|3|4|
3086|5|1001-5000|4|2|
3087|1|5001-10000|4|4|
3088|12|10001+|1|0|
3089|10|10001+|3|3|
3090|4|1001-5000|2|2|
3091|5|0-500|0|0|
3092|11|5001-10000|2|3|
3093|15|501-1000|0|0|
3094|1|5001-10000|1|3|
3095|6|5001-10000|2|1|
3096|14|501-1000|4|4|
3097|16|0-500|1|2|
3098|2|0-500|0|2|
3099|7|0-500|1|2|
3100|1|5001-10000|1|4|
3101|11|0-500|4|4|
3102|16|10001+|4|0|
3103|17|1001-5000|3|4|
3104|6|1001-5000|3|2|
3105|6|1001-5000|1|1|
3106|16|501-1000|5|3|
3107|14|1001-5000|1|1|
3108|4|10001+|4|0|
3109|18|1001-5000|4|1|
3110|16|0-500|4|4|
3111|15|5001-10000|4|1|
3112|4|5001-10000|4|4|
3113|20|0-500|3|3|
3114|11|10001+|2|1|
3115|9|1001-5000|0|1|
3116|13|0-500|4|1|
3117|18|10001+|2|1|
3118|2|501-1000|2|0|
3119|2|10001+|5|3|
3120|5|501-1000|2|2|
3121|8|501-1000|2|4|
3122|19|1001-5000|4|4|
3123|12|10001+|5|1|
3124|3|1001-5000|1|1|
3125|5|0-500|1|0|
3126|18|1001-5000|0|4|
3127|11|0-500|2|1|
3128|12|0-500|0|3|
3129|19|1001-5000|1|1|
3130|20|501-1000|5|4|
3131|20|10001+|5|4|
3132|15|10001+|3|1|
3133|16|10001+|2|3|
3134|2|10001+|0|2|
3135|4|10001+|0|1|
3136|15|1001-5000|0|1|
3137|18|1001-5000|0|2|
3138|19|5001-10000|3|2|
3139|16|0-500|0|0|
3140|2|5001-10000|5|4|
3141|4|5001-10000|4|3|
3142|13|1001-5000|1|0|
3143|15|0-500|2|4|
3144|5|5001-10000|0|2|
3145|18|10001+|1|4|
3146|4|1001-5000|4|0|
3147|1|501-1000|5|3|
3148|20|10001+|4|1|
3149|11|501-1000|5|3|
3150|3|10001+|1|4|
3151|14|10001+|0|1|
3152|6|1001-5000|0|0|
3153|17|1001-5000|2|0|
3154|16|1001-5000|2|2|
3155|3|5001-10000|1|1|
3156|20|5001-10000|5|3|
3157|16|0-500|3|3|
3158|5|5001-10000|1|1|
3159|16|10001+|4|1|
3160|14|0-500|0|0|
3161|8|10001+|1|4|
3162|7|0-500|1|4|
3163|18|501-1000|0|3|
3164|4|10001+|2|3|
3165|3|10001+|0|2|
3166|20|1001-5000|5|0|
3167|5|10001+|1|0|
3168|17|0-500|2|0|
3169|19|1001-5000|4|3|
3170|2|0-500|0|1|
3171|2|501-1000|5|3|
3172|2|0-500|3|3|
3173|5|10001+|0|3|
3174|18|10001+|5|3|
3175|19|1001-5000|5|1|
3176|5|10001+|3|0|
3177|5|1001-5000|2|4|
3178|20|1001-5000|0|1|
3179|16|501-1000|4|4|
3180|20|10001+|5|4|
3181|15|501-1000|3|2|
3182|13|0-500|5|2|
3183|9|5001-10000|5|1|
3184|6|501-1000|1|4|
3185|6|5001-10000|5|4|
3186|6|0-500|1|1|
3187|2|1001-5000|1|0|
3188|3|501-1000|5|1|
3189|13|5001-10000|3|0|
3190|6|10001+|0|4|
3191|14|0-500|5|0|
3192|15|10001+|5|3|
3193|15|5001-10000|4|1|
3194|12|5001-10000|1|4|
3195|2|5001-10000|1|3|
3196|9|5001-10000|3|2|
3197|2|5001-10000|0|4|
3198|14|0-500|1|1|
3199|13|0-500|4|2|
3200|9|5001-10000|2|1|
3201|9|0-500|0|2|
3202|5|501-1000|5|3|
3203|10|501-1000|4|0|
3204|7|1001-5000|5|3|
3205|1|501-1000|1|3|
3206|16|1001-5000|3|0|
3207|20|501-1000|1|3|
3208|8|10001+|2|2|
3209|14|5001-10000|1|2|
3210|20|0-500|3|3|
3211|6|501-1000|5|3|
3212|4|1001-5000|2|4|
3213|15|10001+|4|2|
3214|19|5001-10000|3|1|
3215|3|1001-5000|3|4|
3216|7|5001-10000|5|4|
3217|17|5001-10000|0|0|
3218|10|5001-10000|3|0|
3219|9|10001+|5|0|
3220|19|5001-10000|2|4|
3221|6|1001-5000|2|3|
3222|17|10001+|0|3|
3223|13|5001-10000|0|2|
3224|18|10001+|2|0|
3225|16|501-1000|0|2|
3226|20|501-1000|2|3|
3227|9|0-500|5|2|
3228|18|0-500|5|2|
3229|2|0-500|4|1|
3230|19|1001-5000|1|2|
3231|16|1001-5000|4|3|
3232|17|1001-5000|1|1|
3233|14|1001-5000|1|2|
3234|1|501-1000|1|0|
3235|14|501-1000|4|4|
3236|19|5001-10000|3|0|
3237|11|1001-5000|1|0|
3238|3|501-1000|2|2|
3239|2|0-500|0|2|
3240|11|10001+|1|4|
3241|18|5001-10000|4|4|
3242|7|1001-5000|2|3|
3243|6|10001+|1|2|
3244|1|5001-10000|5|4|
3245|9|10001+|5|0|
3246|11|501-1000|0|4|
3247|2|0-500|1|4|
3248|16|10001+|5|1|
3249|11|501-1000|5|1|
3250|15|10001+|0|2|
3251|11|501-1000|0|0|
3252|13|5001-10000|1|3|
3253|13|10001+|4|4|
3254|19|0-500|5|1|
3255|4|10001+|4|4|
3256|9|10001+|4|3|
3257|20|1001-5000|3|4|
3258|3|1001-5000|3|1|
3259|14|501-1000|2|3|
3260|6|5001-10000|4|1|
3261|17|1001-5000|1|4|
3262|9|10001+|2|1|
3263|4|10001+|1|3|
3264|13|501-1000|2|1|
3265|6|501-1000|5|0|
3266|17|10001+|5|3|
3267|7|501-1000|0|4|
3268|1|10001+|2|2|
3269|13|10001+|4|3|
3270|11|0-500|1|4|
3271|3|10001+|3|0|
3272|8|10001+|1|1|
3273|7|0-500|0|4|
3274|14|10001+|2|0|
3275|10|10001+|4|0|
3276|8|5001-10000|2|3|
3277|5|0-500|3|1|
3278|8|1001-5000|5|0|
3279|16|5001-10000|1|1|
3280|17|1001-5000|4|3|
3281|8|1001-5000|3|1|
3282|7|501-1000|2|3|
3283|13|10001+|2|2|
3284|15|0-500|4|2|
3285|5|10001+|3|2|
3286|3|501-1000|0|2|
3287|7|10001+|3|1|
3288|8|5001-10000|4|0|
3289|15|5001-10000|3|0|
3290|15|501-1000|2|3|
3291|11|10001+|0|2|
3292|11|0-500|0|0|
3293|20|0-500|5|4|
3294|18|10001+|3|1|
3295|9|501-1000|1|3|
3296|1|1001-5000|1|0|
3297|18|1001-5000|0|4|
3298|11|5001-10000|1|3|
3299|17|501-1000|4|4|
3300|1|5001-10000|0|1|
3301|4|10001+|2|1|
3302|14|10001+|4|0|
3303|13|501-1000|2|0|
3304|7|501-1000|4|0|
3305|13|1001-5000|0|2|
3306|4|501-1000|4|1|
3307|16|501-1000|5|3|
3308|9|5001-10000|5|3|
3309|10|5001-10000|2|4|
3310|14|501-1000|0|3|
3311|5|0-500|5|1|
3312|19|5001-10000|0|2|
3313|4|501-1000|0|1|
3314|16|1001-5000|5|4|
3315|18|10001+|1|3|
3316|19|10001+|0|1|
3317|3|501-1000|5|0|
3318|2|501-1000|5|1|
3319|14|1001-5000|3|3|
3320|16|10001+|1|1|
3321|12|10001+|1|4|
3322|2|0-500|1|0|
3323|11|0-500|5|0|
3324|12|5001-10000|2|2|
3325|19|1001-5000|0|4|
3326|11|501-1000|1|3|
3327|15|5001-10000|3|3|
3328|16|0-500|2|4|
3329|4|501-1000|2|1|
3330|7|1001-5000|3|0|
3331|10|10001+|5|2|
3332|4|0-500|3|4|
3333|20|10001+|5|1|
3334|11|1001-5000|3|2|
3335|18|10001+|5|2|
3336|16|5001-10000|5|2|
3337|7|5001-10000|5|4|
3338|15|0-500|5|2|
3339|17|5001-10000|0|4|
3340|9|1001-5000|5|3|
3341|2|5001-10000|5|2|
3342|17|10001+|2|2|
3343|17|1001-5000|2|2|
3344|15|1001-5000|0|2|
3345|7|5001-10000|2|0|
3346|1|0-500|5|2|
3347|4|0-500|0|3|
3348|3|5001-10000|2|3|
3349|13|0-500|4|2|
3350|17|1001-5000|1|2|
3351|20|1001-5000|5|2|
3352|1|10001+|5|4|
3353|18|501-1000|5|3|
3354|11|0-500|4|0|
3355|16|501-1000|4|2|
3356|20|501-1000|4|2|
3357|19|0-500|5|2|
3358|6|5001-10000|2|0|
3359|20|5001-10000|2|1|
3360|17|0-500|5|4|
3361|15|501-1000|0|4|
3362|20|1001-5000|2|2|
3363|5|10001+|4|1|
3364|18|501-1000|3|0|
3365|13|5001-10000|3|0|
3366|1|10001+|0|4|
3367|8|10001+|1|1|
3368|5|0-500|2|4|
3369|11|5001-10000|4|1|
3370|16|1001-5000|3|1|
3371|1|501-1000|5|1|
3372|4|501-1000|3|0|
3373|15|10001+|4|2|
3374|5|5001-10000|1|4|
3375|6|501-1000|0|1|
3376|18|501-1000|2|3|
3377|15|501-1000|2|2|
3378|3|501-1000|2|4|
3379|9|501-1000|3|1|
3380|13|5001-10000|0|2|
3381|20|501-1000|0|0|
3382|16|0-500|1|3|
3383|15|10001+|1|2|
3384|18|10001+|5|2|
3385|11|0-500|0|1|
3386|14|5001-10000|4|0|
3387|16|501-1000|1|2|
3388|20|501-1000|0|0|
3389|19|0-500|3|2|
3390|14|5001-10000|2|1|
3391|6|5001-10000|5|0|
3392|10|10001+|3|3|
3393|17|5001-10000|1|4|
3394|13|10001+|0|2|
3395|19|1001-5000|1|4|
3396|7|5001-10000|5|0|
3397|6|10001+|0|4|
3398|15|501-1000|1|2|
3399|9|10001+|3|2|
3400|14|501-1000|1|3|
3401|14|0-500|2|0|
3402|7|1001-5000|2|1|
3403|20|10001+|0|2|
3404|6|5001-10000|3|0|
3405|13|0-500|3|4|
3406|1|1001-5000|5|2|
3407|18|0-500|2|0|
3408|20|10001+|1|2|
3409|3|5001-10000|2|0|
3410|6|10001+|1|0|
3411|14|5001-10000|4|1|
3412|2|501-1000|3|2|
3413|12|501-1000|5|1|
3414|2|0-500|4|0|
3415|2|0-500|5|1|
3416|18|1001-5000|1|4|
3417|11|501-1000|5|1|
3418|12|10001+|2|3|
3419|7|501-1000|4|4|
3420|8|1001-5000|0|2|
3421|1|5001-10000|5|0|
3422|6|0-500|2|2|
3423|8|1001-5000|5|0|
3424|7|10001+|2|3|
3425|18|10001+|0|2|
3426|19|10001+|0|3|
3427|7|1001-5000|2|4|
3428|7|501-1000|1|4|
3429|12|1001-5000|3|1|
3430|20|1001-5000|1|2|
3431|8|5001-10000|4|3|
3432|10|10001+|1|1|
3433|19|1001-5000|3|4|
3434|2|5001-10000|1|3|
3435|2|501-1000|4|2|
3436|3|0-500|1|0|
3437|1|10001+|4|2|
3438|15|501-1000|3|1|
3439|3|0-500|3|4|
3440|18|0-500|5|2|
3441|12|501-1000|5|2|
3442|20|0-500|3|2|
3443|1|0-500|4|4|
3444|5|10001+|2|0|
3445|11|501-1000|3|1|
3446|3|0-500|2|2|
3447|12|1001-5000|4|0|
3448|6|0-500|4|0|
3449|16|0-500|1|0|
3450|16|5001-10000|1|3|
3451|7|1001-5000|2|0|
3452|14|5001-10000|1|2|
3453|15|1001-5000|2|3|
3454|12|501-1000|2|3|
3455|10|5001-10000|0|1|
3456|17|10001+|3|4|
3457|9|10001+|1|3|
3458|1|10001+|0|0|
3459|13|10001+|4|3|
3460|2|5001-10000|3|4|
3461|4|1001-5000|4|2|
3462|9|1001-5000|0|1|
3463|3|0-500|2|1|
3464|11|0-500|0|0|
3465|2|501-1000|2|4|
3466|17|1001-5000|4|1|
3467|4|5001-10000|4|0|
3468|10|0-500|4|1|
3469|11|1001-5000|0|1|
3470|8|5001-10000|1|3|
3471|10|5001-10000|3|2|
3472|5|5001-10000|1|0|
3473|15|5001-10000|5|0|
3474|13|501-1000|0|1|
3475|3|1001-5000|3|1|
3476|17|10001+|3|2|
3477|3|0-500|3|3|
3478|9|1001-5000|4|2|
3479|16|0-500|0|3|
3480|19|10001+|5|3|
3481|10|5001-10000|4|0|
3482|10|1001-5000|0|3|
3483|6|0-500|2|4|
3484|3|5001-10000|4|3|
3485|12|5001-10000|0|0|
3486|4|10001+|5|0|
3487|5|0-500|2|4|
3488|14|1001-5000|5|0|
3489|16|0-500|4|4|
3490|4|1001-5000|3|4|
3491|2|10001+|2|2|
3492|19|1001-5000|0|2|
3493|10|10001+|3|2|
3494|14|0-500|0|0|
3495|2|5001-10000|3|0|
3496|2|5001-10000|4|0|
3497|4|10001+|5|1|
3498|15|5001-10000|5|3|
3499|9|0-500|2|0|
3500|4|1001-5000|5|2|
3501|19|5001-10000|0|1|
3502|7|10001+|1|3|
3503|17|0-500|4|4|
3504|17|0-500|2|1|
3505|19|0-500|0|4|
3506|16|501-1000|2|0|
3507|1|10001+|5|1|
3508|3|10001+|5|1|
3509|3|1001-5000|5|4|
3510|18|5001-10000|2|3|
3511|2|1001-5000|5|1|
3512|2|10001+|2|3|
3513|15|0-500|3|4|
3514|16|10001+|2|3|
3515|7|0-500|3|3|
3516|2|10001+|2|3|
3517|10|1001-5000|4|3|
3518|1|501-1000|1|3|
3519|10|0-500|3|3|
3520|3|10001+|5|4|
3521|12|10001+|5|4|
3522|7|5001-10000|4|0|
3523|11|0-500|2|2|
3524|18|501-1000|2|3|
3525|16|501-1000|1|4|
3526|19|1001-5000|4|2|
3527|7|1001-5000|1|1|
3528|20|1001-5000|5|4|
3529|8|1001-5000|2|2|
3530|7|0-500|0|3|
3531|8|1001-5000|5|3|
3532|10|10001+|3|2|
3533|13|501-1000|2|0|
3534|18|501-1000|5|2|
3535|7|0-500|2|2|
3536|17|5001-10000|5|0|
3537|18|0-500|3|4|
3538|5|501-1000|2|4|
3539|17|5001-10000|3|3|
3540|7|0-500|2|0|
3541|1|501-1000|2|3|
3542|17|501-1000|2|3|
3543|11|1001-5000|1|1|
3544|9|0-500|1|0|
3545|7|0-500|1|4|
3546|3|10001+|4|3|
3547|6|501-1000|5|0|
3548|7|0-500|1|3|
3549|4|0-500|3|0|
3550|7|10001+|0|1|
3551|15|501-1000|4|3|
3552|2|501-1000|0|1|
3553|19|10001+|3|0|
3554|1|10001+|3|3|
3555|12|501-1000|2|3|
3556|4|1001-5000|2|4|
3557|11|10001+|0|0|
3558|3|0-500|0|2|
3559|7|501-1000|2|3|
3560|2|0-500|2|3|
3561|19|501-1000|2|4|
3562|2|1001-5000|3|1|
3563|16|10001+|1|0|
3564|13|501-1000|0|2|
3565|10|0-500|5|2|
3566|20|1001-5000|2|4|
3567|15|1001-5000|0|1|
3568|5|501-1000|2|1|
3569|14|501-1000|4|2|
3570|3|10001+|4|4|
3571|15|0-500|0|0|
3572|18|0-500|2|1|
3573|8|0-500|1|3|
3574|10|1001-5000|5|1|
3575|11|10001+|5|1|
3576|4|10001+|3|2|
3577|14|0-500|3|4|
3578|9|1001-5000|3|0|
3579|19|501-1000|1|0|
3580|18|0-500|3|2|
3581|2|10001+|0|4|
3582|3|5001-10000|0|2|
3583|3|10001+|3|3|
3584|14|501-1000|4|1|
3585|17|10001+|3|1|
3586|4|1001-5000|2|1|
3587|2|5001-10000|5|3|
3588|12|501-1000|5|2|
3589|19|10001+|4|4|
3590|13|5001-10000|0|3|
3591|17|0-500|4|4|
3592|6|5001-10000|2|0|
3593|8|0-500|1|3|
3594|10|1001-5000|0|1|
3595|4|1001-5000|1|0|
3596|17|5001-10000|2|2|
3597|17|501-1000|0|0|
3598|18|0-500|5|2|
3599|6|501-1000|2|3|
3600|7|501-1000|1|1|
3601|15|0-500|0|4|
3602|15|5001-10000|1|1|
3603|18|1001-5000|3|1|
3604|4|0-500|0|4|
3605|3|501-1000|1|4|
3606|4|0-500|0|3|
3607|20|10001+|4|4|
3608|15|1001-5000|3|3|
3609|1|5001-10000|3|3|
3610|11|10001+|1|2|
3611|18|5001-10000|3|3|
3612|6|5001-10000|4|1|
3613|18|0-500|5|0|
3614|13|1001-5000|0|4|
3615|5|501-1000|5|2|
3616|13|501-1000|0|4|
3617|7|501-1000|5|2|
3618|13|10001+|2|0|
3619|11|10001+|0|3|
3620|1|0-500|4|0|
3621|6|501-1000|3|3|
3622|5|10001+|2|1|
3623|17|501-1000|3|4|
3624|3|0-500|0|0|
3625|8|5001-10000|5|1|
3626|17|0-500|1|4|
3627|17|5001-10000|3|3|
3628|16|501-1000|1|4|
3629|2|5001-10000|0|4|
3630|9|501-1000|2|3|
3631|8|10001+|0|0|
3632|15|0-500|3|2|
3633|13|10001+|0|1|
3634|17|5001-10000|4|1|
3635|5|10001+|5|3|
3636|13|1001-5000|4|0|
3637|15|5001-10000|5|2|
3638|2|501-1000|2|4|
3639|16|5001-10000|4|1|
3640|18|10001+|5|0|
3641|5|10001+|4|2|
3642|18|5001-10000|2|1|
3643|19|0-500|0|3|
3644|19|10001+|2|3|
3645|19|1001-5000|3|1|
3646|10|501-1000|4|2|
3647|1|10001+|1|0|
3648|6|1001-5000|0|4|
3649|7|5001-10000|3|3|
3650|6|10001+|2|0|
3651|5|5001-10000|5|3|
3652|19|10001+|3|1|
3653|3|1001-5000|1|0|
3654|16|501-1000|2|2|
3655|20|0-500|2|3|
3656|11|1001-5000|2|2|
3657|8|5001-10000|2|3|
3658|18|0-500|2|2|
3659|5|501-1000|1|2|
3660|6|5001-10000|1|3|
3661|15|5001-10000|5|4|
3662|12|0-500|4|2|
3663|19|1001-5000|3|0|
3664|8|1001-5000|3|3|
3665|20|5001-10000|5|1|
3666|11|5001-10000|5|2|
3667|19|10001+|2|4|
3668|14|10001+|2|4|
3669|10|1001-5000|4|4|
3670|16|1001-5000|2|4|
3671|8|5001-10000|5|4|
3672|18|1001-5000|0|3|
3673|20|10001+|0|4|
3674|13|5001-10000|5|2|
3675|7|5001-10000|3|3|
3676|16|5001-10000|0|0|
3677|13|1001-5000|3|0|
3678|14|0-500|4|4|
3679|15|501-1000|1|0|
3680|19|10001+|3|4|
3681|6|0-500|4|3|
3682|19|5001-10000|4|1|
3683|12|10001+|2|4|
3684|18|501-1000|0|0|
3685|17|0-500|1|4|
3686|1|0-500|3|4|
3687|19|0-500|4|2|
3688|7|501-1000|3|2|
3689|3|501-1000|5|3|
3690|5|501-1000|4|1|
3691|6|10001+|3|1|
3692|16|1001-5000|0|2|
3693|3|0-500|0|2|
3694|4|501-1000|3|4|
3695|13|501-1000|4|3|
3696|5|1001-5000|0|1|
3697|2|5001-10000|0|4|
3698|20|0-500|4|2|
3699|5|10001+|5|0|
3700|19|0-500|1|0|
3701|9|1001-5000|2|0|
3702|4|5001-10000|3|2|
3703|11|5001-10000|5|4|
3704|20|501-1000|4|3|
3705|17|0-500|3|1|
3706|10|10001+|1|2|
3707|1|0-500|5|3|
3708|1|5001-10000|1|4|
3709|16|5001-10000|2|4|
3710|3|10001+|1|0|
3711|18|0-500|2|0|
3712|17|0-500|0|2|
3713|1|0-500|0|4|
3714|19|1001-5000|0|0|
3715|12|1001-5000|3|3|
3716|12|1001-5000|2|4|
3717|8|10001+|1|2|
3718|16|501-1000|1|1|
3719|8|0-500|0|1|
3720|16|1001-5000|5|1|
3721|8|5001-10000|2|2|
3722|1|10001+|3|3|
3723|5|501-1000|1|2|
3724|12|0-500|4|2|
3725|13|5001-10000|3|0|
3726|4|5001-10000|5|2|
3727|19|10001+|1|2|
3728|17|0-500|4|0|
3729|5|1001-5000|2|2|
3730|12|5001-10000|5|1|
3731|2|1001-5000|2|2|
3732|4|5001-10000|1|4|
3733|1|0-500|2|4|
3734|10|1001-5000|0|4|
3735|15|5001-10000|1|4|
3736|18|501-1000|1|4|
3737|7|5001-10000|1|4|
3738|13|501-1000|2|0|
3739|18|5001-10000|0|1|
3740|12|501-1000|1|0|
3741|14|1001-5000|1|4|
3742|1|501-1000|0|3|
3743|8|0-500|5|4|
3744|7|501-1000|5|0|
3745|1|5001-10000|0|4|
3746|4|0-500|2|2|
3747|2|0-500|4|0|
3748|11|5001-10000|3|1|
3749|11|0-500|4|2|
3750|5|10001+|0|0|
3751|3|501-1000|4|3|
3752|8|1001-5000|0|3|
3753|9|0-500|1|0|
3754|9|10001+|5|3|
3755|15|5001-10000|4|0|
3756|18|1001-5000|0|0|
3757|16|5001-10000|4|0|
3758|14|501-1000|0|3|
3759|4|501-1000|2|1|
3760|6|1001-5000|5|3|
3761|6|1001-5000|0|3|
3762|2|0-500|3|0|
3763|9|5001-10000|4|4|
3764|7|501-1000|0|1|
3765|14|1001-5000|4|3|
3766|10|5001-10000|4|1|
3767|17|10001+|2|1|
3768|13|10001+|1|2|
3769|20|0-500|3|4|
3770|8|0-500|0|2|
3771|18|5001-10000|0|0|
3772|13|10001+|5|4|
3773|3|1001-5000|5|0|
3774|4|1001-5000|0|2|
3775|16|501-1000|0|4|
3776|10|0-500|3|1|
3777|3|0-500|2|0|
3778|17|501-1000|0|3|
3779|10|1001-5000|5|1|
3780|4|501-1000|1|4|
3781|11|1001-5000|4|0|
3782|4|0-500|0|2|
3783|17|0-500|1|4|
3784|9|1001-5000|5|0|
3785|1|501-1000|1|4|
3786|6|5001-10000|4|3|
3787|18|501-1000|2|4|
3788|15|0-500|3|4|
3789|12|501-1000|0|1|
3790|19|5001-10000|3|0|
3791|7|10001+|3|0|
3792|7|0-500|3|3|
3793|10|10001+|4|0|
3794|14|1001-5000|1|2|
3795|13|10001+|5|2|
3796|3|0-500|2|1|
3797|3|10001+|0|3|
3798|17|5001-10000|3|0|
3799|19|501-1000|3|0|
3800|11|5001-10000|5|2|
3801|4|5001-10000|5|0|
3802|10|5001-10000|5|0|
3803|14|501-1000|2|3|
3804|14|0-500|5|4|
3805|20|501-1000|0|4|
3806|12|501-1000|2|0|
3807|11|1001-5000|5|0|
3808|15|1001-5000|1|1|
3809|19|5001-10000|2|4|
3810|6|501-1000|0|0|
3811|1|501-1000|4|1|
3812|10|5001-10000|3|0|
3813|14|1001-5000|4|2|
3814|20|501-1000|2|4|
3815|13|1001-5000|4|0|
3816|10|1001-5000|2|0|
3817|15|5001-10000|0|3|
3818|4|501-1000|4|4|
3819|8|5001-10000|2|3|
3820|14|10001+|5|4|
3821|17|10001+|1|2|
3822|8|0-500|0|1|
3823|10|1001-5000|1|1|
3824|1|5001-10000|4|2|
3825|8|5001-10000|1|0|
3826|5|0-500|2|4|
3827|12|1001-5000|5|1|
3828|3|5001-10000|1|0|
3829|9|1001-5000|0|0|
3830|2|0-500|5|1|
3831|17|1001-5000|2|0|
3832|10|1001-5000|5|1|
3833|9|10001+|0|1|
3834|8|1001-5000|4|0|
3835|6|5001-10000|4|4|
3836|14|501-1000|3|2|
3837|10|5001-10000|1|1|
3838|3|10001+|3|4|
3839|11|10001+|4|0|
3840|9|0-500|4|1|
3841|14|0-500|4|0|
3842|9|501-1000|0|3|
3843|5|1001-5000|3|0|
3844|10|1001-5000|1|1|
3845|20|0-500|2|0|
3846|20|501-1000|5|3|
3847|1|501-1000|2|3|
3848|12|501-1000|4|2|
3849|10|0-500|4|1|
3850|3|5001-10000|1|2|
3851|2|0-500|4|3|
3852|13|501-1000|4|3|
3853|3|1001-5000|2|1|
3854|10|1001-5000|4|2|
3855|5|10001+|2|0|
3856|11|5001-10000|2|4|
3857|10|5001-10000|5|3|
3858|17|0-500|1|1|
3859|9|10001+|2|0|
3860|4|0-500|3|1|
3861|4|501-1000|0|0|
3862|18|1001-5000|5|2|
3863|10|5001-10000|1|3|
3864|18|1001-5000|4|1|
3865|8|10001+|1|4|
3866|8|0-500|2|4|
3867|15|0-500|0|0|
3868|19|0-500|3|3|
3869|4|0-500|3|1|
3870|7|5001-10000|0|3|
3871|1|0-500|2|4|
3872|7|501-1000|2|2|
3873|15|501-1000|2|1|
3874|12|501-1000|2|1|
3875|2|5001-10000|1|4|
3876|13|1001-5000|5|1|
3877|1|1001-5000|3|4|
3878|13|501-1000|2|4|
3879|3|0-500|5|1|
3880|19|1001-5000|4|0|
3881|14|1001-5000|4|3|
3882|16|501-1000|5|4|
3883|19|1001-5000|2|2|
3884|15|0-500|2|4|
3885|7|1001-5000|4|1|
3886|14|5001-10000|4|2|
3887|19|0-500|1|0|
3888|2|1001-5000|1|0|
3889|18|10001+|3|3|
3890|5|5001-10000|3|3|
3891|6|501-1000|5|2|
3892|3|1001-5000|0|0|
3893|15|10001+|4|0|
3894|12|1001-5000|2|0|
3895|16|10001+|2|4|
3896|14|1001-5000|3|1|
3897|1|501-1000|4|3|
3898|3|0-500|4|4|
3899|18|5001-10000|2|2|
3900|19|0-500|3|3|
3901|20|1001-5000|1|2|
3902|11|5001-10000|2|4|
3903|8|501-1000|5|4|
3904|13|5001-10000|1|3|
3905|19|0-500|2|2|
3906|12|501-1000|0|1|
3907|11|10001+|5|3|
3908|8|501-1000|3|1|
3909|7|501-1000|3|1|
3910|2|0-500|5|1|
3911|15|10001+|4|0|
3912|19|1001-5000|0|3|
3913|1|501-1000|2|2|
3914|14|10001+|1|1|
3915|15|501-1000|1|0|
3916|11|1001-5000|0|0|
3917|7|501-1000|0|0|
3918|11|10001+|1|4|
3919|4|5001-10000|0|0|
3920|1|5001-10000|4|4|
3921|16|10001+|4|1|
3922|10|501-1000|2|0|
3923|14|501-1000|2|4|
3924|5|10001+|2|1|
3925|5|0-500|4|3|
3926|16|1001-5000|5|1|
3927|20|5001-10000|4|1|
3928|18|1001-5000|1|3|
3929|14|0-500|4|1|
3930|17|5001-10000|4|3|
3931|3|501-1000|3|2|
3932|7|0-500|4|0|
3933|4|1001-5000|2|4|
3934|20|10001+|2|1|
3935|8|1001-5000|5|0|
3936|11|0-500|2|0|
3937|2|501-1000|3|4|
3938|12|10001+|1|2|
3939|6|501-1000|3|2|
3940|6|0-500|3|3|
3941|9|5001-10000|2|2|
3942|1|1001-5000|3|3|
3943|6|501-1000|1|4|
3944|15|5001-10000|0|4|
3945|6|0-500|1|3|
3946|19|10001+|4|3|
3947|7|10001+|1|3|
3948|13|0-500|0|1|
3949|16|1001-5000|2|3|
3950|7|5001-10000|3|3|
3951|18|501-1000|1|1|
3952|16|0-500|0|1|
3953|6|501-1000|0|2|
3954|6|10001+|3|0|
3955|4|1001-5000|0|0|
3956|16|501-1000|1|0|
3957|12|10001+|3|1|
3958|2|1001-5000|2|3|
3959|8|0-500|5|4|
3960|10|5001-10000|2|4|
3961|12|1001-5000|0|0|
3962|3|1001-5000|3|1|
3963|18|501-1000|0|3|
3964|9|10001+|4|0|
3965|9|0-500|0|3|
3966|10|10001+|2|1|
3967|9|501-1000|1|2|
3968|12|10001+|4|2|
3969|17|501-1000|4|4|
3970|16|10001+|0|2|
3971|5|10001+|4|3|
3972|1|5001-10000|4|3|
3973|8|10001+|0|1|
3974|5|501-1000|2|0|
3975|1|501-1000|3|2|
3976|3|0-500|4|1|
3977|3|501-1000|5|2|
3978|13|1001-5000|0|3|
3979|15|0-500|3|1|
3980|7|5001-10000|4|4|
3981|14|0-500|0|2|
3982|8|0-500|2|0|
3983|9|501-1000|3|2|
3984|20|1001-5000|5|4|
3985|15|10001+|2|3|
3986|20|501-1000|0|2|
3987|6|0-500|5|1|
3988|20|5001-10000|1|0|
3989|18|0-500|0|0|
3990|11|501-1000|2|2|
3991|6|1001-5000|3|0|
3992|15|501-1000|0|0|
3993|2|1001-5000|5|4|
3994|13|5001-10000|5|4|
3995|12|501-1000|3|2|
3996|9|1001-5000|1|3|
3997|4|5001-10000|0|4|
3998|11|10001+|4|3|
3999|13|0-500|3|3|
4000|5|501-1000|4|4|
4001|3|1001-5000|1|3|
4002|5|1001-5000|2|1|
4003|13|501-1000|3|4|
4004|14|0-500|4|0|
4005|16|0-500|5|0|
4006|8|0-500|2|3|
4007|2|10001+|1|2|
4008|8|5001-10000|2|2|
4009|12|10001+|3|4|
4010|20|5001-10000|1|0|
4011|8|501-1000|5|2|
4012|7|501-1000|1|2|
4013|8|501-1000|3|4|
4014|12|1001-5000|1|0|
4015|5|5001-10000|3|1|
4016|16|501-1000|1|3|
4017|8|0-500|5|4|
4018|5|1001-5000|2|3|
4019|14|10001+|4|0|
4020|19|501-1000|5|2|
4021|3|10001+|4|1|
4022|18|10001+|5|1|
4023|13|501-1000|2|2|
4024|9|10001+|1|3|
4025|13|1001-5000|2|4|
4026|16|501-1000|5|2|
4027|8|5001-10000|5|1|
4028|5|10001+|4|4|
4029|4|1001-5000|1|4|
4030|10|0-500|2|2|
4031|13|5001-10000|0|1|
4032|1|1001-5000|4|1|
4033|18|501-1000|4|1|
4034|11|10001+|5|1|
4035|9|5001-10000|0|0|
4036|13|5001-10000|0|3|
4037|10|501-1000|4|1|
4038|14|1001-5000|4|3|
4039|18|0-500|0|2|
4040|2|1001-5000|5|2|
4041|6|0-500|2|4|
4042|3|1001-5000|2|1|
4043|7|0-500|1|2|
4044|18|5001-10000|4|0|
4045|13|501-1000|5|2|
4046|1|5001-10000|2|3|
4047|5|1001-5000|4|1|
4048|15|501-1000|4|2|
4049|2|1001-5000|3|1|
4050|8|1001-5000|5|2|
4051|12|501-1000|0|4|
4052|10|10001+|4|3|
4053|7|0-500|4|0|
4054|8|10001+|1|2|
4055|4|10001+|0|2|
4056|8|501-1000|4|4|
4057|2|501-1000|0|4|
4058|15|501-1000|3|4|
4059|19|1001-5000|4|2|
4060|18|5001-10000|5|4|
4061|4|10001+|5|4|
4062|8|5001-10000|3|2|
4063|11|0-500|1|2|
4064|13|501-1000|1|1|
4065|2|10001+|2|0|
4066|4|0-500|5|1|
4067|18|0-500|1|3|
4068|3|0-500|1|3|
4069|1|5001-10000|2|1|
4070|19|501-1000|5|0|
4071|1|0-500|0|3|
4072|16|10001+|3|0|
4073|2|5001-10000|1|4|
4074|14|501-1000|5|3|
4075|8|10001+|3|1|
4076|20|10001+|5|4|
4077|16|1001-5000|0|4|
4078|9|501-1000|5|0|
4079|4|0-500|3|1|
4080|17|0-500|1|0|
4081|6|1001-5000|5|4|
4082|8|10001+|4|0|
4083|10|501-1000|4|0|
4084|13|0-500|5|4|
4085|13|10001+|3|3|
4086|11|5001-10000|5|4|
4087|1|1001-5000|0|2|
4088|11|5001-10000|3|0|
4089|2|10001+|1|1|
4090|14|501-1000|1|0|
4091|4|10001+|1|4|
4092|3|501-1000|5|4|
4093|12|0-500|3|3|
4094|7|1001-5000|4|4|
4095|7|1001-5000|5|4|
4096|16|1001-5000|0|2|
4097|18|5001-10000|1|2|
4098|19|5001-10000|3|3|
4099|8|501-1000|5|1|
4100|9|501-1000|3|4|
4101|11|501-1000|0|2|
4102|20|5001-10000|5|1|
4103|18|0-500|5|1|
4104|17|501-1000|5|1|
4105|1|10001+|2|1|
4106|12|1001-5000|5|2|
4107|12|5001-10000|4|2|
4108|6|10001+|4|0|
4109|17|5001-10000|2|1|
4110|7|5001-10000|3|4|
4111|4|0-500|1|0|
4112|1|5001-10000|4|2|
4113|1|1001-5000|1|1|
4114|1|1001-5000|1|1|
4115|15|1001-5000|3|4|
4116|4|10001+|1|1|
4117|19|1001-5000|1|0|
4118|17|0-500|1|0|
4119|6|1001-5000|2|2|
4120|19|1001-5000|0|2|
4121|12|10001+|3|4|
4122|8|1001-5000|3|1|
4123|9|0-500|2|4|
4124|14|10001+|1|1|
4125|7|501-1000|3|1|
4126|14|0-500|3|1|
4127|1|501-1000|2|2|
4128|11|1001-5000|5|4|
4129|4|1001-5000|2|2|
4130|14|10001+|5|1|
4131|15|10001+|5|1|
4132|6|10001+|1|1|
4133|4|10001+|2|3|
4134|17|5001-10000|3|2|
4135|11|501-1000|4|1|
4136|12|5001-10000|0|3|
4137|10|0-500|1|3|
4138|20|0-500|5|4|
4139|3|0-500|4|3|
4140|9|501-1000|1|2|
4141|13|0-500|0|2|
4142|4|1001-5000|5|3|
4143|11|501-1000|2|4|
4144|10|1001-5000|3|3|
4145|20|501-1000|2|2|
4146|4|501-1000|3|3|
4147|7|1001-5000|5|3|
4148|5|1001-5000|3|4|
4149|7|5001-10000|2|4|
4150|17|501-1000|0|1|
4151|6|501-1000|3|3|
4152|12|10001+|4|0|
4153|13|10001+|4|1|
4154|14|1001-5000|3|2|
4155|1|5001-10000|0|0|
4156|20|0-500|5|4|
4157|2|1001-5000|2|3|
4158|10|1001-5000|4|3|
4159|17|1001-5000|5|3|
4160|4|0-500|2|1|
4161|6|5001-10000|1|0|
4162|14|1001-5000|1|0|
4163|18|0-500|3|4|
4164|1|1001-5000|4|3|
4165|20|0-500|3|4|
4166|20|1001-5000|1|0|
4167|14|5001-10000|4|2|
4168|14|1001-5000|4|0|
4169|3|10001+|5|3|
4170|1|501-1000|0|0|
4171|2|501-1000|2|4|
4172|20|1001-5000|5|1|
4173|1|1001-5000|3|2|
4174|11|501-1000|4|3|
4175|7|10001+|5|4|
4176|5|501-1000|5|2|
4177|18|501-1000|0|1|
4178|16|0-500|1|2|
4179|6|0-500|4|4|
4180|17|1001-5000|4|1|
4181|10|10001+|0|3|
4182|2|10001+|3|4|
4183|3|5001-10000|4|0|
4184|19|501-1000|5|3|
4185|5|0-500|2|3|
4186|8|1001-5000|2|4|
4187|9|501-1000|2|3|
4188|13|10001+|1|3|
4189|14|0-500|0|3|
4190|3|501-1000|2|3|
4191|8|0-500|3|1|
4192|12|0-500|4|4|
4193|2|0-500|4|3|
4194|17|1001-5000|3|4|
4195|10|501-1000|1|4|
4196|19|0-500|0|1|
4197|7|1001-5000|2|4|
4198|7|501-1000|1|2|
4199|7|0-500|2|4|
4200|15|1001-5000|5|0|
4201|7|10001+|0|1|
4202|12|0-500|1|1|
4203|5|0-500|5|0|
4204|1|501-1000|0|2|
4205|19|5001-10000|0|3|
4206|3|1001-5000|3|1|
4207|14|0-500|1|1|
4208|7|0-500|0|3|
4209|2|1001-5000|1|1|
4210|4|1001-5000|0|4|
4211|18|5001-10000|4|2|
4212|19|501-1000|5|0|
4213|14|5001-10000|0|1|
4214|11|0-500|5|3|
4215|1|1001-5000|3|3|
4216|16|5001-10000|2|1|
4217|12|0-500|5|4|
4218|15|1001-5000|4|3|
4219|19|501-1000|4|2|
4220|9|0-500|5|1|
4221|5|0-500|3|2|
4222|15|1001-5000|3|2|
4223|11|10001+|0|2|
4224|11|5001-10000|0|2|
4225|9|1001-5000|5|2|
4226|11|501-1000|0|1|
4227|10|10001+|5|0|
4228|16|0-500|0|1|
4229|12|0-500|2|2|
4230|12|1001-5000|1|3|
4231|19|501-1000|5|1|
4232|17|501-1000|3|4|
4233|11|1001-5000|3|4|
4234|12|5001-10000|5|0|
4235|3|1001-5000|1|0|
4236|10|501-1000|2|3|
4237|16|10001+|1|4|
4238|7|0-500|4|2|
4239|18|5001-10000|3|2|
4240|1|5001-10000|1|2|
4241|17|1001-5000|5|4|
4242|6|501-1000|4|1|
4243|5|10001+|3|2|
4244|7|1001-5000|0|1|
4245|11|10001+|2|1|
4246|20|1001-5000|1|0|
4247|6|10001+|5|1|
4248|7|1001-5000|5|3|
4249|18|501-1000|0|4|
4250|15|5001-10000|2|0|
4251|12|5001-10000|5|4|
4252|5|501-1000|5|1|
4253|15|501-1000|3|3|
4254|20|1001-5000|0|3|
4255|13|501-1000|0|1|
4256|13|10001+|1|0|
4257|13|5001-10000|0|3|
4258|18|1001-5000|1|3|
4259|10|0-500|2|0|
4260|17|0-500|4|0|
4261|8|1001-5000|3|4|
4262|4|0-500|1|1|
4263|20|1001-5000|5|0|
4264|14|5001-10000|4|0|
4265|6|1001-5000|5|1|
4266|3|10001+|4|1|
4267|2|10001+|1|0|
4268|15|1001-5000|3|1|
4269|10|0-500|4|1|
4270|20|1001-5000|0|2|
4271|10|0-500|3|1|
4272|6|501-1000|2|2|
4273|20|5001-10000|0|3|
4274|19|5001-10000|3|3|
4275|18|10001+|0|4|
4276|4|5001-10000|1|4|
4277|13|1001-5000|5|0|
4278|17|501-1000|4|0|
4279|4|0-500|4|1|
4280|7|10001+|4|1|
4281|9|1001-5000|4|1|
4282|1|0-500|0|1|
4283|3|501-1000|0|2|
4284|3|5001-10000|3|4|
4285|19|0-500|5|2|
4286|6|0-500|5|2|
4287|12|10001+|3|3|
4288|18|10001+|5|2|
4289|12|501-1000|2|2|
4290|4|0-500|2|4|
4291|4|0-500|1|2|
4292|6|5001-10000|1|1|
4293|8|1001-5000|2|4|
4294|10|1001-5000|4|4|
4295|9|10001+|5|0|
4296|15|1001-5000|1|1|
4297|15|0-500|3|2|
4298|17|10001+|0|3|
4299|14|5001-10000|2|0|
4300|2|5001-10000|4|1|
4301|20|1001-5000|2|3|
4302|16|5001-10000|3|3|
4303|12|5001-10000|1|2|
4304|7|5001-10000|4|1|
4305|10|10001+|5|0|
4306|4|10001+|1|2|
4307|6|10001+|1|4|
4308|14|0-500|0|0|
4309|7|0-500|1|0|
4310|8|10001+|0|0|
4311|9|501-1000|2|4|
4312|18|1001-5000|2|2|
4313|1|1001-5000|2|0|
4314|7|0-500|3|1|
4315|16|1001-5000|4|2|
4316|2|5001-10000|0|0|
4317|6|10001+|0|0|
4318|12|0-500|3|0|
4319|19|10001+|4|0|
4320|2|501-1000|2|0|
4321|1|5001-10000|0|3|
4322|18|5001-10000|2|2|
4323|1|1001-5000|5|3|
4324|19|5001-10000|2|0|
4325|3|5001-10000|2|4|
4326|17|5001-10000|3|2|
4327|5|501-1000|3|0|
4328|15|501-1000|1|3|
4329|3|1001-5000|1|2|
4330|18|1001-5000|2|4|
4331|10|501-1000|1|3|
4332|18|10001+|5|2|
4333|2|10001+|0|2|
4334|3|10001+|4|2|
4335|1|1001-5000|5|0|
4336|14|501-1000|4|0|
4337|2|5001-10000|1|1|
4338|19|5001-10000|0|0|
4339|4|1001-5000|5|2|
4340|16|5001-10000|0|2|
4341|18|501-1000|5|2|
4342|10|0-500|2|1|
4343|2|10001+|3|3|
4344|5|1001-5000|5|1|
4345|8|0-500|3|3|
4346|16|0-500|2|4|
4347|12|1001-5000|2|1|
4348|10|5001-10000|4|4|
4349|20|10001+|4|4|
4350|16|5001-10000|0|4|
4351|18|10001+|4|0|
4352|16|0-500|5|1|
4353|6|501-1000|4|2|
4354|15|501-1000|1|2|
4355|6|10001+|4|0|
4356|11|5001-10000|1|4|
4357|16|1001-5000|1|0|
4358|15|1001-5000|1|3|
4359|6|10001+|3|0|
4360|4|0-500|0|4|
4361|11|10001+|0|4|
4362|10|501-1000|4|3|
4363|4|501-1000|0|4|
4364|13|5001-10000|3|1|
4365|5|1001-5000|4|0|
4366|9|1001-5000|1|2|
4367|17|1001-5000|0|3|
4368|19|1001-5000|2|2|
4369|19|5001-10000|2|3|
4370|18|5001-10000|3|0|
4371|17|5001-10000|5|1|
4372|3|1001-5000|5|4|
4373|20|501-1000|4|2|
4374|20|0-500|1|1|
4375|2|10001+|2|1|
4376|6|5001-10000|5|3|
4377|13|5001-10000|3|3|
4378|2|0-500|4|3|
4379|7|10001+|1|0|
4380|3|10001+|1|4|
4381|16|10001+|5|1|
4382|10|0-500|4|2|
4383|10|501-1000|1|2|
4384|2|501-1000|3|4|
4385|6|1001-5000|1|4|
4386|1|501-1000|0|0|
4387|3|1001-5000|3|1|
4388|10|0-500|1|2|
4389|8|10001+|4|3|
4390|6|5001-10000|1|0|
4391|11|1001-5000|3|3|
4392|5|501-1000|3|3|
4393|13|5001-10000|2|0|
4394|14|0-500|5|4|
4395|13|0-500|2|2|
4396|15|0-500|2|3|
4397|8|10001+|3|0|
4398|10|501-1000|4|2|
4399|2|1001-5000|2|0|
4400|7|10001+|2|4|
4401|2|501-1000|4|3|
4402|4|1001-5000|3|2|
4403|18|5001-10000|1|1|
4404|8|501-1000|3|2|
4405|2|10001+|1|4|
4406|12|10001+|0|3|
4407|5|5001-10000|0|3|
4408|4|1001-5000|3|2|
4409|4|501-1000|0|1|
4410|5|0-500|5|1|
4411|12|1001-5000|4|3|
4412|10|0-500|0|1|
4413|15|10001+|3|2|
4414|9|10001+|4|2|
4415|4|5001-10000|3|2|
4416|10|1001-5000|2|3|
4417|12|10001+|3|1|
4418|15|0-500|0|1|
4419|11|10001+|0|4|
4420|1|10001+|2|0|
4421|17|0-500|0|2|
4422|12|1001-5000|0|3|
4423|8|0-500|5|2|
4424|3|501-1000|5|1|
4425|5|0-500|4|0|
4426|20|501-1000|4|0|
4427|8|1001-5000|0|0|
4428|5|5001-10000|2|4|
4429|17|1001-5000|4|2|
4430|7|501-1000|5|2|
4431|11|501-1000|5|2|
4432|20|0-500|1|1|
4433|15|1001-5000|0|4|
4434|14|0-500|5|1|
4435|12|1001-5000|4|3|
4436|5|5001-10000|2|0|
4437|13|1001-5000|2|4|
4438|16|10001+|0|0|
4439|13|501-1000|3|2|
4440|4|5001-10000|3|3|
4441|6|10001+|3|2|
4442|18|10001+|2|2|
4443|5|0-500|0|1|
4444|10|5001-10000|0|2|
4445|1|10001+|3|1|
4446|1|10001+|5|1|
4447|13|5001-10000|0|2|
4448|19|5001-10000|0|0|
4449|8|0-500|4|3|
4450|8|501-1000|3|2|
4451|14|5001-10000|4|2|
4452|13|501-1000|1|0|
4453|9|10001+|1|1|
4454|16|1001-5000|1|0|
4455|10|5001-10000|5|3|
4456|18|1001-5000|2|0|
4457|10|0-500|2|3|
4458|10|501-1000|2|3|
4459|13|501-1000|2|3|
4460|20|501-1000|0|3|
4461|15|5001-10000|1|4|
4462|11|1001-5000|2|4|
4463|11|1001-5000|3|3|
4464|13|5001-10000|1|2|
4465|4|1001-5000|3|4|
4466|11|10001+|2|1|
4467|20|501-1000|4|1|
4468|16|10001+|2|4|
4469|14|10001+|0|3|
4470|11|501-1000|1|0|
4471|10|0-500|1|4|
4472|19|10001+|4|0|
4473|6|5001-10000|5|1|
4474|11|5001-10000|3|3|
4475|14|501-1000|4|4|
4476|12|501-1000|5|0|
4477|4|0-500|1|2|
4478|15|10001+|0|4|
4479|10|5001-10000|3|1|
4480|7|10001+|4|4|
4481|2|5001-10000|4|4|
4482|16|0-500|3|3|
4483|6|501-1000|2|3|
4484|3|501-1000|4|2|
4485|6|1001-5000|0|3|
4486|17|501-1000|4|2|
4487|11|0-500|4|4|
4488|7|5001-10000|3|0|
4489|6|5001-10000|0|2|
4490|11|1001-5000|4|4|
4491|8|0-500|1|2|
4492|19|10001+|4|0|
4493|8|5001-10000|2|4|
4494|4|10001+|1|4|
4495|11|5001-10000|2|0|
4496|6|5001-10000|3|4|
4497|10|5001-10000|0|0|
4498|20|10001+|4|1|
4499|1|1001-5000|2|0|
4500|12|1001-5000|3|4|
4501|17|5001-10000|5|1|
4502|8|1001-5000|4|0|
4503|9|10001+|2|0|
4504|10|0-500|4|4|
4505|2|0-500|3|3|
4506|3|1001-5000|3|3|
4507|17|10001+|2|4|
4508|17|5001-10000|1|2|
4509|6|10001+|3|0|
4510|11|0-500|5|2|
4511|17|501-1000|0|4|
4512|5|5001-10000|0|0|
4513|2|501-1000|5|4|
4514|11|0-500|2|0|
4515|8|5001-10000|0|0|
4516|13|501-1000|2|2|
4517|1|0-500|5|0|
4518|14|501-1000|0|1|
4519|3|1001-5000|0|3|
4520|10|0-500|1|3|
4521|2|10001+|5|2|
4522|5|5001-10000|4|1|
4523|9|10001+|1|4|
4524|13|10001+|1|3|
4525|18|5001-10000|2|2|
4526|16|1001-5000|0|4|
4527|6|5001-10000|1|0|
4528|17|10001+|1|3|
4529|4|5001-10000|3|2|
4530|6|501-1000|2|4|
4531|19|10001+|0|4|
4532|10|0-500|3|0|
4533|17|1001-5000|4|0|
4534|2|0-500|0|4|
4535|9|0-500|4|2|
4536|8|5001-10000|3|0|
4537|17|1001-5000|0|4|
4538|3|10001+|2|0|
4539|1|0-500|0|3|
4540|3|10001+|1|2|
4541|3|1001-5000|5|0|
4542|7|501-1000|3|4|
4543|7|501-1000|3|3|
4544|1|501-1000|5|2|
4545|7|5001-10000|1|3|
4546|1|1001-5000|4|0|
4547|10|0-500|3|4|
4548|4|501-1000|2|1|
4549|16|10001+|1|3|
4550|7|0-500|3|2|
4551|16|0-500|2|0|
4552|3|5001-10000|0|2|
4553|7|10001+|1|4|
4554|14|5001-10000|3|3|
4555|4|10001+|1|2|
4556|19|501-1000|5|3|
4557|2|0-500|2|0|
4558|18|10001+|4|4|
4559|20|5001-10000|0|0|
4560|18|501-1000|3|4|
4561|7|0-500|5|4|
4562|8|5001-10000|3|0|
4563|7|5001-10000|0|4|
4564|11|0-500|0|2|
4565|4|1001-5000|1|0|
4566|17|5001-10000|0|0|
4567|5|0-500|2|0|
4568|19|1001-5000|0|3|
4569|20|10001+|1|0|
4570|10|501-1000|2|4|
4571|20|5001-10000|5|3|
4572|13|0-500|3|2|
4573|8|0-500|2|3|
4574|3|5001-10000|3|2|
4575|9|10001+|4|2|
4576|12|10001+|4|4|
4577|11|0-500|0|1|
4578|17|1001-5000|3|1|
4579|5|501-1000|1|3|
4580|9|501-1000|4|1|
4581|20|5001-10000|4|0|
4582|11|0-500|0|1|
4583|4|5001-10000|4|4|
4584|19|5001-10000|3|2|
4585|17|501-1000|3|1|
4586|14|10001+|3|2|
4587|5|10001+|2|1|
4588|12|0-500|1|2|
4589|4|501-1000|1|3|
4590|5|1001-5000|0|1|
4591|3|1001-5000|4|3|
4592|6|1001-5000|4|4|
4593|6|501-1000|1|2|
4594|3|1001-5000|0|1|
4595|8|10001+|3|3|
4596|6|501-1000|0|2|
4597|3|0-500|2|0|
4598|14|1001-5000|4|4|
4599|18|501-1000|0|3|
4600|9|1001-5000|2|0|
4601|8|5001-10000|2|0|
4602|12|1001-5000|2|2|
4603|3|1001-5000|0|3|
4604|10|1001-5000|1|3|
4605|20|5001-10000|5|0|
4606|10|10001+|1|1|
4607|12|501-1000|1|4|
4608|4|501-1000|0|3|
4609|3|10001+|0|2|
4610|10|10001+|2|3|
4611|9|5001-10000|2|1|
4612|18|501-1000|4|1|
4613|12|501-1000|0|2|
4614|12|10001+|0|4|
4615|10|501-1000|4|2|
4616|8|10001+|3|3|
4617|9|10001+|1|1|
4618|20|0-500|4|1|
4619|5|1001-5000|3|1|
4620|7|0-500|1|1|
4621|8|0-500|1|3|
4622|17|1001-5000|3|0|
4623|11|1001-5000|5|4|
4624|18|5001-10000|4|3|
4625|14|5001-10000|3|3|
4626|2|0-500|2|4|
4627|3|5001-10000|0|3|
4628|3|5001-10000|5|4|
4629|6|10001+|4|1|
4630|20|0-500|5|0|
4631|15|0-500|5|3|
4632|5|10001+|0|1|
4633|18|1001-5000|0|3|
4634|6|5001-10000|3|0|
4635|5|10001+|0|0|
4636|3|1001-5000|0|2|
4637|13|5001-10000|3|4|
4638|9|10001+|2|1|
4639|15|501-1000|1|2|
4640|7|5001-10000|0|3|
4641|8|501-1000|4|1|
4642|4|1001-5000|4|0|
4643|19|0-500|1|0|
4644|18|1001-5000|2|4|
4645|10|0-500|0|0|
4646|1|0-500|3|3|
4647|18|1001-5000|0|1|
4648|7|501-1000|1|4|
4649|7|0-500|0|3|
4650|3|0-500|1|4|
4651|10|1001-5000|4|4|
4652|4|0-500|4|4|
4653|7|0-500|4|4|
4654|11|1001-5000|2|2|
4655|19|5001-10000|0|2|
4656|20|1001-5000|3|4|
4657|19|0-500|3|3|
4658|18|501-1000|3|3|
4659|2|5001-10000|1|3|
4660|15|0-500|1|4|
4661|6|1001-5000|5|1|
4662|9|5001-10000|1|3|
4663|13|501-1000|1|0|
4664|3|5001-10000|3|0|
4665|4|1001-5000|5|0|
4666|8|1001-5000|4|1|
4667|18|1001-5000|4|1|
4668|3|0-500|1|1|
4669|16|0-500|3|1|
4670|5|0-500|3|4|
4671|12|501-1000|3|4|
4672|9|0-500|0|2|
4673|5|10001+|4|1|
4674|5|5001-10000|3|4|
4675|11|5001-10000|4|4|
4676|14|501-1000|2|3|
4677|13|0-500|3|2|
4678|6|501-1000|0|2|
4679|4|10001+|1|1|
4680|8|5001-10000|4|0|
4681|17|501-1000|0|0|
4682|19|5001-10000|1|2|
4683|10|0-500|1|0|
4684|8|1001-5000|1|2|
4685|7|5001-10000|5|4|
4686|5|5001-10000|2|2|
4687|12|1001-5000|4|1|
4688|11|10001+|4|1|
4689|10|1001-5000|1|1|
4690|8|5001-10000|3|2|
4691|14|0-500|0|1|
4692|12|501-1000|5|0|
4693|2|501-1000|0|0|
4694|13|10001+|3|1|
4695|3|10001+|2|4|
4696|20|10001+|5|2|
4697|20|5001-10000|1|0|
4698|9|1001-5000|1|1|
4699|9|10001+|4|3|
4700|3|0-500|3|3|
4701|1|5001-10000|0|0|
4702|10|1001-5000|4|0|
4703|7|0-500|1|3|
4704|14|1001-5000|2|3|
4705|8|0-500|3|3|
4706|1|0-500|1|4|
4707|1|5001-10000|0|0|
4708|19|10001+|1|4|
4709|1|5001-10000|4|4|
4710|4|501-1000|3|0|
4711|5|1001-5000|4|2|
4712|15|501-1000|5|4|
4713|10|501-1000|4|2|
4714|16|5001-10000|4|0|
4715|13|0-500|5|0|
4716|15|10001+|4|1|
4717|20|10001+|0|2|
4718|9|5001-10000|2|3|
4719|1|1001-5000|3|3|
4720|17|501-1000|0|4|
4721|4|10001+|5|2|
4722|7|501-1000|4|0|
4723|19|10001+|0|4|
4724|1|10001+|5|2|
4725|8|501-1000|1|4|
4726|20|501-1000|0|1|
4727|10|501-1000|0|0|
4728|3|0-500|4|1|
4729|1|5001-10000|0|0|
4730|17|1001-5000|3|3|
4731|6|0-500|3|4|
4732|13|1001-5000|5|3|
4733|10|5001-10000|0|3|
4734|16|501-1000|0|3|
4735|15|0-500|5|4|
4736|15|10001+|2|2|
4737|18|1001-5000|2|1|
4738|3|10001+|1|0|
4739|4|0-500|1|4|
4740|16|10001+|1|1|
4741|7|0-500|4|2|
4742|4|0-500|0|0|
4743|10|1001-5000|5|4|
4744|17|0-500|2|2|
4745|2|10001+|0|1|
4746|16|0-500|3|4|
4747|10|10001+|4|4|
4748|16|501-1000|5|4|
4749|2|5001-10000|1|4|
4750|5|5001-10000|5|3|
4751|11|0-500|0|0|
4752|13|5001-10000|5|4|
4753|17|10001+|4|3|
4754|3|5001-10000|2|1|
4755|5|501-1000|0|2|
4756|17|501-1000|3|2|
4757|2|501-1000|5|4|
4758|12|5001-10000|4|1|
4759|5|10001+|5|2|
4760|11|1001-5000|1|3|
4761|16|5001-10000|3|4|
4762|10|10001+|3|1|
4763|20|1001-5000|3|3|
4764|3|5001-10000|2|0|
4765|20|10001+|5|3|
4766|15|501-1000|1|0|
4767|13|5001-10000|2|4|
4768|3|501-1000|0|0|
4769|10|0-500|4|4|
4770|13|5001-10000|5|2|
4771|20|0-500|0|0|
4772|19|5001-10000|5|4|
4773|14|5001-10000|2|1|
4774|14|1001-5000|0|0|
4775|12|501-1000|0|4|
4776|10|501-1000|0|3|
4777|19|10001+|5|2|
4778|3|501-1000|1|1|
4779|7|5001-10000|4|0|
4780|11|0-500|4|4|
4781|4|10001+|3|2|
4782|3|0-500|1|4|
4783|2|10001+|1|4|
4784|17|10001+|4|0|
4785|17|5001-10000|1|1|
4786|16|5001-10000|5|2|
4787|20|501-1000|5|0|
4788|18|5001-10000|1|3|
4789|10|501-1000|4|2|
4790|10|5001-10000|3|4|
4791|20|0-500|2|2|
4792|20|1001-5000|3|1|
4793|6|1001-5000|3|1|
4794|15|10001+|5|2|
4795|18|5001-10000|2|0|
4796|11|1001-5000|1|2|
4797|5|501-1000|5|4|
4798|19|5001-10000|2|3|
4799|12|10001+|4|0|
4800|18|10001+|4|3|
4801|11|10001+|2|4|
4802|14|5001-10000|2|3|
4803|14|0-500|4|2|
4804|5|10001+|5|1|
4805|6|5001-10000|3|4|
4806|5|1001-5000|0|3|
4807|5|0-500|5|0|
4808|19|1001-5000|1|4|
4809|8|10001+|4|4|
4810|7|501-1000|3|1|
4811|4|10001+|4|3|
4812|7|0-500|5|3|
4813|20|0-500|3|4|
4814|10|1001-5000|0|2|
4815|13|0-500|2|3|
4816|20|501-1000|5|3|
4817|2|5001-10000|5|0|
4818|14|501-1000|0|2|
4819|4|501-1000|4|4|
4820|19|10001+|1|1|
4821|7|0-500|5|0|
4822|14|10001+|0|4|
4823|9|1001-5000|0|1|
4824|8|10001+|0|4|
4825|3|0-500|5|0|
4826|1|10001+|0|3|
4827|5|0-500|4|4|
4828|17|1001-5000|3|0|
4829|2|10001+|5|1|
4830|14|501-1000|2|2|
4831|1|0-500|3|3|
4832|4|10001+|4|4|
4833|7|10001+|0|2|
4834|3|0-500|2|0|
4835|18|0-500|1|4|
4836|3|501-1000|5|0|
4837|5|501-1000|2|1|
4838|13|10001+|5|3|
4839|17|501-1000|0|3|
4840|15|501-1000|5|2|
4841|4|501-1000|4|2|
4842|1|5001-10000|0|0|
4843|6|501-1000|5|1|
4844|9|501-1000|5|4|
4845|11|5001-10000|0|1|
4846|12|0-500|0|1|
4847|17|0-500|0|1|
4848|2|501-1000|3|2|
4849|1|10001+|1|2|
4850|18|0-500|3|4|
4851|5|5001-10000|4|3|
4852|20|501-1000|1|3|
4853|6|501-1000|5|3|
4854|12|5001-10000|5|2|
4855|14|0-500|2|0|
4856|10|10001+|5|2|
4857|10|0-500|1|0|
4858|15|5001-10000|5|1|
4859|8|10001+|3|0|
4860|13|10001+|3|0|
4861|11|10001+|5|3|
4862|18|501-1000|0|1|
4863|2|0-500|3|4|
4864|12|0-500|1|3|
4865|6|501-1000|1|4|
4866|18|1001-5000|5|2|
4867|7|10001+|1|1|
4868|10|0-500|3|4|
4869|3|501-1000|1|3|
4870|4|501-1000|0|3|
4871|2|5001-10000|2|3|
4872|11|1001-5000|1|4|
4873|3|0-500|0|4|
4874|7|5001-10000|5|2|
4875|4|5001-10000|3|4|
4876|17|1001-5000|2|3|
4877|16|0-500|1|0|
4878|6|0-500|2|0|
4879|5|0-500|0|2|
4880|17|10001+|4|4|
4881|3|5001-10000|4|4|
4882|12|501-1000|4|2|
4883|11|10001+|2|4|
4884|9|501-1000|3|1|
4885|3|5001-10000|1|0|
4886|3|0-500|1|1|
4887|9|1001-5000|0|4|
4888|15|10001+|2|1|
4889|14|0-500|4|3|
4890|6|5001-10000|0|3|
4891|15|5001-10000|3|2|
4892|8|0-500|3|3|
4893|16|10001+|2|0|
4894|3|10001+|5|2|
4895|4|10001+|0|2|
4896|12|501-1000|5|4|
4897|6|501-1000|0|1|
4898|13|0-500|2|1|
4899|8|501-1000|4|3|
4900|2|501-1000|5|2|
4901|19|501-1000|3|1|
4902|6|501-1000|4|4|
4903|7|1001-5000|2|4|
4904|15|5001-10000|1|3|
4905|20|5001-10000|0|2|
4906|18|0-500|2|4|
4907|12|5001-10000|5|0|
4908|16|10001+|2|1|
4909|4|10001+|3|4|
4910|17|5001-10000|2|3|
4911|2|1001-5000|2|0|
4912|7|501-1000|0|3|
4913|4|501-1000|0|3|
4914|19|0-500|4|0|
4915|6|501-1000|1|2|
4916|11|10001+|0|2|
4917|18|5001-10000|5|3|
4918|7|1001-5000|3|2|
4919|4|501-1000|3|2|
4920|18|10001+|2|4|
4921|10|5001-10000|3|3|
4922|5|1001-5000|5|4|
4923|13|5001-10000|0|0|
4924|9|501-1000|0|4|
4925|2|10001+|1|4|
4926|5|501-1000|5|1|
4927|11|1001-5000|5|2|
4928|5|501-1000|0|2|
4929|13|10001+|2|1|
4930|10|0-500|1|3|
4931|20|10001+|2|1|
4932|20|501-1000|3|2|
4933|19|10001+|1|0|
4934|16|5001-10000|1|4|
4935|18|0-500|1|3|
4936|11|0-500|0|1|
4937|10|1001-5000|3|0|
4938|14|1001-5000|1|2|
4939|11|5001-10000|5|4|
4940|20|10001+|5|0|
4941|11|1001-5000|2|2|
4942|20|501-1000|1|4|
4943|9|0-500|3|1|
4944|3|501-1000|4|2|
4945|14|0-500|4|0|
4946|20|10001+|2|2|
4947|4|1001-5000|3|4|
4948|3|5001-10000|3|3|
4949|16|0-500|1|1|
4950|1|501-1000|0|3|
4951|4|10001+|2|3|
4952|7|0-500|1|0|
4953|9|501-1000|4|4|
4954|20|501-1000|0|4|
4955|18|10001+|1|2|
4956|11|10001+|3|1|
4957|10|501-1000|4|2|
4958|8|10001+|3|1|
4959|10|10001+|2|0|
4960|11|5001-10000|3|4|
4961|18|501-1000|5|0|
4962|18|0-500|2|0|
4963|4|5001-10000|5|3|
4964|19|5001-10000|0|1|
4965|11|0-500|5|0|
4966|2|5001-10000|1|0|
4967|8|10001+|2|2|
4968|5|10001+|1|3|
4969|4|10001+|4|2|
4970|15|1001-5000|5|1|
4971|4|0-500|4|1|
4972|1|5001-10000|1|4|
4973|1|1001-5000|3|4|
4974|12|0-500|2|0|
4975|8|10001+|0|3|
4976|7|501-1000|1|3|
4977|14|0-500|1|2|
4978|6|5001-10000|2|3|
4979|12|0-500|3|3|
4980|9|10001+|1|0|
4981|1|501-1000|0|3|
4982|17|5001-10000|4|1|
4983|16|5001-10000|5|4|
4984|8|0-500|0|0|
4985|12|10001+|5|1|
4986|20|10001+|2|0|
4987|15|1001-5000|3|3|
4988|20|5001-10000|4|1|
4989|11|10001+|0|0|
4990|1|10001+|3|0|
4991|9|501-1000|1|2|
4992|8|5001-10000|1|2|
4993|16|10001+|4|2|
4994|6|5001-10000|1|1|
4995|6|0-500|1|3|
4996|10|501-1000|1|4|
4997|19|10001+|5|4|
4998|2|10001+|3|1|
4999|2|501-1000|4|4|
5000|8|1001-5000|2|0|
5001|9|1001-5000|2|1|
5002|16|10001+|1|3|
5003|9|1001-5000|1|1|
5004|17|0-500|2|3|
5005|15|0-500|1|1|
5006|4|0-500|5|4|
5007|9|5001-10000|2|0|
5008|12|5001-10000|3|2|
5009|3|1001-5000|5|1|
5010|19|1001-5000|5|3|
5011|5|1001-5000|3|0|
5012|2|5001-10000|1|4|
5013|20|1001-5000|0|4|
5014|4|1001-5000|0|0|
5015|16|10001+|3|4|
5016|6|501-1000|2|4|
5017|10|5001-10000|1|3|
5018|6|501-1000|2|1|
5019|10|501-1000|4|4|
5020|19|501-1000|5|4|
5021|20|501-1000|3|1|
5022|1|1001-5000|0|2|
5023|4|0-500|4|3|
5024|12|501-1000|3|0|
5025|12|1001-5000|5|0|
5026|2|1001-5000|1|0|
5027|6|501-1000|4|4|
5028|6|1001-5000|5|2|
5029|18|0-500|0|4|
5030|19|1001-5000|1|4|
5031|8|0-500|3|1|
5032|6|10001+|1|4|
5033|2|5001-10000|5|4|
5034|3|1001-5000|3|0|
5035|10|1001-5000|2|2|
5036|20|501-1000|1|1|
5037|7|1001-5000|5|2|
5038|10|501-1000|3|4|
5039|17|0-500|3|3|
5040|19|501-1000|1|3|
5041|20|10001+|1|1|
5042|16|5001-10000|3|1|
5043|17|5001-10000|4|0|
5044|15|10001+|5|1|
5045|8|0-500|4|1|
5046|13|1001-5000|5|4|
5047|10|5001-10000|2|3|
5048|11|0-500|4|4|
5049|2|5001-10000|0|3|
5050|17|10001+|5|4|
5051|15|501-1000|5|3|
5052|9|5001-10000|5|1|
5053|17|1001-5000|5|1|
5054|14|1001-5000|0|1|
5055|15|1001-5000|0|2|
5056|17|501-1000|4|3|
5057|12|501-1000|4|4|
5058|19|5001-10000|2|4|
5059|5|1001-5000|2|3|
5060|12|5001-10000|3|4|
5061|15|501-1000|0|0|
5062|13|5001-10000|1|0|
5063|4|1001-5000|1|3|
5064|6|5001-10000|1|3|
5065|19|501-1000|5|0|
5066|1|1001-5000|1|4|
5067|14|501-1000|0|3|
5068|7|10001+|4|1|
5069|20|5001-10000|3|1|
5070|17|0-500|4|2|
5071|20|5001-10000|4|2|
5072|7|5001-10000|1|3|
5073|9|1001-5000|2|0|
5074|4|5001-10000|5|4|
5075|10|501-1000|4|2|
5076|19|10001+|1|3|
5077|2|10001+|5|1|
5078|5|1001-5000|1|0|
5079|19|10001+|3|2|
5080|20|0-500|3|1|
5081|15|5001-10000|0|3|
5082|18|10001+|1|0|
5083|13|5001-10000|0|4|
5084|8|0-500|3|2|
5085|17|0-500|0|0|
5086|14|10001+|4|3|
5087|2|10001+|0|3|
5088|8|501-1000|3|0|
5089|10|10001+|1|2|
5090|17|501-1000|1|2|
5091|6|0-500|4|3|
5092|5|0-500|1|1|
5093|14|0-500|3|2|
5094|5|1001-5000|4|2|
5095|8|5001-10000|2|1|
5096|1|10001+|3|2|
5097|4|0-500|3|0|
5098|2|10001+|4|1|
5099|20|0-500|2|2|
5100|11|5001-10000|3|0|
5101|13|0-500|3|1|
5102|9|1001-5000|1|1|
5103|3|501-1000|0|2|
5104|3|1001-5000|5|1|
5105|10|1001-5000|2|1|
5106|19|5001-10000|2|3|
5107|15|5001-10000|5|0|
5108|19|0-500|0|3|
5109|7|10001+|0|3|
5110|17|501-1000|0|0|
5111|14|10001+|1|4|
5112|16|501-1000|5|4|
5113|5|501-1000|1|2|
5114|7|1001-5000|4|1|
5115|13|10001+|1|3|
5116|13|1001-5000|3|3|
5117|10|10001+|5|3|
5118|15|501-1000|0|3|
5119|2|5001-10000|3|2|
5120|10|1001-5000|5|0|
5121|1|501-1000|5|1|
5122|16|5001-10000|1|4|
5123|10|5001-10000|3|4|
5124|1|0-500|0|0|
5125|6|5001-10000|2|4|
5126|2|0-500|4|0|
5127|4|501-1000|0|0|
5128|3|501-1000|0|4|
5129|15|1001-5000|3|1|
5130|5|501-1000|5|2|
5131|9|0-500|3|2|
5132|8|10001+|2|4|
5133|15|10001+|5|4|
5134|7|10001+|3|1|
5135|4|1001-5000|1|3|
5136|12|1001-5000|1|3|
5137|11|501-1000|5|2|
5138|19|501-1000|4|3|
5139|7|5001-10000|3|1|
5140|4|5001-10000|0|2|
5141|13|0-500|0|4|
5142|15|5001-10000|1|1|
5143|14|1001-5000|4|4|
5144|6|10001+|4|4|
5145|19|0-500|1|4|
5146|13|5001-10000|0|1|
5147|16|10001+|3|1|
5148|6|1001-5000|4|1|
5149|3|5001-10000|0|3|
5150|10|10001+|5|2|
5151|17|5001-10000|5|0|
5152|3|501-1000|5|2|
5153|16|5001-10000|1|2|
5154|10|1001-5000|5|1|
5155|12|1001-5000|0|2|
5156|11|0-500|1|4|
5157|7|0-500|0|2|
5158|19|5001-10000|1|0|
5159|2|5001-10000|0|3|
5160|7|10001+|5|1|
5161|15|0-500|0|0|
5162|2|10001+|4|0|
5163|6|0-500|4|1|
5164|16|1001-5000|4|1|
5165|15|1001-5000|1|4|
5166|13|10001+|0|1|
5167|13|5001-10000|4|2|
5168|15|10001+|1|0|
5169|15|0-500|0|2|
5170|16|0-500|2|2|
5171|1|0-500|2|4|
5172|5|0-500|1|4|
5173|15|501-1000|1|3|
5174|15|0-500|2|1|
5175|20|5001-10000|2|2|
5176|19|10001+|2|2|
5177|7|501-1000|5|3|
5178|8|10001+|2|2|
5179|4|0-500|3|1|
5180|14|5001-10000|4|3|
5181|11|1001-5000|4|1|
5182|6|10001+|1|2|
5183|2|10001+|2|3|
5184|4|1001-5000|5|2|
5185|10|501-1000|1|3|
5186|14|1001-5000|5|1|
5187|9|1001-5000|2|0|
5188|14|1001-5000|4|0|
5189|16|1001-5000|4|2|
5190|10|10001+|0|1|
5191|8|10001+|5|4|
5192|17|10001+|0|2|
5193|10|1001-5000|0|3|
5194|20|1001-5000|1|4|
5195|7|1001-5000|0|2|
5196|2|10001+|2|1|
5197|15|0-500|3|3|
5198|16|1001-5000|4|3|
5199|3|501-1000|4|4|
5200|5|501-1000|5|2|
5201|9|10001+|4|1|
5202|17|1001-5000|0|3|
5203|1|0-500|3|0|
5204|15|5001-10000|4|0|
5205|7|10001+|0|3|
5206|1|10001+|2|2|
5207|9|0-500|1|2|
5208|9|5001-10000|1|0|
5209|10|10001+|1|2|
5210|1|10001+|5|3|
5211|19|10001+|0|2|
5212|18|5001-10000|5|0|
5213|13|501-1000|3|4|
5214|9|1001-5000|5|0|
5215|10|10001+|4|0|
5216|16|5001-10000|0|1|
5217|13|1001-5000|4|0|
5218|1|10001+|3|2|
5219|1|5001-10000|4|3|
5220|3|10001+|4|3|
5221|1|5001-10000|2|4|
5222|8|0-500|0|4|
5223|3|5001-10000|2|3|
5224|7|1001-5000|1|0|
5225|13|0-500|1|3|
5226|1|0-500|3|3|
5227|9|1001-5000|5|1|
5228|6|501-1000|5|1|
5229|19|5001-10000|2|4|
5230|16|1001-5000|0|4|
5231|12|0-500|1|0|
5232|5|5001-10000|1|3|
5233|2|10001+|2|2|
5234|19|0-500|4|4|
5235|18|0-500|3|4|
5236|20|10001+|5|1|
5237|17|10001+|5|1|
5238|3|1001-5000|5|2|
5239|4|501-1000|5|1|
5240|1|10001+|5|3|
5241|11|1001-5000|3|2|
5242|8|501-1000|2|3|
5243|8|5001-10000|3|3|
5244|3|1001-5000|5|1|
5245|19|5001-10000|3|2|
5246|8|5001-10000|2|1|
5247|19|5001-10000|3|1|
5248|19|0-500|1|4|
5249|4|1001-5000|0|1|
5250|8|1001-5000|1|1|
5251|11|5001-10000|5|3|
5252|20|10001+|3|1|
5253|15|501-1000|1|0|
5254|3|501-1000|4|0|
5255|5|501-1000|3|4|
5256|3|5001-10000|3|3|
5257|18|5001-10000|5|3|
5258|18|1001-5000|4|3|
5259|3|1001-5000|3|2|
5260|8|501-1000|4|4|
5261|8|501-1000|1|0|
5262|11|0-500|3|2|
5263|15|10001+|2|4|
5264|6|1001-5000|0|4|
5265|4|10001+|5|0|
5266|18|0-500|3|2|
5267|1|501-1000|3|0|
5268|3|501-1000|5|1|
5269|8|10001+|1|3|
5270|16|0-500|0|2|
5271|2|501-1000|1|3|
5272|14|0-500|0|1|
5273|3|0-500|1|0|
5274|9|0-500|1|4|
5275|19|501-1000|2|3|
5276|20|501-1000|3|3|
5277|4|1001-5000|2|1|
5278|13|501-1000|0|2|
5279|3|5001-10000|3|4|
5280|16|1001-5000|1|2|
5281|9|5001-10000|1|0|
5282|9|1001-5000|4|3|
5283|8|501-1000|0|2|
5284|6|0-500|4|4|
5285|1|0-500|3|3|
5286|18|10001+|4|4|
5287|11|5001-10000|4|4|
5288|7|10001+|1|0|
5289|8|1001-5000|2|0|
5290|1|0-500|4|3|
5291|19|5001-10000|3|2|
5292|14|10001+|4|1|
5293|6|10001+|5|1|
5294|13|501-1000|5|0|
5295|1|10001+|4|0|
5296|3|10001+|3|4|
5297|13|10001+|5|0|
5298|8|501-1000|5|2|
5299|20|501-1000|5|0|
5300|11|0-500|0|3|
5301|12|1001-5000|1|2|
5302|14|0-500|1|4|
5303|3|10001+|4|1|
5304|11|10001+|4|1|
5305|8|10001+|1|1|
5306|2|1001-5000|2|2|
5307|11|0-500|5|1|
5308|8|1001-5000|3|3|
5309|16|5001-10000|4|4|
5310|9|501-1000|1|0|
5311|15|0-500|4|4|
5312|6|1001-5000|0|2|
5313|3|1001-5000|1|4|
5314|19|5001-10000|3|2|
5315|10|0-500|2|3|
5316|4|0-500|0|2|
5317|5|0-500|3|2|
5318|7|10001+|0|2|
5319|1|501-1000|4|3|
5320|15|10001+|2|4|
5321|12|1001-5000|3|4|
5322|6|5001-10000|2|1|
5323|13|1001-5000|3|1|
5324|10|1001-5000|5|2|
5325|1|5001-10000|2|0|
5326|10|1001-5000|3|3|
5327|12|501-1000|3|0|
5328|8|5001-10000|0|1|
5329|6|1001-5000|4|2|
5330|1|501-1000|4|0|
5331|15|0-500|0|0|
5332|20|501-1000|0|3|
5333|8|5001-10000|4|2|
5334|17|1001-5000|3|2|
5335|3|5001-10000|3|3|
5336|18|501-1000|0|4|
5337|3|5001-10000|3|4|
5338|16|0-500|0|2|
5339|15|10001+|5|1|
5340|4|10001+|0|3|
5341|19|1001-5000|0|1|
5342|5|5001-10000|4|2|
5343|4|1001-5000|5|3|
5344|6|0-500|4|0|
5345|12|501-1000|1|0|
5346|5|501-1000|0|4|
5347|16|0-500|1|0|
5348|6|0-500|1|2|
5349|10|1001-5000|0|0|
5350|20|501-1000|2|2|
5351|3|5001-10000|1|1|
5352|15|501-1000|1|2|
5353|19|0-500|3|0|
5354|19|5001-10000|2|3|
5355|8|5001-10000|2|0|
5356|19|1001-5000|5|3|
5357|7|1001-5000|1|1|
5358|7|0-500|5|4|
5359|12|501-1000|0|0|
5360|2|501-1000|4|3|
5361|13|0-500|5|2|
5362|18|0-500|5|2|
5363|5|5001-10000|4|3|
5364|20|10001+|0|3|
5365|1|5001-10000|0|3|
5366|20|5001-10000|5|3|
5367|2|10001+|0|4|
5368|11|1001-5000|0|0|
5369|13|5001-10000|0|3|
5370|5|10001+|3|0|
5371|13|5001-10000|5|4|
5372|4|10001+|5|1|
5373|6|501-1000|0|1|
5374|18|5001-10000|3|0|
5375|6|5001-10000|2|2|
5376|15|0-500|0|1|
5377|17|5001-10000|1|2|
5378|7|0-500|4|0|
5379|14|1001-5000|3|3|
5380|4|1001-5000|5|3|
5381|3|1001-5000|3|1|
5382|18|10001+|1|0|
5383|1|10001+|3|0|
5384|7|10001+|2|0|
5385|12|1001-5000|1|3|
5386|13|5001-10000|1|3|
5387|14|0-500|2|2|
5388|16|10001+|1|0|
5389|14|10001+|2|4|
5390|14|501-1000|4|1|
5391|3|5001-10000|2|3|
5392|6|1001-5000|4|0|
5393|10|5001-10000|0|1|
5394|2|5001-10000|2|3|
5395|7|0-500|1|4|
5396|5|0-500|3|3|
5397|13|501-1000|3|4|
5398|17|0-500|4|4|
5399|2|1001-5000|5|1|
5400|4|1001-5000|3|1|
5401|7|0-500|2|0|
5402|16|10001+|3|3|
5403|3|501-1000|3|4|
5404|3|1001-5000|5|0|
5405|4|0-500|1|1|
5406|3|1001-5000|5|3|
5407|16|501-1000|2|1|
5408|17|0-500|2|3|
5409|18|1001-5000|3|2|
5410|15|5001-10000|2|0|
5411|18|501-1000|1|1|
5412|13|0-500|2|3|
5413|9|501-1000|2|4|
5414|14|501-1000|4|2|
5415|1|10001+|3|3|
5416|6|501-1000|0|4|
5417|13|10001+|1|1|
5418|7|10001+|3|4|
5419|16|0-500|4|1|
5420|5|10001+|5|4|
5421|13|5001-10000|4|4|
5422|19|501-1000|0|2|
5423|20|10001+|3|1|
5424|9|10001+|0|4|
5425|14|5001-10000|5|1|
5426|14|1001-5000|5|2|
5427|9|1001-5000|3|0|
5428|17|10001+|1|0|
5429|12|5001-10000|0|1|
5430|6|0-500|4|4|
5431|12|5001-10000|1|0|
5432|17|0-500|0|1|
5433|2|0-500|4|4|
5434|18|501-1000|5|4|
5435|8|0-500|5|4|
5436|20|0-500|3|4|
5437|8|1001-5000|0|1|
5438|15|1001-5000|5|4|
5439|2|10001+|3|3|
5440|6|1001-5000|5|2|
5441|10|0-500|3|2|
5442|13|10001+|5|4|
5443|4|1001-5000|1|4|
5444|12|5001-10000|4|0|
5445|9|10001+|2|0|
5446|10|5001-10000|4|2|
5447|20|1001-5000|0|2|
5448|14|501-1000|3|3|
5449|11|1001-5000|5|1|
5450|8|1001-5000|0|0|
5451|2|10001+|0|1|
5452|8|10001+|2|1|
5453|13|501-1000|3|3|
5454|11|10001+|3|3|
5455|10|501-1000|4|3|
5456|2|0-500|4|1|
5457|8|1001-5000|1|2|
5458|17|5001-10000|4|1|
5459|13|501-1000|5|1|
5460|3|1001-5000|3|3|
5461|9|501-1000|5|4|
5462|20|1001-5000|1|1|
5463|6|0-500|0|4|
5464|7|10001+|4|0|
5465|12|5001-10000|4|2|
5466|5|501-1000|0|0|
5467|17|5001-10000|1|3|
5468|13|1001-5000|3|2|
5469|5|0-500|5|2|
5470|10|5001-10000|2|1|
5471|13|0-500|5|3|
5472|17|5001-10000|1|2|
5473|15|5001-10000|4|2|
5474|11|0-500|4|0|
5475|13|5001-10000|1|2|
5476|1|501-1000|0|0|
5477|8|10001+|4|2|
5478|15|0-500|0|1|
5479|19|5001-10000|0|2|
5480|18|5001-10000|2|2|
5481|1|0-500|4|4|
5482|2|5001-10000|4|2|
5483|14|10001+|5|0|
5484|13|1001-5000|4|3|
5485|18|10001+|3|2|
5486|17|10001+|3|1|
5487|20|501-1000|5|3|
5488|4|0-500|4|0|
5489|16|5001-10000|2|0|
5490|5|1001-5000|5|2|
5491|14|5001-10000|5|2|
5492|17|1001-5000|5|2|
5493|12|5001-10000|2|4|
5494|12|5001-10000|4|4|
5495|6|1001-5000|5|2|
5496|4|1001-5000|4|3|
5497|19|0-500|2|4|
5498|6|5001-10000|1|1|
5499|13|10001+|2|0|
5500|17|501-1000|1|1|
5501|15|0-500|4|1|
5502|2|501-1000|1|1|
5503|11|0-500|2|1|
5504|11|501-1000|1|2|
5505|16|501-1000|1|0|
5506|6|0-500|2|1|
5507|6|5001-10000|5|3|
5508|4|1001-5000|4|3|
5509|6|501-1000|1|0|
5510|1|5001-10000|2|4|
5511|3|10001+|0|4|
5512|17|1001-5000|0|1|
5513|16|1001-5000|3|4|
5514|3|1001-5000|0|0|
5515|11|10001+|1|2|
5516|8|501-1000|2|0|
5517|9|1001-5000|2|0|
5518|17|10001+|4|0|
5519|11|0-500|5|0|
5520|16|501-1000|0|3|
5521|6|10001+|1|2|
5522|6|10001+|1|1|
5523|12|1001-5000|1|2|
5524|10|0-500|2|2|
5525|10|10001+|1|3|
5526|8|0-500|0|3|
5527|2|5001-10000|0|4|
5528|9|1001-5000|4|3|
5529|12|1001-5000|4|4|
5530|15|501-1000|0|4|
5531|17|0-500|2|0|
5532|12|1001-5000|1|2|
5533|9|10001+|1|0|
5534|2|10001+|4|4|
5535|10|10001+|2|4|
5536|6|1001-5000|1|3|
5537|18|10001+|2|4|
5538|1|5001-10000|0|1|
5539|4|10001+|5|3|
5540|11|501-1000|5|2|
5541|9|501-1000|3|2|
5542|6|5001-10000|0|3|
5543|5|501-1000|2|1|
5544|3|5001-10000|3|4|
5545|10|1001-5000|0|1|
5546|17|1001-5000|3|1|
5547|12|1001-5000|5|4|
5548|6|1001-5000|4|3|
5549|2|501-1000|1|4|
5550|15|1001-5000|2|3|
5551|11|0-500|0|0|
5552|3|1001-5000|4|3|
5553|2|5001-10000|1|4|
5554|19|1001-5000|1|1|
5555|16|5001-10000|0|4|
5556|13|0-500|0|4|
5557|9|501-1000|5|4|
5558|5|1001-5000|0|3|
5559|5|10001+|1|4|
5560|16|5001-10000|3|2|
5561|13|5001-10000|0|3|
5562|9|0-500|2|1|
5563|14|1001-5000|1|0|
5564|1|0-500|2|3|
5565|12|1001-5000|3|0|
5566|16|1001-5000|4|2|
5567|4|1001-5000|4|3|
5568|18|1001-5000|3|4|
5569|17|501-1000|1|2|
5570|9|0-500|3|1|
5571|12|501-1000|0|4|
5572|4|0-500|3|2|
5573|8|10001+|4|2|
5574|20|1001-5000|2|1|
5575|18|0-500|0|2|
5576|5|501-1000|1|1|
5577|20|0-500|5|4|
5578|5|501-1000|3|2|
5579|13|0-500|4|1|
5580|6|10001+|3|0|
5581|18|501-1000|3|1|
5582|15|1001-5000|2|3|
5583|7|5001-10000|0|4|
5584|16|0-500|5|3|
5585|11|501-1000|4|0|
5586|12|501-1000|2|0|
5587|7|10001+|2|4|
5588|1|10001+|2|3|
5589|8|0-500|5|2|
5590|12|5001-10000|3|3|
5591|13|1001-5000|1|4|
5592|13|5001-10000|0|2|
5593|16|5001-10000|0|3|
5594|18|501-1000|0|4|
5595|2|10001+|4|2|
5596|19|1001-5000|0|4|
5597|5|5001-10000|3|4|
5598|1|501-1000|3|4|
5599|13|10001+|4|4|
5600|10|501-1000|4|3|
5601|7|5001-10000|2|4|
5602|16|0-500|1|0|
5603|17|0-500|0|3|
5604|14|0-500|2|2|
5605|15|501-1000|1|1|
5606|20|10001+|5|1|
5607|4|1001-5000|1|4|
5608|6|5001-10000|2|3|
5609|8|10001+|4|3|
5610|4|501-1000|4|1|
5611|15|10001+|5|2|
5612|9|10001+|4|3|
5613|2|10001+|3|3|
5614|9|0-500|0|0|
5615|9|0-500|4|1|
5616|10|0-500|3|3|
5617|13|1001-5000|5|1|
5618|17|501-1000|2|1|
5619|12|5001-10000|1|0|
5620|6|1001-5000|5|3|
5621|15|0-500|5|4|
5622|19|501-1000|1|4|
5623|5|5001-10000|2|4|
5624|18|501-1000|3|2|
5625|15|1001-5000|4|2|
5626|16|0-500|2|0|
5627|8|5001-10000|1|2|
5628|19|5001-10000|0|4|
5629|8|0-500|2|2|
5630|16|1001-5000|5|1|
5631|6|10001+|1|2|
5632|19|1001-5000|1|3|
5633|12|0-500|0|0|
5634|5|5001-10000|2|4|
5635|2|0-500|3|1|
5636|12|0-500|5|0|
5637|5|501-1000|1|1|
5638|15|1001-5000|4|2|
5639|15|10001+|1|2|
5640|17|10001+|4|3|
5641|12|10001+|1|4|
5642|15|1001-5000|5|1|
5643|17|0-500|3|3|
5644|3|10001+|1|3|
5645|15|5001-10000|5|2|
5646|19|501-1000|2|3|
5647|2|5001-10000|0|0|
5648|20|0-500|2|3|
5649|1|10001+|1|0|
5650|1|501-1000|1|1|
5651|20|5001-10000|0|2|
5652|2|1001-5000|3|3|
5653|2|5001-10000|1|0|
5654|19|10001+|2|3|
5655|3|1001-5000|5|2|
5656|2|0-500|5|3|
5657|7|501-1000|2|3|
5658|18|10001+|5|4|
5659|10|10001+|4|1|
5660|12|10001+|2|3|
5661|5|0-500|5|4|
5662|18|5001-10000|2|0|
5663|19|501-1000|5|1|
5664|20|5001-10000|2|3|
5665|9|0-500|0|0|
5666|12|1001-5000|2|4|
5667|11|0-500|2|1|
5668|13|10001+|5|3|
5669|16|501-1000|2|2|
5670|9|5001-10000|5|2|
5671|1|10001+|5|3|
5672|8|0-500|4|2|
5673|8|1001-5000|5|0|
5674|17|501-1000|3|0|
5675|7|501-1000|4|1|
5676|13|10001+|3|4|
5677|19|501-1000|5|1|
5678|1|10001+|5|3|
5679|7|0-500|1|3|
5680|16|501-1000|4|3|
5681|11|0-500|4|2|
5682|17|501-1000|4|2|
5683|4|5001-10000|0|1|
5684|17|1001-5000|5|3|
5685|11|5001-10000|1|0|
5686|3|0-500|4|2|
5687|13|10001+|1|1|
5688|4|0-500|5|4|
5689|20|5001-10000|3|3|
5690|20|1001-5000|0|4|
5691|15|10001+|3|4|
5692|3|10001+|0|2|
5693|9|0-500|2|2|
5694|18|10001+|2|1|
5695|19|501-1000|3|2|
5696|7|501-1000|3|3|
5697|15|0-500|3|4|
5698|15|0-500|3|0|
5699|5|5001-10000|5|2|
5700|8|0-500|4|1|
5701|13|0-500|4|2|
5702|4|0-500|5|2|
5703|2|10001+|5|2|
5704|17|5001-10000|4|3|
5705|4|10001+|3|3|
5706|5|501-1000|1|1|
5707|19|1001-5000|4|4|
5708|13|0-500|0|3|
5709|8|5001-10000|1|1|
5710|14|10001+|1|0|
5711|9|5001-10000|2|3|
5712|9|0-500|2|4|
5713|20|10001+|1|4|
5714|5|501-1000|5|2|
5715|4|5001-10000|1|0|
5716|16|1001-5000|5|1|
5717|6|0-500|2|1|
5718|20|501-1000|0|4|
5719|19|10001+|3|4|
5720|2|1001-5000|0|0|
5721|16|501-1000|1|3|
5722|9|5001-10000|1|2|
5723|10|501-1000|0|4|
5724|8|1001-5000|2|1|
5725|6|501-1000|0|2|
5726|17|1001-5000|3|4|
5727|2|501-1000|1|2|
5728|19|0-500|1|1|
5729|14|1001-5000|0|3|
5730|9|5001-10000|3|3|
5731|6|0-500|2|1|
5732|2|1001-5000|0|2|
5733|1|5001-10000|2|4|
5734|1|10001+|4|3|
5735|16|501-1000|3|1|
5736|19|10001+|5|3|
5737|6|10001+|3|4|
5738|19|501-1000|3|4|
5739|8|1001-5000|0|3|
5740|10|0-500|2|2|
5741|15|0-500|0|3|
5742|7|1001-5000|3|0|
5743|15|10001+|0|3|
5744|6|0-500|2|3|
5745|9|5001-10000|0|4|
5746|11|1001-5000|1|4|
5747|15|501-1000|4|0|
5748|18|5001-10000|0|4|
5749|7|1001-5000|1|1|
5750|4|0-500|5|1|
5751|18|501-1000|2|4|
5752|18|10001+|0|3|
5753|9|501-1000|4|2|
5754|16|10001+|5|2|
5755|19|10001+|3|2|
5756|9|10001+|2|2|
5757|6|10001+|3|1|
5758|1|5001-10000|3|4|
5759|5|0-500|3|2|
5760|11|1001-5000|0|1|
5761|3|10001+|2|3|
5762|11|5001-10000|5|3|
5763|19|5001-10000|5|4|
5764|7|5001-10000|0|1|
5765|10|501-1000|5|2|
5766|12|501-1000|2|0|
5767|16|5001-10000|4|1|
5768|11|1001-5000|2|0|
5769|7|5001-10000|5|0|
5770|16|0-500|0|2|
5771|6|1001-5000|2|3|
5772|2|1001-5000|2|3|
5773|2|501-1000|4|1|
5774|3|0-500|2|3|
5775|5|5001-10000|1|1|
5776|2|1001-5000|4|0|
5777|14|5001-10000|3|3|
5778|14|5001-10000|2|3|
5779|11|5001-10000|5|3|
5780|4|5001-10000|3|1|
5781|2|1001-5000|4|3|
5782|5|501-1000|1|4|
5783|19|501-1000|3|2|
5784|5|5001-10000|0|4|
5785|18|5001-10000|0|0|
5786|8|501-1000|2|4|
5787|16|5001-10000|1|1|
5788|17|10001+|4|4|
5789|9|501-1000|2|4|
5790|19|1001-5000|0|3|
5791|12|501-1000|3|0|
5792|16|0-500|1|1|
5793|16|1001-5000|1|0|
5794|12|501-1000|3|4|
5795|16|501-1000|1|4|
5796|18|501-1000|1|0|
5797|20|0-500|3|2|
5798|2|1001-5000|3|1|
5799|2|10001+|5|0|
5800|20|501-1000|0|3|
5801|12|5001-10000|1|2|
5802|18|501-1000|2|3|
5803|14|501-1000|5|3|
5804|5|0-500|5|1|
5805|13|0-500|1|2|
5806|15|10001+|2|1|
5807|13|0-500|2|3|
5808|6|5001-10000|1|0|
5809|17|1001-5000|4|2|
5810|18|1001-5000|1|0|
5811|1|501-1000|4|0|
5812|16|1001-5000|1|4|
5813|17|5001-10000|2|2|
5814|9|501-1000|0|4|
5815|2|0-500|3|3|
5816|16|5001-10000|5|1|
5817|12|501-1000|0|2|
5818|20|0-500|5|3|
5819|13|5001-10000|0|2|
5820|7|5001-10000|0|4|
5821|1|501-1000|3|2|
5822|17|501-1000|1|3|
5823|14|501-1000|5|3|
5824|10|10001+|4|2|
5825|10|1001-5000|4|3|
5826|14|5001-10000|0|2|
5827|13|1001-5000|5|2|
5828|12|5001-10000|0|4|
5829|10|5001-10000|1|0|
5830|16|5001-10000|5|3|
5831|9|5001-10000|4|1|
5832|4|5001-10000|3|1|
5833|3|0-500|3|2|
5834|7|10001+|0|1|
5835|17|1001-5000|0|1|
5836|11|0-500|3|1|
5837|16|5001-10000|2|0|
5838|1|501-1000|2|1|
5839|13|0-500|4|0|
5840|20|10001+|5|3|
5841|15|10001+|2|1|
5842|2|0-500|2|1|
5843|13|0-500|0|2|
5844|16|0-500|3|3|
5845|2|5001-10000|5|4|
5846|10|501-1000|3|4|
5847|3|501-1000|1|4|
5848|18|5001-10000|0|1|
5849|10|0-500|5|1|
5850|20|1001-5000|5|3|
5851|13|1001-5000|3|0|
5852|6|1001-5000|0|1|
5853|5|5001-10000|4|0|
5854|2|0-500|1|4|
5855|15|501-1000|3|0|
5856|20|0-500|1|3|
5857|2|1001-5000|4|4|
5858|1|501-1000|3|4|
5859|12|10001+|5|3|
5860|14|501-1000|1|0|
5861|15|5001-10000|3|4|
5862|10|1001-5000|4|0|
5863|4|0-500|0|3|
5864|11|501-1000|5|0|
5865|13|5001-10000|1|1|
5866|10|0-500|1|3|
5867|11|0-500|5|3|
5868|18|1001-5000|4|3|
5869|6|5001-10000|0|1|
5870|2|10001+|2|1|
5871|4|5001-10000|1|0|
5872|14|501-1000|0|1|
5873|11|1001-5000|4|3|
5874|11|1001-5000|5|0|
5875|18|501-1000|1|4|
5876|8|0-500|0|2|
5877|7|0-500|5|4|
5878|2|1001-5000|3|0|
5879|7|10001+|5|1|
5880|6|1001-5000|0|1|
5881|13|5001-10000|4|4|
5882|18|5001-10000|4|2|
5883|8|1001-5000|2|1|
5884|8|5001-10000|1|1|
5885|20|10001+|2|0|
5886|5|1001-5000|1|2|
5887|16|10001+|3|4|
5888|19|501-1000|4|0|
5889|17|10001+|3|0|
5890|7|0-500|1|3|
5891|7|0-500|2|4|
5892|12|1001-5000|4|3|
5893|19|501-1000|0|2|
5894|1|501-1000|5|2|
5895|2|501-1000|3|0|
5896|18|501-1000|4|2|
5897|3|501-1000|1|3|
5898|10|501-1000|0|3|
5899|11|5001-10000|2|3|
5900|20|501-1000|5|0|
5901|15|501-1000|5|4|
5902|15|10001+|2|3|
5903|20|501-1000|5|2|
5904|18|10001+|3|1|
5905|6|5001-10000|2|4|
5906|8|5001-10000|1|0|
5907|12|5001-10000|1|4|
5908|5|10001+|1|0|
5909|8|501-1000|3|2|
5910|20|1001-5000|5|1|
5911|5|1001-5000|4|0|
5912|13|10001+|2|3|
5913|11|1001-5000|5|0|
5914|19|10001+|0|0|
5915|16|5001-10000|1|2|
5916|13|5001-10000|1|2|
5917|16|501-1000|2|3|
5918|3|10001+|4|0|
5919|17|10001+|4|1|
5920|3|5001-10000|2|3|
5921|15|1001-5000|5|3|
5922|4|0-500|0|0|
5923|10|501-1000|2|0|
5924|15|5001-10000|5|1|
5925|13|0-500|5|1|
5926|11|5001-10000|5|0|
5927|20|1001-5000|5|1|
5928|3|5001-10000|1|2|
5929|12|5001-10000|1|1|
5930|6|0-500|3|2|
5931|20|10001+|2|0|
5932|14|10001+|3|4|
5933|19|501-1000|4|1|
5934|6|5001-10000|3|0|
5935|17|5001-10000|2|1|
5936|18|5001-10000|2|1|
5937|17|0-500|4|4|
5938|5|10001+|3|4|
5939|18|501-1000|0|4|
5940|12|1001-5000|5|3|
5941|3|0-500|2|1|
5942|8|5001-10000|1|2|
5943|7|5001-10000|1|3|
5944|6|0-500|4|4|
5945|7|0-500|3|3|
5946|9|501-1000|5|2|
5947|8|1001-5000|3|0|
5948|9|1001-5000|0|3|
5949|17|5001-10000|3|0|
5950|17|10001+|1|1|
5951|18|0-500|4|3|
5952|5|5001-10000|4|1|
5953|5|501-1000|5|1|
5954|12|1001-5000|2|4|
5955|6|501-1000|5|2|
5956|12|10001+|4|1|
5957|3|501-1000|0|2|
5958|12|0-500|2|0|
5959|10|5001-10000|2|3|
5960|18|1001-5000|3|0|
5961|17|5001-10000|0|4|
5962|13|501-1000|0|2|
5963|12|10001+|5|4|
5964|20|5001-10000|2|3|
5965|7|1001-5000|5|1|
5966|10|0-500|2|1|
5967|15|0-500|2|1|
5968|9|0-500|1|2|
5969|12|1001-5000|3|2|
5970|7|501-1000|0|4|
5971|20|0-500|2|0|
5972|3|1001-5000|3|1|
5973|10|501-1000|3|3|
5974|13|501-1000|2|1|
5975|4|501-1000|3|4|
5976|19|10001+|3|3|
5977|15|501-1000|4|1|
5978|9|10001+|1|4|
5979|10|10001+|1|1|
5980|4|10001+|5|0|
5981|18|1001-5000|4|2|
5982|10|1001-5000|0|2|
5983|6|5001-10000|4|1|
5984|4|10001+|4|1|
5985|4|501-1000|2|1|
5986|20|10001+|2|2|
5987|19|5001-10000|5|4|
5988|17|0-500|2|0|
5989|13|0-500|5|1|
5990|8|0-500|3|1|
5991|12|0-500|1|1|
5992|17|10001+|2|2|
5993|3|0-500|4|0|
5994|7|1001-5000|2|4|
5995|8|0-500|5|2|
5996|14|10001+|0|1|
5997|4|0-500|4|3|
5998|5|1001-5000|4|2|
5999|12|0-500|4|0|
6000|12|5001-10000|5|1|
6001|5|501-1000|1|3|
6002|15|10001+|1|0|
6003|8|1001-5000|5|2|
6004|6|10001+|3|2|
6005|18|501-1000|4|4|
6006|11|10001+|1|4|
6007|16|0-500|0|0|
6008|1|501-1000|0|4|
6009|16|501-1000|0|2|
6010|9|5001-10000|1|4|
6011|14|1001-5000|3|2|
6012|12|0-500|0|2|
6013|11|5001-10000|3|3|
6014|18|0-500|3|2|
6015|20|10001+|5|3|
6016|7|501-1000|0|2|
6017|5|5001-10000|2|0|
6018|19|0-500|4|1|
6019|5|501-1000|0|1|
6020|2|10001+|5|4|
6021|1|501-1000|1|0|
6022|12|0-500|1|1|
6023|4|5001-10000|2|2|
6024|14|501-1000|4|2|
6025|5|0-500|5|1|
6026|2|1001-5000|5|1|
6027|17|501-1000|2|3|
6028|4|501-1000|5|1|
6029|7|1001-5000|1|2|
6030|7|10001+|1|4|
6031|2|1001-5000|2|3|
6032|17|5001-10000|3|0|
6033|17|0-500|1|3|
6034|13|501-1000|5|0|
6035|6|501-1000|4|4|
6036|7|501-1000|3|4|
6037|12|0-500|3|0|
6038|1|10001+|5|1|
6039|5|1001-5000|1|1|
6040|19|501-1000|0|2|
6041|8|1001-5000|5|4|
6042|6|1001-5000|1|2|
6043|15|1001-5000|3|2|
6044|20|10001+|3|4|
6045|2|10001+|2|1|
6046|4|10001+|2|2|
6047|6|5001-10000|3|2|
6048|14|0-500|3|2|
6049|3|501-1000|4|4|
6050|20|10001+|4|2|
6051|7|501-1000|4|1|
6052|16|5001-10000|1|2|
6053|8|1001-5000|5|0|
6054|14|0-500|2|0|
6055|1|5001-10000|4|2|
6056|9|1001-5000|3|0|
6057|12|5001-10000|4|3|
6058|20|0-500|4|0|
6059|10|501-1000|5|3|
6060|12|0-500|5|3|
6061|19|0-500|5|2|
6062|15|1001-5000|5|4|
6063|5|1001-5000|4|2|
6064|10|10001+|0|4|
6065|4|0-500|5|3|
6066|16|501-1000|4|1|
6067|2|0-500|2|4|
6068|20|5001-10000|3|4|
6069|4|1001-5000|5|2|
6070|9|10001+|2|0|
6071|18|5001-10000|0|1|
6072|2|5001-10000|2|1|
6073|11|5001-10000|0|2|
6074|17|5001-10000|2|1|
6075|7|1001-5000|4|3|
6076|16|5001-10000|5|3|
6077|15|501-1000|2|0|
6078|4|0-500|1|0|
6079|3|0-500|2|1|
6080|17|1001-5000|5|3|
6081|7|10001+|4|2|
6082|20|501-1000|0|2|
6083|3|5001-10000|0|0|
6084|3|10001+|0|3|
6085|17|5001-10000|5|2|
6086|16|0-500|2|1|
6087|15|501-1000|1|3|
6088|10|10001+|3|1|
6089|11|0-500|1|2|
6090|11|10001+|0|3|
6091|1|10001+|0|0|
6092|3|501-1000|1|2|
6093|13|501-1000|0|0|
6094|3|10001+|4|4|
6095|2|5001-10000|5|3|
6096|16|501-1000|5|0|
6097|12|10001+|1|0|
6098|4|0-500|0|1|
6099|5|5001-10000|0|4|
6100|17|501-1000|3|3|
6101|15|10001+|4|2|
6102|1|501-1000|0|1|
6103|11|1001-5000|3|1|
6104|11|0-500|4|1|
6105|6|0-500|3|1|
6106|16|10001+|2|3|
6107|19|0-500|1|0|
6108|19|5001-10000|5|2|
6109|14|1001-5000|5|1|
6110|2|10001+|3|3|
6111|6|1001-5000|5|1|
6112|18|10001+|0|1|
6113|19|1001-5000|1|1|
6114|13|1001-5000|3|0|
6115|15|501-1000|2|1|
6116|14|501-1000|5|4|
6117|13|5001-10000|5|2|
6118|15|1001-5000|2|2|
6119|19|5001-10000|5|0|
6120|3|1001-5000|2|3|
6121|15|5001-10000|4|1|
6122|9|0-500|5|1|
6123|1|501-1000|5|0|
6124|16|10001+|4|4|
6125|3|10001+|5|0|
6126|13|501-1000|4|3|
6127|15|1001-5000|0|4|
6128|18|1001-5000|4|0|
6129|5|0-500|4|0|
6130|8|0-500|5|2|
6131|14|501-1000|0|1|
6132|5|10001+|0|3|
6133|13|5001-10000|1|2|
6134|11|501-1000|2|3|
6135|3|5001-10000|4|3|
6136|7|10001+|2|1|
6137|11|10001+|3|2|
6138|14|0-500|3|2|
6139|5|1001-5000|5|1|
6140|20|501-1000|2|0|
6141|2|5001-10000|2|2|
6142|1|0-500|2|4|
6143|2|10001+|5|0|
6144|18|10001+|0|3|
6145|9|5001-10000|2|4|
6146|10|1001-5000|2|3|
6147|8|10001+|3|4|
6148|11|501-1000|5|3|
6149|7|501-1000|4|4|
6150|5|501-1000|4|1|
6151|3|10001+|1|3|
6152|15|10001+|3|3|
6153|12|10001+|4|1|
6154|19|10001+|5|0|
6155|6|0-500|3|0|
6156|19|501-1000|0|3|
6157|4|10001+|2|1|
6158|10|501-1000|0|3|
6159|20|10001+|5|0|
6160|13|501-1000|5|0|
6161|4|1001-5000|3|0|
6162|19|1001-5000|4|0|
6163|19|0-500|4|0|
6164|1|1001-5000|0|1|
6165|7|5001-10000|2|1|
6166|13|1001-5000|5|4|
6167|6|501-1000|5|1|
6168|4|501-1000|5|3|
6169|10|501-1000|4|1|
6170|13|10001+|2|3|
6171|13|501-1000|3|1|
6172|4|10001+|0|2|
6173|5|501-1000|1|3|
6174|14|501-1000|3|4|
6175|10|5001-10000|2|0|
6176|17|501-1000|1|2|
6177|18|501-1000|1|3|
6178|14|10001+|2|2|
6179|5|0-500|1|1|
6180|3|501-1000|2|2|
6181|16|0-500|5|2|
6182|3|501-1000|1|3|
6183|5|0-500|5|1|
6184|1|5001-10000|4|2|
6185|8|1001-5000|2|4|
6186|4|5001-10000|5|4|
6187|9|0-500|3|2|
6188|19|501-1000|5|2|
6189|17|501-1000|4|3|
6190|7|501-1000|3|1|
6191|15|501-1000|2|2|
6192|20|0-500|4|3|
6193|17|10001+|0|4|
6194|11|10001+|4|3|
6195|6|1001-5000|3|1|
6196|10|1001-5000|3|3|
6197|1|0-500|3|0|
6198|11|10001+|1|2|
6199|8|1001-5000|3|3|
6200|2|10001+|5|4|
6201|12|0-500|2|1|
6202|5|5001-10000|2|3|
6203|3|501-1000|5|4|
6204|13|501-1000|5|3|
6205|5|0-500|1|4|
6206|10|0-500|0|1|
6207|11|1001-5000|5|3|
6208|5|5001-10000|5|2|
6209|2|10001+|0|1|
6210|4|5001-10000|2|3|
6211|18|501-1000|4|4|
6212|16|5001-10000|4|1|
6213|11|0-500|0|2|
6214|20|1001-5000|0|0|
6215|16|0-500|1|4|
6216|11|0-500|5|2|
6217|16|1001-5000|3|1|
6218|13|1001-5000|2|2|
6219|2|10001+|4|3|
6220|8|1001-5000|3|1|
6221|11|501-1000|0|4|
6222|9|501-1000|3|0|
6223|1|5001-10000|3|4|
6224|16|5001-10000|5|4|
6225|3|0-500|5|4|
6226|8|1001-5000|3|2|
6227|4|1001-5000|5|3|
6228|16|5001-10000|1|3|
6229|19|501-1000|4|1|
6230|8|10001+|0|3|
6231|1|10001+|5|1|
6232|3|1001-5000|3|2|
6233|4|5001-10000|3|4|
6234|13|1001-5000|4|2|
6235|13|1001-5000|5|2|
6236|8|10001+|0|0|
6237|4|501-1000|5|3|
6238|15|0-500|3|4|
6239|17|10001+|2|1|
6240|8|10001+|3|3|
6241|13|0-500|1|3|
6242|16|1001-5000|5|3|
6243|11|10001+|1|3|
6244|3|501-1000|0|1|
6245|6|501-1000|2|3|
6246|3|0-500|1|3|
6247|1|1001-5000|3|2|
6248|4|501-1000|1|3|
6249|5|10001+|2|0|
6250|15|1001-5000|5|3|
6251|10|10001+|5|3|
6252|3|501-1000|1|3|
6253|5|501-1000|2|4|
6254|4|1001-5000|5|1|
6255|8|0-500|2|0|
6256|4|0-500|0|4|
6257|19|10001+|3|2|
6258|13|1001-5000|4|1|
6259|18|5001-10000|0|2|
6260|4|1001-5000|3|2|
6261|17|5001-10000|5|3|
6262|16|5001-10000|1|3|
6263|11|501-1000|4|4|
6264|16|0-500|3|1|
6265|11|1001-5000|2|1|
6266|3|501-1000|5|3|
6267|6|0-500|5|2|
6268|6|1001-5000|3|0|
6269|13|10001+|4|3|
6270|5|501-1000|2|4|
6271|4|1001-5000|2|2|
6272|14|5001-10000|1|1|
6273|18|10001+|1|2|
6274|12|0-500|4|3|
6275|16|501-1000|5|0|
6276|6|10001+|5|3|
6277|8|0-500|1|1|
6278|8|501-1000|2|4|
6279|7|1001-5000|5|3|
6280|17|10001+|2|2|
6281|7|0-500|3|0|
6282|20|501-1000|5|0|
6283|13|5001-10000|2|3|
6284|9|1001-5000|4|0|
6285|19|0-500|0|0|
6286|5|5001-10000|4|4|
6287|7|1001-5000|4|1|
6288|5|1001-5000|4|1|
6289|4|501-1000|0|2|
6290|6|10001+|3|1|
6291|18|0-500|4|1|
6292|8|501-1000|0|3|
6293|14|10001+|1|3|
6294|3|501-1000|2|1|
6295|15|10001+|5|2|
6296|8|501-1000|0|1|
6297|2|1001-5000|4|1|
6298|14|501-1000|5|4|
6299|3|501-1000|3|3|
6300|1|501-1000|4|4|
6301|1|5001-10000|4|1|
6302|7|5001-10000|5|4|
6303|12|5001-10000|2|0|
6304|17|0-500|4|3|
6305|12|1001-5000|4|4|
6306|18|1001-5000|1|3|
6307|10|0-500|3|0|
6308|15|10001+|2|1|
6309|5|10001+|4|1|
6310|16|501-1000|3|2|
6311|14|1001-5000|5|4|
6312|6|501-1000|5|4|
6313|6|5001-10000|1|1|
6314|13|501-1000|0|1|
6315|2|1001-5000|5|0|
6316|1|10001+|2|4|
6317|20|10001+|0|3|
6318|11|1001-5000|3|2|
6319|6|10001+|4|1|
6320|11|5001-10000|4|3|
6321|7|501-1000|0|0|
6322|12|5001-10000|4|4|
6323|1|0-500|0|1|
6324|11|0-500|4|4|
6325|3|501-1000|0|4|
6326|12|0-500|1|4|
6327|1|1001-5000|1|1|
6328|20|501-1000|1|3|
6329|16|1001-5000|3|3|
6330|8|10001+|3|4|
6331|15|1001-5000|2|3|
6332|19|10001+|4|1|
6333|8|0-500|1|1|
6334|3|1001-5000|3|1|
6335|15|1001-5000|1|1|
6336|3|10001+|1|3|
6337|6|1001-5000|2|3|
6338|15|10001+|0|1|
6339|7|5001-10000|0|4|
6340|10|1001-5000|0|3|
6341|16|10001+|5|2|
6342|9|5001-10000|2|0|
6343|18|10001+|3|1|
6344|13|5001-10000|1|4|
6345|9|5001-10000|2|1|
6346|16|0-500|1|0|
6347|13|501-1000|2|2|
6348|18|5001-10000|4|1|
6349|13|1001-5000|3|3|
6350|5|10001+|2|3|
6351|19|5001-10000|1|0|
6352|8|1001-5000|2|2|
6353|2|1001-5000|3|1|
6354|20|10001+|5|1|
6355|11|501-1000|0|3|
6356|9|501-1000|0|0|
6357|14|10001+|5|0|
6358|3|5001-10000|3|1|
6359|1|1001-5000|4|1|
6360|8|1001-5000|2|1|
6361|15|1001-5000|2|3|
6362|15|0-500|2|3|
6363|10|1001-5000|1|1|
6364|4|1001-5000|3|0|
6365|10|10001+|4|2|
6366|19|0-500|0|4|
6367|15|501-1000|1|1|
6368|17|1001-5000|2|3|
6369|10|0-500|5|2|
6370|12|5001-10000|3|1|
6371|12|501-1000|3|4|
6372|8|5001-10000|5|4|
6373|20|0-500|4|1|
6374|18|10001+|1|3|
6375|20|5001-10000|0|4|
6376|11|501-1000|2|2|
6377|17|10001+|4|2|
6378|14|0-500|0|4|
6379|18|5001-10000|3|2|
6380|15|1001-5000|2|2|
6381|4|0-500|1|0|
6382|13|1001-5000|0|3|
6383|4|10001+|3|2|
6384|4|0-500|3|0|
6385|3|0-500|1|1|
6386|12|1001-5000|0|2|
6387|7|10001+|3|0|
6388|13|501-1000|3|0|
6389|11|1001-5000|1|2|
6390|1|5001-10000|5|0|
6391|19|1001-5000|0|1|
6392|11|5001-10000|5|2|
6393|1|10001+|1|4|
6394|2|10001+|3|4|
6395|11|1001-5000|3|4|
6396|10|0-500|4|2|
6397|15|0-500|4|4|
6398|2|5001-10000|1|2|
6399|5|501-1000|0|3|
6400|3|501-1000|2|0|
6401|13|1001-5000|0|1|
6402|11|0-500|4|4|
6403|7|10001+|0|1|
6404|4|5001-10000|5|3|
6405|16|0-500|3|2|
6406|2|501-1000|1|1|
6407|7|10001+|4|3|
6408|1|5001-10000|0|1|
6409|15|0-500|2|1|
6410|20|0-500|3|2|
6411|7|10001+|4|1|
6412|7|501-1000|4|1|
6413|5|5001-10000|0|2|
6414|17|0-500|3|2|
6415|15|1001-5000|4|4|
6416|10|5001-10000|4|2|
6417|7|501-1000|0|0|
6418|18|501-1000|1|3|
6419|7|0-500|1|2|
6420|20|5001-10000|4|4|
6421|14|1001-5000|5|3|
6422|6|501-1000|1|2|
6423|20|501-1000|0|1|
6424|3|1001-5000|3|2|
6425|7|5001-10000|3|3|
6426|8|10001+|5|0|
6427|16|1001-5000|5|1|
6428|2|10001+|2|2|
6429|7|501-1000|1|3|
6430|3|5001-10000|5|1|
6431|11|1001-5000|4|1|
6432|16|0-500|4|0|
6433|8|1001-5000|0|1|
6434|1|10001+|1|1|
6435|1|501-1000|5|2|
6436|5|1001-5000|2|4|
6437|17|501-1000|1|2|
6438|13|10001+|4|4|
6439|6|0-500|2|1|
6440|10|5001-10000|1|1|
6441|14|0-500|3|4|
6442|19|501-1000|1|1|
6443|11|10001+|3|4|
6444|4|501-1000|0|2|
6445|15|1001-5000|1|3|
6446|10|10001+|5|0|
6447|17|10001+|3|0|
6448|14|10001+|2|2|
6449|11|501-1000|4|0|
6450|2|1001-5000|2|4|
6451|2|5001-10000|0|1|
6452|4|501-1000|1|4|
6453|1|1001-5000|2|1|
6454|20|501-1000|5|2|
6455|7|10001+|1|0|
6456|12|1001-5000|3|3|
6457|19|0-500|5|2|
6458|10|0-500|0|4|
6459|16|0-500|3|3|
6460|2|0-500|5|0|
6461|15|501-1000|1|2|
6462|14|5001-10000|2|4|
6463|15|0-500|2|3|
6464|11|5001-10000|2|0|
6465|19|1001-5000|2|3|
6466|9|5001-10000|1|1|
6467|11|10001+|4|2|
6468|10|10001+|5|3|
6469|5|501-1000|1|4|
6470|9|10001+|3|3|
6471|11|5001-10000|5|0|
6472|2|10001+|5|3|
6473|15|1001-5000|4|2|
6474|11|1001-5000|2|3|
6475|9|0-500|4|1|
6476|20|0-500|1|4|
6477|1|10001+|5|0|
6478|20|5001-10000|4|0|
6479|16|5001-10000|0|3|
6480|6|5001-10000|0|0|
6481|1|501-1000|5|4|
6482|15|10001+|5|0|
6483|16|10001+|2|1|
6484|19|0-500|5|4|
6485|1|5001-10000|2|2|
6486|5|1001-5000|1|4|
6487|13|10001+|2|2|
6488|19|5001-10000|1|0|
6489|7|1001-5000|1|0|
6490|5|10001+|4|4|
6491|12|10001+|4|2|
6492|9|501-1000|0|0|
6493|2|0-500|2|0|
6494|4|0-500|0|0|
6495|3|501-1000|0|4|
6496|13|501-1000|5|0|
6497|4|5001-10000|5|1|
6498|9|10001+|1|4|
6499|6|1001-5000|3|0|
6500|8|10001+|1|4|
6501|4|0-500|1|3|
6502|12|5001-10000|1|4|
6503|3|0-500|3|2|
6504|5|5001-10000|2|4|
6505|17|501-1000|0|4|
6506|15|501-1000|5|4|
6507|3|10001+|0|4|
6508|1|1001-5000|0|0|
6509|8|1001-5000|0|4|
6510|8|5001-10000|4|3|
6511|12|501-1000|2|4|
6512|4|501-1000|5|2|
6513|15|1001-5000|2|0|
6514|11|501-1000|5|2|
6515|5|0-500|1|3|
6516|14|5001-10000|1|4|
6517|14|10001+|4|2|
6518|4|501-1000|4|3|
6519|2|1001-5000|3|0|
6520|10|10001+|0|3|
6521|13|1001-5000|0|4|
6522|11|1001-5000|1|1|
6523|12|10001+|1|3|
6524|15|0-500|2|2|
6525|17|1001-5000|5|2|
6526|13|5001-10000|0|3|
6527|1|1001-5000|4|1|
6528|20|0-500|2|0|
6529|16|0-500|2|3|
6530|14|501-1000|4|2|
6531|16|1001-5000|4|1|
6532|13|501-1000|2|0|
6533|3|5001-10000|0|2|
6534|3|0-500|0|2|
6535|12|1001-5000|0|3|
6536|9|0-500|5|0|
6537|6|0-500|3|2|
6538|12|0-500|3|1|
6539|6|1001-5000|2|3|
6540|8|1001-5000|1|3|
6541|14|10001+|3|3|
6542|14|10001+|1|1|
6543|13|5001-10000|4|1|
6544|17|0-500|2|0|
6545|6|1001-5000|5|4|
6546|10|501-1000|4|3|
6547|19|501-1000|0|2|
6548|7|0-500|5|1|
6549|12|0-500|2|0|
6550|18|10001+|4|0|
6551|13|0-500|5|2|
6552|11|1001-5000|1|1|
6553|18|10001+|4|0|
6554|20|5001-10000|4|1|
6555|15|501-1000|1|2|
6556|2|5001-10000|5|2|
6557|4|0-500|4|1|
6558|5|10001+|2|4|
6559|1|1001-5000|2|2|
6560|14|0-500|5|0|
6561|2|0-500|1|2|
6562|12|5001-10000|3|3|
6563|13|501-1000|5|2|
6564|12|0-500|3|0|
6565|7|1001-5000|1|1|
6566|17|0-500|5|0|
6567|5|10001+|1|1|
6568|6|10001+|0|0|
6569|19|10001+|3|4|
6570|1|501-1000|3|3|
6571|5|1001-5000|3|2|
6572|4|501-1000|1|1|
6573|7|0-500|3|1|
6574|7|1001-5000|5|0|
6575|16|501-1000|5|3|
6576|4|0-500|2|0|
6577|2|10001+|3|2|
6578|12|5001-10000|4|0|
6579|18|5001-10000|5|0|
6580|10|501-1000|5|2|
6581|16|0-500|0|0|
6582|2|5001-10000|1|4|
6583|3|10001+|4|2|
6584|20|0-500|4|3|
6585|4|1001-5000|4|1|
6586|12|501-1000|0|3|
6587|12|5001-10000|2|4|
6588|13|1001-5000|1|3|
6589|3|501-1000|0|3|
6590|12|10001+|3|1|
6591|4|1001-5000|0|3|
6592|15|0-500|4|2|
6593|18|5001-10000|3|2|
6594|11|10001+|3|1|
6595|5|1001-5000|3|3|
6596|20|10001+|1|1|
6597|3|501-1000|0|0|
6598|18|1001-5000|1|1|
6599|3|0-500|0|3|
6600|8|5001-10000|3|3|
6601|12|0-500|4|1|
6602|10|501-1000|2|4|
6603|14|1001-5000|4|4|
6604|5|1001-5000|5|2|
6605|6|10001+|2|4|
6606|14|0-500|2|0|
6607|12|501-1000|4|3|
6608|8|0-500|5|4|
6609|15|1001-5000|0|3|
6610|14|1001-5000|5|0|
6611|14|5001-10000|1|3|
6612|18|5001-10000|2|1|
6613|7|5001-10000|4|4|
6614|4|10001+|4|4|
6615|6|1001-5000|3|3|
6616|18|5001-10000|0|4|
6617|5|0-500|4|0|
6618|11|501-1000|2|4|
6619|15|0-500|0|0|
6620|9|5001-10000|3|2|
6621|19|5001-10000|5|0|
6622|2|10001+|5|1|
6623|2|501-1000|2|4|
6624|7|10001+|3|1|
6625|11|10001+|2|3|
6626|14|1001-5000|1|1|
6627|3|10001+|1|4|
6628|18|10001+|3|2|
6629|17|10001+|4|2|
6630|9|0-500|2|0|
6631|8|10001+|4|0|
6632|12|5001-10000|2|0|
6633|15|1001-5000|0|2|
6634|11|10001+|4|2|
6635|7|10001+|0|1|
6636|10|10001+|1|2|
6637|5|5001-10000|5|2|
6638|4|0-500|4|4|
6639|16|5001-10000|1|3|
6640|7|501-1000|2|1|
6641|1|501-1000|2|1|
6642|1|501-1000|4|4|
6643|3|5001-10000|1|4|
6644|13|501-1000|4|3|
6645|11|10001+|1|0|
6646|6|5001-10000|3|3|
6647|5|10001+|5|1|
6648|17|1001-5000|5|0|
6649|7|0-500|3|4|
6650|16|1001-5000|1|4|
6651|14|10001+|5|1|
6652|4|5001-10000|4|4|
6653|9|501-1000|3|4|
6654|6|501-1000|2|2|
6655|2|0-500|3|1|
6656|18|0-500|0|4|
6657|3|5001-10000|1|2|
6658|5|1001-5000|2|0|
6659|16|0-500|1|3|
6660|19|5001-10000|1|4|
6661|10|0-500|0|1|
6662|11|5001-10000|1|3|
6663|3|501-1000|4|3|
6664|13|5001-10000|5|2|
6665|2|0-500|1|1|
6666|17|0-500|0|3|
6667|3|0-500|3|3|
6668|9|5001-10000|2|4|
6669|4|5001-10000|1|4|
6670|8|1001-5000|3|4|
6671|15|0-500|3|3|
6672|2|5001-10000|2|2|
6673|16|501-1000|2|4|
6674|4|10001+|1|1|
6675|11|0-500|1|3|
6676|15|501-1000|0|3|
6677|5|5001-10000|1|1|
6678|18|10001+|0|2|
6679|20|5001-10000|4|3|
6680|12|501-1000|0|3|
6681|10|1001-5000|0|0|
6682|9|5001-10000|1|3|
6683|13|501-1000|2|4|
6684|2|501-1000|1|3|
6685|1|10001+|5|0|
6686|19|5001-10000|3|0|
6687|20|0-500|2|3|
6688|16|0-500|1|3|
6689|4|5001-10000|4|2|
6690|3|5001-10000|0|1|
6691|12|1001-5000|1|2|
6692|4|5001-10000|2|2|
6693|6|10001+|4|3|
6694|11|501-1000|0|3|
6695|5|0-500|2|2|
6696|17|1001-5000|0|4|
6697|10|1001-5000|5|1|
6698|1|5001-10000|2|2|
6699|10|10001+|2|4|
6700|12|501-1000|4|2|
6701|2|501-1000|1|1|
6702|15|0-500|0|3|
6703|19|0-500|3|3|
6704|16|1001-5000|0|4|
6705|18|5001-10000|0|3|
6706|18|1001-5000|0|2|
6707|18|1001-5000|4|3|
6708|19|1001-5000|2|3|
6709|2|10001+|3|2|
6710|4|5001-10000|2|2|
6711|13|1001-5000|2|4|
6712|13|10001+|1|4|
6713|9|0-500|2|2|
6714|17|0-500|4|1|
6715|16|10001+|1|1|
6716|3|5001-10000|4|2|
6717|6|501-1000|3|0|
6718|1|1001-5000|4|1|
6719|11|10001+|0|2|
6720|2|5001-10000|5|2|
6721|17|501-1000|3|2|
6722|7|5001-10000|2|2|
6723|1|0-500|4|1|
6724|11|1001-5000|3|2|
6725|5|5001-10000|3|4|
6726|10|5001-10000|3|1|
6727|19|501-1000|3|2|
6728|16|5001-10000|0|4|
6729|14|1001-5000|5|4|
6730|15|1001-5000|1|2|
6731|7|1001-5000|1|3|
6732|10|0-500|2|0|
6733|3|1001-5000|0|0|
6734|20|501-1000|4|4|
6735|18|501-1000|0|0|
6736|2|10001+|4|3|
6737|2|501-1000|5|1|
6738|19|1001-5000|4|1|
6739|9|10001+|3|2|
6740|11|5001-10000|1|4|
6741|1|1001-5000|1|2|
6742|20|1001-5000|0|0|
6743|11|5001-10000|5|4|
6744|5|5001-10000|1|4|
6745|8|0-500|2|2|
6746|17|10001+|5|2|
6747|1|5001-10000|2|3|
6748|18|5001-10000|0|2|
6749|18|0-500|1|4|
6750|1|1001-5000|2|0|
6751|16|5001-10000|4|3|
6752|13|1001-5000|0|1|
6753|7|5001-10000|0|4|
6754|10|10001+|2|2|
6755|13|1001-5000|4|0|
6756|7|0-500|2|1|
6757|20|5001-10000|4|4|
6758|14|1001-5000|1|4|
6759|5|0-500|2|4|
6760|20|501-1000|2|0|
6761|5|0-500|0|3|
6762|9|1001-5000|4|4|
6763|7|5001-10000|1|4|
6764|1|501-1000|3|3|
6765|9|501-1000|0|3|
6766|12|501-1000|5|1|
6767|5|501-1000|5|3|
6768|5|10001+|5|3|
6769|14|10001+|1|4|
6770|1|5001-10000|1|1|
6771|1|5001-10000|2|0|
6772|18|5001-10000|1|4|
6773|13|5001-10000|0|2|
6774|14|5001-10000|5|0|
6775|14|1001-5000|0|3|
6776|15|1001-5000|1|4|
6777|5|501-1000|4|1|
6778|10|5001-10000|2|0|
6779|9|1001-5000|3|0|
6780|5|501-1000|4|0|
6781|5|0-500|1|2|
6782|8|1001-5000|4|1|
6783|3|1001-5000|4|3|
6784|17|5001-10000|1|2|
6785|11|10001+|4|4|
6786|10|5001-10000|1|1|
6787|4|5001-10000|2|0|
6788|5|1001-5000|3|2|
6789|8|1001-5000|4|1|
6790|6|10001+|5|2|
6791|9|1001-5000|4|1|
6792|1|501-1000|4|4|
6793|11|1001-5000|0|2|
6794|1|501-1000|3|0|
6795|7|0-500|2|3|
6796|6|1001-5000|1|1|
6797|10|1001-5000|4|1|
6798|10|5001-10000|1|3|
6799|3|501-1000|0|2|
6800|17|10001+|5|4|
6801|18|501-1000|2|3|
6802|18|501-1000|0|3|
6803|17|10001+|4|3|
6804|9|0-500|1|2|
6805|12|10001+|5|2|
6806|3|501-1000|0|4|
6807|19|5001-10000|4|2|
6808|10|501-1000|1|1|
6809|13|501-1000|4|4|
6810|13|10001+|0|3|
6811|16|10001+|2|4|
6812|10|5001-10000|0|1|
6813|5|1001-5000|5|3|
6814|17|5001-10000|2|0|
6815|12|10001+|0|2|
6816|20|1001-5000|5|2|
6817|20|0-500|3|1|
6818|8|10001+|1|0|
6819|1|10001+|1|3|
6820|4|10001+|1|2|
6821|1|10001+|4|1|
6822|15|1001-5000|4|3|
6823|16|501-1000|2|0|
6824|5|1001-5000|1|4|
6825|19|0-500|2|4|
6826|16|0-500|3|0|
6827|10|501-1000|0|2|
6828|2|10001+|5|2|
6829|19|5001-10000|0|0|
6830|11|501-1000|0|3|
6831|5|1001-5000|3|4|
6832|2|501-1000|4|0|
6833|4|501-1000|5|3|
6834|10|5001-10000|0|0|
6835|5|10001+|2|1|
6836|15|10001+|3|0|
6837|4|5001-10000|4|0|
6838|19|10001+|1|3|
6839|4|0-500|4|2|
6840|3|10001+|0|0|
6841|16|1001-5000|2|4|
6842|9|501-1000|5|2|
6843|15|0-500|4|0|
6844|2|5001-10000|0|1|
6845|20|10001+|2|4|
6846|15|0-500|3|1|
6847|3|0-500|2|2|
6848|15|0-500|2|2|
6849|9|0-500|5|3|
6850|19|5001-10000|2|0|
6851|14|5001-10000|4|4|
6852|8|5001-10000|5|2|
6853|12|10001+|5|4|
6854|2|501-1000|2|0|
6855|3|1001-5000|5|4|
6856|5|0-500|3|4|
6857|9|5001-10000|3|0|
6858|14|5001-10000|2|0|
6859|8|10001+|1|2|
6860|6|501-1000|4|3|
6861|4|5001-10000|1|0|
6862|18|5001-10000|3|4|
6863|10|10001+|5|0|
6864|10|501-1000|1|1|
6865|2|1001-5000|4|1|
6866|18|10001+|4|2|
6867|6|501-1000|1|3|
6868|2|1001-5000|5|3|
6869|4|501-1000|2|1|
6870|13|5001-10000|4|1|
6871|5|1001-5000|0|3|
6872|20|5001-10000|4|4|
6873|6|10001+|3|4|
6874|4|501-1000|2|2|
6875|11|5001-10000|0|4|
6876|20|1001-5000|3|2|
6877|16|10001+|5|1|
6878|15|5001-10000|4|3|
6879|2|501-1000|1|4|
6880|15|1001-5000|2|2|
6881|17|501-1000|2|4|
6882|13|1001-5000|0|2|
6883|5|0-500|0|1|
6884|19|1001-5000|3|0|
6885|7|1001-5000|1|3|
6886|13|1001-5000|3|0|
6887|15|0-500|0|2|
6888|13|1001-5000|4|2|
6889|14|5001-10000|1|1|
6890|2|5001-10000|4|4|
6891|15|10001+|5|1|
6892|15|5001-10000|0|0|
6893|20|5001-10000|3|1|
6894|2|5001-10000|0|1|
6895|7|0-500|5|0|
6896|14|1001-5000|4|1|
6897|1|10001+|3|2|
6898|3|1001-5000|5|1|
6899|18|5001-10000|0|0|
6900|4|1001-5000|4|4|
6901|13|501-1000|5|1|
6902|7|501-1000|3|2|
6903|6|501-1000|5|1|
6904|15|5001-10000|2|0|
6905|5|501-1000|3|0|
6906|13|1001-5000|3|4|
6907|12|5001-10000|3|0|
6908|20|10001+|0|3|
6909|16|0-500|1|1|
6910|17|10001+|2|1|
6911|8|5001-10000|4|0|
6912|12|1001-5000|4|1|
6913|14|1001-5000|4|0|
6914|2|5001-10000|0|0|
6915|20|0-500|2|3|
6916|20|5001-10000|4|1|
6917|10|5001-10000|5|2|
6918|8|5001-10000|2|1|
6919|17|0-500|4|3|
6920|9|1001-5000|1|3|
6921|3|10001+|4|3|
6922|20|5001-10000|5|4|
6923|6|501-1000|2|1|
6924|8|501-1000|2|0|
6925|5|0-500|1|0|
6926|20|0-500|1|0|
6927|18|5001-10000|5|2|
6928|18|501-1000|4|1|
6929|7|10001+|3|1|
6930|15|10001+|2|0|
6931|10|5001-10000|3|3|
6932|2|0-500|2|4|
6933|13|10001+|5|4|
6934|11|5001-10000|5|1|
6935|11|501-1000|0|3|
6936|19|0-500|4|4|
6937|11|5001-10000|5|3|
6938|15|0-500|5|1|
6939|8|5001-10000|0|0|
6940|17|10001+|1|1|
6941|2|501-1000|5|2|
6942|4|5001-10000|3|2|
6943|2|501-1000|5|2|
6944|12|10001+|4|2|
6945|13|10001+|3|1|
6946|15|10001+|2|2|
6947|16|10001+|4|3|
6948|9|5001-10000|2|3|
6949|13|501-1000|5|2|
6950|5|1001-5000|2|0|
6951|1|0-500|5|2|
6952|4|501-1000|4|1|
6953|5|0-500|0|0|
6954|16|0-500|0|2|
6955|13|501-1000|2|0|
6956|9|0-500|5|2|
6957|3|501-1000|4|4|
6958|18|5001-10000|1|4|
6959|9|10001+|3|0|
6960|4|1001-5000|3|4|
6961|5|0-500|2|3|
6962|2|5001-10000|5|3|
6963|4|501-1000|4|2|
6964|11|5001-10000|5|4|
6965|20|0-500|2|4|
6966|16|5001-10000|4|2|
6967|1|10001+|4|4|
6968|14|5001-10000|2|0|
6969|1|10001+|5|0|
6970|7|10001+|3|1|
6971|5|10001+|2|3|
6972|14|0-500|5|4|
6973|2|10001+|1|3|
6974|10|10001+|0|0|
6975|2|1001-5000|1|2|
6976|1|501-1000|0|1|
6977|15|5001-10000|4|1|
6978|4|1001-5000|4|2|
6979|14|10001+|3|0|
6980|12|501-1000|5|4|
6981|6|1001-5000|3|2|
6982|7|1001-5000|5|4|
6983|18|5001-10000|2|2|
6984|7|501-1000|0|2|
6985|4|0-500|2|0|
6986|4|501-1000|4|1|
6987|4|0-500|3|3|
6988|4|1001-5000|2|2|
6989|3|0-500|1|1|
6990|16|0-500|2|3|
6991|15|10001+|3|1|
6992|18|501-1000|4|4|
6993|19|1001-5000|2|1|
6994|5|501-1000|5|0|
6995|7|0-500|5|1|
6996|8|1001-5000|1|0|
6997|19|5001-10000|4|1|
6998|17|5001-10000|4|3|
6999|17|501-1000|5|1|
7000|4|5001-10000|3|2|
7001|16|501-1000|2|0|
7002|5|1001-5000|2|1|
7003|16|10001+|4|4|
7004|5|501-1000|5|3|
7005|19|5001-10000|4|1|
7006|17|1001-5000|5|4|
7007|7|1001-5000|3|0|
7008|1|1001-5000|2|2|
7009|15|1001-5000|4|2|
7010|16|1001-5000|5|4|
7011|14|5001-10000|5|3|
7012|10|5001-10000|0|4|
7013|12|10001+|1|2|
7014|18|10001+|3|4|
7015|3|10001+|4|1|
7016|8|10001+|2|0|
7017|14|5001-10000|2|0|
7018|3|5001-10000|0|3|
7019|13|5001-10000|3|3|
7020|5|5001-10000|4|2|
7021|3|1001-5000|2|0|
7022|4|5001-10000|5|1|
7023|10|0-500|5|0|
7024|1|5001-10000|0|1|
7025|14|501-1000|4|3|
7026|3|5001-10000|4|0|
7027|9|0-500|4|1|
7028|10|1001-5000|5|4|
7029|7|0-500|5|1|
7030|19|10001+|5|0|
7031|8|501-1000|5|1|
7032|8|0-500|3|1|
7033|1|1001-5000|4|2|
7034|19|5001-10000|3|4|
7035|18|10001+|3|1|
7036|8|10001+|2|3|
7037|19|501-1000|1|3|
7038|5|1001-5000|5|0|
7039|20|501-1000|3|4|
7040|12|5001-10000|0|3|
7041|10|1001-5000|4|4|
7042|15|0-500|0|4|
7043|16|1001-5000|3|2|
7044|19|501-1000|2|2|
7045|17|501-1000|5|4|
7046|6|501-1000|0|3|
7047|16|5001-10000|0|1|
7048|20|1001-5000|4|3|
7049|12|5001-10000|3|4|
7050|1|1001-5000|0|3|
7051|5|0-500|3|0|
7052|7|1001-5000|5|3|
7053|1|10001+|1|4|
7054|3|0-500|5|1|
7055|1|5001-10000|4|3|
7056|4|10001+|3|4|
7057|15|0-500|5|2|
7058|17|501-1000|3|4|
7059|4|1001-5000|3|0|
7060|4|0-500|0|4|
7061|16|10001+|5|2|
7062|8|10001+|5|2|
7063|4|1001-5000|1|2|
7064|17|5001-10000|4|0|
7065|14|501-1000|2|2|
7066|2|0-500|2|3|
7067|11|1001-5000|5|1|
7068|5|10001+|3|0|
7069|3|501-1000|4|4|
7070|12|501-1000|3|2|
7071|13|1001-5000|0|0|
7072|13|5001-10000|5|4|
7073|16|1001-5000|1|0|
7074|13|501-1000|1|3|
7075|2|0-500|3|1|
7076|2|10001+|3|0|
7077|20|10001+|0|3|
7078|3|5001-10000|5|4|
7079|18|5001-10000|3|3|
7080|17|0-500|5|1|
7081|10|1001-5000|3|2|
7082|13|1001-5000|2|0|
7083|13|5001-10000|3|4|
7084|10|501-1000|3|4|
7085|3|5001-10000|0|0|
7086|11|10001+|1|2|
7087|15|10001+|1|2|
7088|12|5001-10000|5|2|
7089|2|0-500|3|3|
7090|8|5001-10000|2|0|
7091|3|501-1000|2|0|
7092|2|10001+|4|1|
7093|5|1001-5000|3|2|
7094|9|5001-10000|5|4|
7095|18|0-500|0|2|
7096|18|5001-10000|3|4|
7097|15|0-500|3|1|
7098|4|5001-10000|2|4|
7099|1|10001+|1|4|
7100|6|5001-10000|5|1|
7101|10|10001+|1|3|
7102|18|501-1000|0|4|
7103|16|1001-5000|0|2|
7104|10|1001-5000|2|1|
7105|15|5001-10000|3|4|
7106|9|501-1000|2|1|
7107|12|1001-5000|0|4|
7108|18|1001-5000|1|2|
7109|11|10001+|0|4|
7110|3|10001+|3|4|
7111|9|501-1000|5|4|
7112|8|0-500|3|3|
7113|4|5001-10000|2|3|
7114|13|10001+|0|1|
7115|17|1001-5000|4|2|
7116|20|0-500|3|4|
7117|1|0-500|0|4|
7118|9|1001-5000|0|1|
7119|13|1001-5000|1|1|
7120|5|5001-10000|0|3|
7121|18|501-1000|3|2|
7122|16|501-1000|2|1|
7123|9|1001-5000|3|1|
7124|10|501-1000|1|2|
7125|19|1001-5000|4|1|
7126|13|0-500|1|4|
7127|18|1001-5000|2|1|
7128|7|10001+|0|1|
7129|18|5001-10000|2|1|
7130|17|10001+|1|3|
7131|14|501-1000|4|0|
7132|20|5001-10000|2|4|
7133|13|0-500|4|2|
7134|18|0-500|4|1|
7135|4|0-500|3|4|
7136|20|0-500|5|0|
7137|18|0-500|2|4|
7138|13|10001+|4|2|
7139|15|1001-5000|3|1|
7140|11|1001-5000|4|1|
7141|16|1001-5000|4|1|
7142|18|0-500|1|3|
7143|9|10001+|3|3|
7144|6|501-1000|2|4|
7145|3|1001-5000|3|4|
7146|17|1001-5000|0|1|
7147|1|5001-10000|0|4|
7148|9|5001-10000|4|0|
7149|6|0-500|1|2|
7150|9|0-500|0|3|
7151|13|1001-5000|2|3|
7152|3|0-500|3|1|
7153|1|10001+|1|4|
7154|10|501-1000|3|2|
7155|3|501-1000|4|0|
7156|7|5001-10000|2|2|
7157|18|5001-10000|5|0|
7158|8|0-500|4|2|
7159|13|501-1000|0|1|
7160|6|1001-5000|0|1|
7161|6|5001-10000|2|1|
7162|15|10001+|2|3|
7163|9|5001-10000|4|4|
7164|16|1001-5000|4|1|
7165|20|10001+|4|3|
7166|18|10001+|4|1|
7167|4|501-1000|5|2|
7168|19|1001-5000|0|2|
7169|11|0-500|2|4|
7170|7|1001-5000|5|3|
7171|5|1001-5000|0|4|
7172|3|1001-5000|3|0|
7173|17|1001-5000|2|2|
7174|11|501-1000|1|1|
7175|5|501-1000|2|1|
7176|19|1001-5000|3|1|
7177|4|5001-10000|0|3|
7178|18|0-500|0|0|
7179|18|0-500|0|4|
7180|7|10001+|4|1|
7181|7|1001-5000|3|3|
7182|16|5001-10000|1|1|
7183|11|0-500|2|0|
7184|3|10001+|4|3|
7185|17|5001-10000|3|3|
7186|1|5001-10000|5|3|
7187|19|5001-10000|4|4|
7188|11|501-1000|0|4|
7189|20|1001-5000|3|3|
7190|16|1001-5000|2|2|
7191|10|1001-5000|5|0|
7192|16|10001+|4|0|
7193|7|501-1000|1|2|
7194|18|5001-10000|0|2|
7195|8|5001-10000|2|4|
7196|9|501-1000|3|2|
7197|13|10001+|4|2|
7198|3|0-500|5|4|
7199|7|0-500|2|3|
7200|8|10001+|3|4|
