2451530|7593|4077|1553874|558956|976|1415846|6|21|1|2|85.89|6.87|92.76|10.00|8.59|68.71|8.59|8.59|10.00|
2451257|73300|2250|9407234|976457|6414|3043157|5|1|1|4|58.55|4.68|63.23|10.00|5.86|46.84|5.86|5.86|10.00|
2451299|16907|17167|6024097|950782|5281|5170073|5|28|2|2|32.88|2.63|35.51|10.00|3.29|26.30|3.29|3.29|10.00|
2451050|70470|16867|8078908|319103|2750|4001256|11|20|2|4|74.98|6.00|80.98|10.00|7.50|59.98|7.50|7.50|10.00|
2451210|23026|15220|10063774|1739899|2667|5348900|8|30|3|4|60.44|4.84|65.28|10.00|6.04|48.35|6.04|6.04|10.00|
2451012|18297|4671|1233688|1075413|5450|805624|1|35|3|1|46.46|3.72|50.18|10.00|4.65|37.17|4.65|4.65|10.00|
2450930|37401|11680|674537|1374758|3716|1362361|7|31|4|5|25.23|2.02|27.25|10.00|2.52|20.18|2.52|2.52|10.00|
2450968|48151|9063|8708136|1714589|3219|4828332|12|29|4|8|40.60|3.25|43.85|10.00|4.06|32.48|4.06|4.06|10.00|
2451288|2895|5026|5661533|558133|5546|1284017|4|28|5|4|54.58|4.37|58.95|10.00|5.46|43.66|5.46|5.46|10.00|
2451358|51911|526|11974411|1339092|1152|4880254|10|29|5|10|86.04|6.88|92.92|10.00|8.60|68.83|8.60|8.60|10.00|
2451058|49519|8422|1298998|1793618|5596|838430|1|17|6|6|75.71|6.06|81.77|10.00|7.57|60.57|7.57|7.57|10.00|
2451413|76929|2958|9010084|618943|869|3853344|10|33|6|2|46.68|3.73|50.41|10.00|4.67|37.34|4.67|4.67|10.00|
2451307|20735|6160|5329228|1274291|5949|5855016|9|21|7|1|13.23|1.06|14.29|10.00|1.32|10.58|1.32|1.32|10.00|
2451152|53496|13347|522411|370435|1879|876244|2|26|7|9|63.31|5.06|68.37|10.00|6.33|50.65|6.33|6.33|10.00|
2450908|75104|17578|11147283|213002|776|4273863|3|30|8|6|45.62|3.65|49.27|10.00|4.56|36.50|4.56|4.56|10.00|
2451384|79183|9239|5357912|1898511|3654|4363743|2|15|8|3|10.90|0.87|11.77|10.00|1.09|8.72|1.09|1.09|10.00|
2451114|51068|8723|10654082|558537|3988|3493818|10|25|9|8|53.84|4.31|58.15|10.00|5.38|43.07|5.38|5.38|10.00|
2451407|38101|1348|5511965|1821351|1774|266541|3|12|9|9|81.04|6.48|87.52|10.00|8.10|64.83|8.10|8.10|10.00|
2450993|37916|4258|4757380|1677239|4705|573680|3|10|10|8|46.10|3.69|49.79|10.00|4.61|36.88|4.61|4.61|10.00|
2451161|78035|12706|3622807|1029189|6628|363180|12|29|10|10|12.97|1.04|14.01|10.00|1.30|10.38|1.30|1.30|10.00|
2450862|76918|11152|7640415|1469530|5751|4459295|5|27|11|1|27.98|2.24|30.22|10.00|2.80|22.38|2.80|2.80|10.00|
2451223|16210|11438|11955331|277573|1893|2814000|1|21|11|7|1.25|0.10|1.35|10.00|0.12|1.00|0.12|0.12|10.00|
2451413|78876|208|10792074|865784|2033|76826|12|24|12|6|71.26|5.70|76.96|10.00|7.13|57.01|7.13|7.13|10.00|
2451099|40050|8735|11433881|392335|3761|5298979|4|6|12|3|72.20|5.78|77.98|10.00|7.22|57.76|7.22|7.22|10.00|
2451349|29608|10442|8792049|1349925|6525|1356060|5|19|13|3|87.54|7.00|94.54|10.00|8.75|70.03|8.75|8.75|10.00|
2450844|69905|8345|6304258|1799447|5478|1466770|11|24|13|3|58.13|4.65|62.78|10.00|5.81|46.50|5.81|5.81|10.00|
2450887|1240|5277|6431429|1842232|6629|1162806|9|11|14|8|94.44|7.56|102.00|10.00|9.44|75.55|9.44|9.44|10.00|
2451429|20576|16192|3062027|483561|7034|3959041|10|26|14|2|9.02|0.72|9.74|10.00|0.90|7.22|0.90|0.90|10.00|
2451170|34143|17691|4862091|740437|2966|3833875|5|32|15|10|59.67|4.77|64.44|10.00|5.97|47.74|5.97|5.97|10.00|
2450858|32326|13795|3605319|1571580|6360|5291308|4|21|15|5|12.01|0.96|12.97|10.00|1.20|9.61|1.20|1.20|10.00|
2451508|53737|11718|4583069|1700675|6782|2653694|3|31|16|7|45.79|3.66|49.45|10.00|4.58|36.63|4.58|4.58|10.00|
2451470|24235|4143|10910107|1537629|2638|3998085|9|10|16|5|14.65|1.17|15.82|10.00|1.47|11.72|1.47|1.47|10.00|
2451162|43769|15285|8779591|1491558|1408|1423108|5|34|17|7|73.85|5.91|79.76|10.00|7.38|59.08|7.38|7.38|10.00|
2451443|59244|8963|8449241|981233|77|2024458|7|24|17|4|58.15|4.65|62.80|10.00|5.82|46.52|5.82|5.82|10.00|
2451148|35217|8908|5645513|890929|587|1655757|8|17|18|5|2.90|0.23|3.13|10.00|0.29|2.32|0.29|0.29|10.00|
2451204|25927|12777|9532270|979986|3161|12623|12|1|18|5|3.27|0.26|3.53|10.00|0.33|2.62|0.33|0.33|10.00|
2450969|40438|2060|10149773|844970|4120|4454055|5|15|19|4|66.71|5.34|72.05|10.00|6.67|53.37|6.67|6.67|10.00|
2451250|1484|7665|1647976|1064674|2771|5413020|5|7|19|7|46.90|3.75|50.65|10.00|4.69|37.52|4.69|4.69|10.00|
2451439|6337|205|1967302|1133832|4617|3687649|10|32|20|9|56.45|4.52|60.97|10.00|5.65|45.16|5.65|5.65|10.00|
2451423|21753|5361|11066182|1196115|1941|97362|7|33|20|2|38.46|3.08|41.54|10.00|3.85|30.77|3.85|3.85|10.00|
2451493|81055|1898|4453859|1611721|3415|4500669|1|8|21|7|83.38|6.67|90.05|10.00|8.34|66.70|8.34|8.34|10.00|
2450861|44838|5748|3854680|1777726|3027|4305992|12|35|21|9|12.13|0.97|13.10|10.00|1.21|9.70|1.21|1.21|10.00|
2451293|47575|7962|3542511|1531625|3227|1811052|12|10|22|4|65.81|5.26|71.07|10.00|6.58|52.65|6.58|6.58|10.00|
2450945|56903|5050|11964947|1449155|6612|5039969|3|21|22|4|32.07|2.57|34.64|10.00|3.21|25.66|3.21|3.21|10.00|
2450824|32071|8262|8660508|344756|2835|3006201|5|29|23|2|68.69|5.50|74.19|10.00|6.87|54.95|6.87|6.87|10.00|
2451187|61300|9920|2128856|1881913|156|5886830|3|13|23|6|45.70|3.66|49.36|10.00|4.57|36.56|4.57|4.57|10.00|
2451338|58506|7471|9444874|594434|4921|1790808|11|10|24|7|45.84|3.67|49.51|10.00|4.58|36.67|4.58|4.58|10.00|
2451339|75328|16389|626568|75287|5283|2862767|6|18|24|9|1.59|0.13|1.72|10.00|0.16|1.27|0.16|0.16|10.00|
2451429|15599|13676|8338864|1317977|3431|868658|10|7|25|10|40.29|3.22|43.51|10.00|4.03|32.23|4.03|4.03|10.00|
2451298|2918|3140|3923562|527378|5379|4744644|4|31|25|3|19.25|1.54|20.79|10.00|1.93|15.40|1.93|1.93|10.00|
2451357|38896|10065|8031961|897860|2389|4605548|8|21|26|1|74.80|5.98|80.78|10.00|7.48|59.84|7.48|7.48|10.00|
2451171|27443|12089|5981993|450689|6003|2006642|11|7|26|5|53.24|4.26|57.50|10.00|5.32|42.59|5.32|5.32|10.00|
2450985|20016|12059|3737692|743900|3284|3488129|8|18|27|10|87.37|6.99|94.36|10.00|8.74|69.90|8.74|8.74|10.00|
2451138|16175|11696|281363|1240568|1520|4055916|2|27|27|7|74.57|5.97|80.54|10.00|7.46|59.66|7.46|7.46|10.00|
2451211|16701|13287|4206293|918389|552|3818308|10|33|28|10|42.41|3.39|45.80|10.00|4.24|33.93|4.24|4.24|10.00|
2451531|817|640|10970375|1785370|5713|4797808|8|11|28|1|99.35|7.95|107.30|10.00|9.94|79.48|9.94|9.94|10.00|
2451521|1447|383|7523491|1839535|1910|526836|10|17|29|2|42.25|3.38|45.63|10.00|4.23|33.80|4.23|4.23|10.00|
2450993|46245|7373|2442667|1211027|18|736008|7|23|29|10|90.54|7.24|97.78|10.00|9.05|72.43|9.05|9.05|10.00|
2451460|26928|15098|8130099|1792877|6111|4423697|12|16|30|7|84.73|6.78|91.51|10.00|8.47|67.78|8.47|8.47|10.00|
2450908|3763|13694|1854814|956976|4581|5282752|5|30|30|7|31.71|2.54|34.25|10.00|3.17|25.37|3.17|3.17|10.00|
2451256|73514|3943|10188211|374093|5108|287309|12|18|31|10|89.65|7.17|96.82|10.00|8.97|71.72|8.97|8.97|10.00|
2451097|51570|16645|7159922|726134|2793|4149740|7|2|31|8|46.12|3.69|49.81|10.00|4.61|36.90|4.61|4.61|10.00|
2451454|80050|4246|6146922|1878482|1269|2589677|4|10|32|9|73.77|5.90|79.67|10.00|7.38|59.02|7.38|7.38|10.00|
2450847|5714|17595|3807065|1584626|6223|213124|7|34|32|3|38.11|3.05|41.16|10.00|3.81|30.49|3.81|3.81|10.00|
2451101|1639|14890|5177853|1585088|2414|1079430|9|20|33|10|6.98|0.56|7.54|10.00|0.70|5.58|0.70|0.70|10.00|
2451482|68462|10936|7097286|1373890|3890|1802536|1|1|33|9|28.56|2.28|30.84|10.00|2.86|22.85|2.86|2.86|10.00|
2451529|54603|15354|4954709|255750|6916|285083|1|8|34|5|63.34|5.07|68.41|10.00|6.33|50.67|6.33|6.33|10.00|
2451471|3931|7719|4298714|1456411|164|4220362|10|13|34|10|71.25|5.70|76.95|10.00|7.12|57.00|7.12|7.12|10.00|
2451055|51821|7034|1790861|1106116|77|5399775|12|28|35|7|52.78|4.22|57.00|10.00|5.28|42.22|5.28|5.28|10.00|
2451105|40038|7720|10139091|692579|6944|3128368|4|24|35|3|89.40|7.15|96.55|10.00|8.94|71.52|8.94|8.94|10.00|
2450993|42617|3231|9012491|906820|6502|4581538|9|25|36|10|80.43|6.43|86.86|10.00|8.04|64.34|8.04|8.04|10.00|
2451319|11164|2443|9631990|1665930|2017|4552594|5|20|36|7|4.85|0.39|5.24|10.00|0.48|3.88|0.48|0.48|10.00|
2451021|79152|12158|211385|375715|1871|1333043|10|26|37|3|72.31|5.78|78.09|10.00|7.23|57.85|7.23|7.23|10.00|
2451079|15320|16475|3907748|1020867|7117|2060570|11|27|37|9|52.45|4.20|56.65|10.00|5.25|41.96|5.25|5.25|10.00|
2451092|85772|6593|7818967|1301350|2294|2444334|11|15|38|2|61.10|4.89|65.99|10.00|6.11|48.88|6.11|6.11|10.00|
2450911|32458|7246|7543660|1317851|6999|3358427|5|27|38|4|15.85|1.27|17.12|10.00|1.58|12.68|1.58|1.58|10.00|
2451015|61142|1889|10786214|1366080|3633|4921782|5|2|39|9|42.22|3.38|45.60|10.00|4.22|33.78|4.22|4.22|10.00|
2451393|77417|7290|34160|39089|6702|3212933|2|23|39|3|98.84|7.91|106.75|10.00|9.88|79.07|9.88|9.88|10.00|
2451357|26089|16294|1277922|1234203|418|2218591|5|28|40|4|41.82|3.35|45.17|10.00|4.18|33.46|4.18|4.18|10.00|
2451285|84264|16725|11120913|1888749|4354|4691219|7|33|40|4|56.96|4.56|61.52|10.00|5.70|45.57|5.70|5.70|10.00|
2450820|68329|10711|1602371|271353|5381|3480273|8|23|41|10|53.95|4.32|58.27|10.00|5.40|43.16|5.40|5.40|10.00|
2451083|15656|6188|9805102|165664|6158|4759254|10|22|41|7|13.05|1.04|14.09|10.00|1.31|10.44|1.31|1.31|10.00|
2451225|44910|930|5123346|668599|1026|3656571|2|30|42|6|96.49|7.72|104.21|10.00|9.65|77.19|9.65|9.65|10.00|
2451285|51353|10321|10271455|795739|3026|1127860|11|4|42|10|81.04|6.48|87.52|10.00|8.10|64.83|8.10|8.10|10.00|
2451300|77933|2731|11796907|1254547|6623|1486770|11|34|43|8|48.17|3.85|52.02|10.00|4.82|38.54|4.82|4.82|10.00|
2451124|44211|9005|2809598|191778|4557|2209378|2|11|43|9|24.22|1.94|26.16|10.00|2.42|19.38|2.42|2.42|10.00|
2450987|69701|13091|7690581|1070234|4717|2442613|5|23|44|3|76.30|6.10|82.40|10.00|7.63|61.04|7.63|7.63|10.00|
2451508|64338|17551|1357838|274562|5678|592084|3|8|44|3|81.40|6.51|87.91|10.00|8.14|65.12|8.14|8.14|10.00|
2451136|26449|16546|11014267|285287|2127|822799|5|2|45|7|93.85|7.51|101.36|10.00|9.38|75.08|9.38|9.38|10.00|
2450849|6419|12722|3472383|1459889|5137|1657429|6|31|45|4|9.63|0.77|10.40|10.00|0.96|7.70|0.96|0.96|10.00|
2451205|1175|8049|9891418|791265|7115|1952307|7|4|46|4|72.51|5.80|78.31|10.00|7.25|58.01|7.25|7.25|10.00|
2451475|39387|15673|10540507|1771495|1101|2018280|3|4|46|2|33.60|2.69|36.29|10.00|3.36|26.88|3.36|3.36|10.00|
2451379|29785|7348|3227249|185227|6821|846672|4|7|47|3|57.58|4.61|62.19|10.00|5.76|46.06|5.76|5.76|10.00|
2451096|51150|6951|1593166|1884380|205|4528035|7|14|47|10|10.30|0.82|11.12|10.00|1.03|8.24|1.03|1.03|10.00|
2451116|56287|3216|4567097|161680|3841|2353151|2|29|48|2|53.55|4.28|57.83|10.00|5.36|42.84|5.36|5.36|10.00|
2451387|84336|15998|11463558|661387|680|803538|8|32|48|7|92.81|7.42|100.23|10.00|9.28|74.25|9.28|9.28|10.00|
2451197|17880|12167|11912807|998341|3536|561680|7|28|49|10|88.44|7.08|95.52|10.00|8.84|70.75|8.84|8.84|10.00|
2450891|21398|4093|9932998|1415757|4517|4750277|10|34|49|8|66.39|5.31|71.70|10.00|6.64|53.11|6.64|6.64|10.00|
2451545|25929|8016|825172|1420419|5665|3516769|1|24|50|4|23.12|1.85|24.97|10.00|2.31|18.50|2.31|2.31|10.00|
2451033|71325|11130|5869118|1177795|4211|2230612|12|17|50|7|70.23|5.62|75.85|10.00|7.02|56.18|7.02|7.02|10.00|
2451345|81|15973|32300|669147|3648|3099440|2|27|51|2|81.69|6.54|88.23|10.00|8.17|65.35|8.17|8.17|10.00|
2451319|22383|4624|453691|131205|6183|3169262|5|35|51|3|98.74|7.90|106.64|10.00|9.87|78.99|9.87|9.87|10.00|
2451091|9544|11272|9192783|1611673|2034|3073649|6|7|52|9|25.81|2.06|27.87|10.00|2.58|20.65|2.58|2.58|10.00|
2450989|85232|15667|731218|699066|393|3795564|8|33|52|9|55.95|4.48|60.43|10.00|5.60|44.76|5.60|5.60|10.00|
2450931|65693|5584|3413225|766359|4248|4892782|1|22|53|3|50.26|4.02|54.28|10.00|5.03|40.21|5.03|5.03|10.00|
2451349|4247|17787|2300278|793090|921|3628917|7|34|53|9|82.01|6.56|88.57|10.00|8.20|65.61|8.20|8.20|10.00|
2451234|70982|5069|5613954|1696143|654|2709272|5|8|54|3|99.19|7.94|107.13|10.00|9.92|79.35|9.92|9.92|10.00|
2451171|66222|8051|4050643|1049030|4078|303947|12|11|54|8|9.02|0.72|9.74|10.00|0.90|7.22|0.90|0.90|10.00|
2450877|73791|1454|3667554|877956|3697|5612468|9|13|55|10|89.89|7.19|97.08|10.00|8.99|71.91|8.99|8.99|10.00|
2451132|30716|8472|1890877|377656|6151|2636020|2|20|55|2|91.06|7.28|98.34|10.00|9.11|72.85|9.11|9.11|10.00|
2451310|14590|1203|9096575|627969|3148|2164781|12|26|56|7|12.78|1.02|13.80|10.00|1.28|10.22|1.28|1.28|10.00|
2450838|14867|6389|87765|162196|3027|2183384|7|13|56|2|93.59|7.49|101.08|10.00|9.36|74.87|9.36|9.36|10.00|
2450837|8815|8200|7979124|1918656|4305|1335464|2|18|57|2|19.07|1.53|20.60|10.00|1.91|15.26|1.91|1.91|10.00|
2451081|61672|973|2463008|549496|2772|2282298|10|4|57|9|34.42|2.75|37.17|10.00|3.44|27.54|3.44|3.44|10.00|
2451414|67207|17434|9104901|1526674|452|3375783|5|31|58|5|67.65|5.41|73.06|10.00|6.77|54.12|6.77|6.77|10.00|
2450923|54540|15867|5178581|841001|1442|4017124|3|32|58|5|36.89|2.95|39.84|10.00|3.69|29.51|3.69|3.69|10.00|
2450868|3023|15807|11793824|1358924|2361|4458475|9|18|59|4|7.69|0.62|8.31|10.00|0.77|6.15|0.77|0.77|10.00|
2451540|81012|1115|3233624|321270|3134|5360579|7|25|59|8|12.77|1.02|13.79|10.00|1.28|10.22|1.28|1.28|10.00|
2451407|52543|11023|5818720|532429|4439|3892305|11|11|60|5|34.53|2.76|37.29|10.00|3.45|27.62|3.45|3.45|10.00|
2450986|32508|2296|1136233|486441|4138|3830542|7|12|60|9|67.88|5.43|73.31|10.00|6.79|54.30|6.79|6.79|10.00|
2451015|58607|11804|6373942|1170874|5401|4903802|3|30|61|8|98.00|7.84|105.84|10.00|9.80|78.40|9.80|9.80|10.00|
2451232|23662|15924|5645692|1542585|1755|621427|8|33|61|5|35.07|2.81|37.88|10.00|3.51|28.06|3.51|3.51|10.00|
2451374|17684|8112|5082048|428747|2007|3383847|7|7|62|3|59.26|4.74|64.00|10.00|5.93|47.41|5.93|5.93|10.00|
2451281|39049|281|9040687|70602|6641|3092881|2|19|62|10|43.28|3.46|46.74|10.00|4.33|34.62|4.33|4.33|10.00|
2451311|65596|11005|10669402|1071483|1239|1162090|8|18|63|1|39.65|3.17|42.82|10.00|3.96|31.72|3.96|3.96|10.00|
2451103|81991|3686|6089817|1595022|5292|1033187|10|5|63|5|18.00|1.44|19.44|10.00|1.80|14.40|1.80|1.80|10.00|
2451478|58134|9541|7932547|1423257|4651|5068911|9|28|64|2|98.50|7.88|106.38|10.00|9.85|78.80|9.85|9.85|10.00|
2451196|84468|641|1622338|1833758|4451|2647118|6|11|64|10|74.84|5.99|80.83|10.00|7.48|59.87|7.48|7.48|10.00|
2450866|30448|14522|4060065|100438|4431|1374460|12|17|65|4|53.54|4.28|57.82|10.00|5.35|42.83|5.35|5.35|10.00|
2451487|22069|1898|7285220|1871327|5191|828393|4|31|65|9|21.03|1.68|22.71|10.00|2.10|16.82|2.10|2.10|10.00|
2451003|17540|4885|4824131|676163|7090|2598347|8|19|66|3|20.61|1.65|22.26|10.00|2.06|16.49|2.06|2.06|10.00|
2451228|57138|11204|7873797|325160|1422|5562380|7|28|66|7|6.98|0.56|7.54|10.00|0.70|5.58|0.70|0.70|10.00|
2451434|32864|8|9717495|277236|3260|729171|12|2|67|8|21.05|1.68|22.73|10.00|2.10|16.84|2.10|2.10|10.00|
2451213|19838|11049|2026587|876713|4362|1159375|10|11|67|6|35.03|2.80|37.83|10.00|3.50|28.02|3.50|3.50|10.00|
2451000|43458|17757|3364015|1608296|982|993874|6|30|68|1|68.42|5.47|73.89|10.00|6.84|54.74|6.84|6.84|10.00|
2451122|48222|4276|8985430|1654292|6987|4820736|6|22|68|3|99.24|7.94|107.18|10.00|9.92|79.39|9.92|9.92|10.00|
2450976|55960|9693|4079483|1248372|1577|1527282|6|16|69|4|54.46|4.36|58.82|10.00|5.45|43.57|5.45|5.45|10.00|
2451471|15181|11228|8516768|1823546|3479|2148347|10|9|69|9|77.67|6.21|83.88|10.00|7.77|62.14|7.77|7.77|10.00|
2451233|59456|2658|10614125|666171|1784|2227525|9|7|70|4|95.55|7.64|103.19|10.00|9.55|76.44|9.55|9.55|10.00|
2451488|1356|11509|9673585|279713|4216|4920614|1|18|70|7|17.71|1.42|19.13|10.00|1.77|14.17|1.77|1.77|10.00|
2451400|66197|17060|8047605|657729|5661|962290|4|19|71|6|48.33|3.87|52.20|10.00|4.83|38.66|4.83|4.83|10.00|
2451452|29845|9317|7169214|1445917|6737|5143686|8|4|71|1|9.09|0.73|9.82|10.00|0.91|7.27|0.91|0.91|10.00|
2451545|30453|12232|1044272|1332482|4500|1980397|12|11|72|1|73.81|5.90|79.71|10.00|7.38|59.05|7.38|7.38|10.00|
2451022|72059|2942|5196040|1116451|6741|1010945|1|3|72|1|18.81|1.50|20.31|10.00|1.88|15.05|1.88|1.88|10.00|
2451489|2018|8364|8823710|494863|4090|1922178|10|18|73|6|34.14|2.73|36.87|10.00|3.41|27.31|3.41|3.41|10.00|
2451345|3657|5296|9021329|1774603|936|4699834|6|25|73|8|74.93|5.99|80.92|10.00|7.49|59.94|7.49|7.49|10.00|
2451474|46495|14376|9878742|677452|726|5437422|3|27|74|8|24.25|1.94|26.19|10.00|2.43|19.40|2.43|2.43|10.00|
2451260|76160|11760|5206545|1795994|603|3977380|6|1|74|7|51.46|4.12|55.58|10.00|5.15|41.17|5.15|5.15|10.00|
2451188|45196|13305|8498944|553832|2448|2948770|3|30|75|1|36.75|2.94|39.69|10.00|3.68|29.40|3.68|3.68|10.00|
2450860|46383|8544|8277527|1366457|5449|1831823|5|6|75|3|2.45|0.20|2.65|10.00|0.25|1.96|0.25|0.25|10.00|
2450945|85923|1526|11401181|1631984|463|5077846|12|9|76|10|4.45|0.36|4.81|10.00|0.45|3.56|0.45|0.45|10.00|
2451394|34580|7348|3250531|1526277|5287|5785160|6|7|76|8|97.45|7.80|105.25|10.00|9.75|77.96|9.75|9.75|10.00|
2451265|71982|16776|578201|402762|571|2905685|5|24|77|4|30.83|2.47|33.30|10.00|3.08|24.66|3.08|3.08|10.00|
2450986|34255|11458|8303160|1037675|1279|2720488|9|3|77|5|36.83|2.95|39.78|10.00|3.68|29.46|3.68|3.68|10.00|
2451128|61483|5745|9650117|785923|4006|5861956|4|3|78|6|50.51|4.04|54.55|10.00|5.05|40.41|5.05|5.05|10.00|
2451388|20306|5044|11056771|1399920|2179|611327|2|18|78|6|3.04|0.24|3.28|10.00|0.30|2.43|0.30|0.30|10.00|
2451021|6318|4616|6172958|1258203|3446|2497658|2|31|79|10|62.45|5.00|67.45|10.00|6.25|49.96|6.25|6.25|10.00|
2451465|33768|10241|8356|800395|1322|1213860|9|32|79|5|64.41|5.15|69.56|10.00|6.44|51.53|6.44|6.44|10.00|
2451225|83119|14887|667995|1167394|6608|694199|9|3|80|9|6.03|0.48|6.51|10.00|0.60|4.82|0.60|0.60|10.00|
2451191|29561|10282|834676|56610|742|445036|5|2|80|2|53.14|4.25|57.39|10.00|5.31|42.51|5.31|5.31|10.00|
2451093|49255|12877|6815235|534522|376|248593|9|22|81|1|4.56|0.36|4.92|10.00|0.46|3.65|0.46|0.46|10.00|
2451309|35236|16802|11820911|834751|4956|1940660|7|28|81|5|47.28|3.78|51.06|10.00|4.73|37.82|4.73|4.73|10.00|
2451107|61086|692|7132902|361197|2380|1319460|8|4|82|10|31.39|2.51|33.90|10.00|3.14|25.11|3.14|3.14|10.00|
2451520|34227|16772|11951127|1422979|2991|2646857|3|26|82|4|60.80|4.86|65.66|10.00|6.08|48.64|6.08|6.08|10.00|
2451456|35373|9412|8158932|1488686|3626|5409944|9|11|83|5|65.22|5.22|70.44|10.00|6.52|52.18|6.52|6.52|10.00|
2451339|16310|14496|2343451|1097093|5258|3325788|10|27|83|1|64.76|5.18|69.94|10.00|6.48|51.81|6.48|6.48|10.00|
2450829|7292|10090|5443556|1896475|6057|1188729|10|23|84|6|20.71|1.66|22.37|10.00|2.07|16.57|2.07|2.07|10.00|
2451471|37183|13714|882116|1480948|3591|5189168|5|22|84|10|73.58|5.89|79.47|10.00|7.36|58.86|7.36|7.36|10.00|
2451489|55147|4396|8874013|80317|6681|998149|4|24|85|3|14.04|1.12|15.16|10.00|1.40|11.23|1.40|1.40|10.00|
2450950|37551|5354|10468097|270411|5766|98044|3|13|85|7|49.72|3.98|53.70|10.00|4.97|39.78|4.97|4.97|10.00|
2450845|84894|9703|5964053|1453735|5460|1848061|5|2|86|8|17.02|1.36|18.38|10.00|1.70|13.62|1.70|1.70|10.00|
2451537|83115|3749|2441580|1451670|3111|3905258|8|18|86|3|37.83|3.03|40.86|10.00|3.78|30.26|3.78|3.78|10.00|
2451149|37039|2415|2622495|417509|5372|3550851|2|10|87|4|65.41|5.23|70.64|10.00|6.54|52.33|6.54|6.54|10.00|
2451218|14565|14544|10934145|1598646|5095|3064101|12|14|87|2|12.89|1.03|13.92|10.00|1.29|10.31|1.29|1.29|10.00|
2451156|80316|15509|3448470|517318|7108|1447893|3|27|88|1|60.53|4.84|65.37|10.00|6.05|48.42|6.05|6.05|10.00|
2451165|40633|12271|5948002|1571697|1413|883193|8|22|88|2|46.34|3.71|50.05|10.00|4.63|37.07|4.63|4.63|10.00|
2450889|22513|17301|641436|636594|2819|3216142|5|12|89|10|83.21|6.66|89.87|10.00|8.32|66.57|8.32|8.32|10.00|
2451054|3572|3856|6111796|1152344|6460|2736681|6|33|89|10|53.21|4.26|57.47|10.00|5.32|42.57|5.32|5.32|10.00|
2451494|60732|7929|1022769|231008|677|4458677|9|2|90|3|74.65|5.97|80.62|10.00|7.47|59.72|7.47|7.47|10.00|
2451452|52658|4802|7541312|408253|6150|3901287|2|35|90|10|23.35|1.87|25.22|10.00|2.34|18.68|2.34|2.34|10.00|
2451423|78188|4970|7731365|111439|4027|3569408|4|17|91|8|16.91|1.35|18.26|10.00|1.69|13.53|1.69|1.69|10.00|
2451445|48327|7581|1199198|39889|5569|3605550|8|12|91|9|16.54|1.32|17.86|10.00|1.65|13.23|1.65|1.65|10.00|
2451162|51287|6590|440500|731639|265|5391855|8|16|92|6|46.66|3.73|50.39|10.00|4.67|37.33|4.67|4.67|10.00|
2451227|59125|208|10770720|468037|6258|2116391|3|3|92|1|45.85|3.67|49.52|10.00|4.58|36.68|4.58|4.58|10.00|
2451387|66560|15612|2127285|1849720|903|2500665|4|26|93|7|39.65|3.17|42.82|10.00|3.96|31.72|3.96|3.96|10.00|
2451374|67621|17916|4087478|1521288|5756|1131103|3|13|93|5|32.23|2.58|34.81|10.00|3.22|25.78|3.22|3.22|10.00|
2451198|63664|46|6308216|1549944|2630|2184788|1|22|94|10|66.97|5.36|72.33|10.00|6.70|53.58|6.70|6.70|10.00|
2451328|75386|5596|11591467|911903|1301|2532699|6|26|94|5|83.91|6.71|90.62|10.00|8.39|67.13|8.39|8.39|10.00|
2451238|46117|14781|7236258|732757|2689|913205|8|1|95|7|38.39|3.07|41.46|10.00|3.84|30.71|3.84|3.84|10.00|
2451311|66362|13837|5194053|303123|3686|216789|1|26|95|8|19.96|1.60|21.56|10.00|2.00|15.97|2.00|2.00|10.00|
2451451|11941|16633|10614063|1521063|5858|1126408|12|27|96|6|11.73|0.94|12.67|10.00|1.17|9.38|1.17|1.17|10.00|
2451456|53504|14369|3502774|844693|617|2495682|1|12|96|9|36.07|2.89|38.96|10.00|3.61|28.86|3.61|3.61|10.00|
2451429|16753|15172|5800747|1785044|5142|3805999|1|33|97|8|99.25|7.94|107.19|10.00|9.93|79.40|9.93|9.93|10.00|
2451367|74256|14890|2369158|1009829|2301|5430227|5|23|97|4|78.26|6.26|84.52|10.00|7.83|62.61|7.83|7.83|10.00|
2451299|12012|2674|283552|701923|2510|3361752|11|24|98|2|87.08|6.97|94.05|10.00|8.71|69.66|8.71|8.71|10.00|
2451015|41037|1532|3314472|446866|745|91802|1|21|98|10|92.01|7.36|99.37|10.00|9.20|73.61|9.20|9.20|10.00|
2451400|13536|14316|8746379|357671|3568|2579071|11|25|99|10|36.69|2.94|39.63|10.00|3.67|29.35|3.67|3.67|10.00|
2451409|49725|13515|8299155|1026322|3360|1569685|12|9|99|3|49.38|3.95|53.33|10.00|4.94|39.50|4.94|4.94|10.00|
2450890|66131|4657|7787637|492141|2382|1010072|10|18|100|4|32.49|2.60|35.09|10.00|3.25|25.99|3.25|3.25|10.00|
2451115|76183|17736|2399872|1078002|6002|3575976|2|7|100|7|29.20|2.34|31.54|10.00|2.92|23.36|2.92|2.92|10.00|
2451301|67380|11755|1701108|1546121|4754|431575|8|34|101|3|15.33|1.23|16.56|10.00|1.53|12.26|1.53|1.53|10.00|
2451399|27514|9489|5470346|1150084|2528|4645785|12|34|101|5|12.70|1.02|13.72|10.00|1.27|10.16|1.27|1.27|10.00|
2450918|13669|10105|10740220|197626|6075|706966|9|12|102|1|48.49|3.88|52.37|10.00|4.85|38.79|4.85|4.85|10.00|
2451201|22442|204|8717581|1789172|701|1059185|1|30|102|1|7.20|0.58|7.78|10.00|0.72|5.76|0.72|0.72|10.00|
2450994|68968|12189|10350645|1339614|6703|3008845|12|24|103|6|99.43|7.95|107.38|10.00|9.94|79.54|9.94|9.94|10.00|
2451542|83543|163|9048753|964989|4227|5190176|4|2|103|8|97.66|7.81|105.47|10.00|9.77|78.13|9.77|9.77|10.00|
2451433|59966|4022|9719716|1407633|6585|1385838|9|11|104|10|0.74|0.06|0.80|10.00|0.07|0.59|0.07|0.07|10.00|
2451353|8891|2821|5957392|1654408|1026|1985392|4|28|104|5|53.99|4.32|58.31|10.00|5.40|43.19|5.40|5.40|10.00|
2451417|66480|293|6108915|974303|1090|4756534|3|4|105|5|21.96|1.76|23.72|10.00|2.20|17.57|2.20|2.20|10.00|
2450842|10387|8004|4469448|1552733|4783|133811|8|29|105|6|88.69|7.10|95.79|10.00|8.87|70.95|8.87|8.87|10.00|
2451045|48169|17594|10310399|1666273|3426|768183|8|6|106|8|1.80|0.14|1.94|10.00|0.18|1.44|0.18|0.18|10.00|
2451058|52670|2662|1402845|1561297|863|5584055|9|30|106|6|6.38|0.51|6.89|10.00|0.64|5.10|0.64|0.64|10.00|
2451188|15538|16072|7523894|934206|2657|872307|2|17|107|9|83.22|6.66|89.88|10.00|8.32|66.58|8.32|8.32|10.00|
2451530|61856|15028|9634727|1382352|6001|5695630|5|30|107|5|7.70|0.62|8.32|10.00|0.77|6.16|0.77|0.77|10.00|
2451325|40399|17837|3249520|730216|5710|5787283|7|17|108|2|50.14|4.01|54.15|10.00|5.01|40.11|5.01|5.01|10.00|
2451163|13331|2319|10240687|1487594|6486|1227259|1|6|108|3|19.17|1.53|20.70|10.00|1.92|15.34|1.92|1.92|10.00|
2451492|26898|3930|3171018|1754193|6455|1144985|9|30|109|3|89.19|7.14|96.33|10.00|8.92|71.35|8.92|8.92|10.00|
2451198|54448|8483|5524634|1485301|806|1363274|6|29|109|8|16.95|1.36|18.31|10.00|1.70|13.56|1.70|1.70|10.00|
2451424|73651|14408|1256273|69353|659|4587506|7|24|110|2|72.55|5.80|78.35|10.00|7.25|58.04|7.25|7.25|10.00|
2450960|63584|11297|11071474|581484|4624|1747797|5|32|110|10|20.43|1.63|22.06|10.00|2.04|16.34|2.04|2.04|10.00|
2451462|57494|14377|1341241|1360053|3942|108796|9|7|111|1|57.09|4.57|61.66|10.00|5.71|45.67|5.71|5.71|10.00|
2451119|25612|6963|4151609|1347427|525|145731|4|5|111|7|30.31|2.42|32.73|10.00|3.03|24.25|3.03|3.03|10.00|
2451093|74230|11106|750273|527352|6680|856552|9|6|112|2|58.51|4.68|63.19|10.00|5.85|46.81|5.85|5.85|10.00|
2451011|66041|4440|11087929|1646836|1254|1020395|6|29|112|1|66.26|5.30|71.56|10.00|6.63|53.01|6.63|6.63|10.00|
2451107|33397|4753|4436107|22024|1600|5919789|10|9|113|5|64.68|5.17|69.85|10.00|6.47|51.74|6.47|6.47|10.00|
2451265|76529|12968|4030857|635403|540|4056323|7|5|113|1|48.56|3.88|52.44|10.00|4.86|38.85|4.86|4.86|10.00|
2450982|51247|9315|532044|1890333|2064|3844990|6|26|114|4|68.03|5.44|73.47|10.00|6.80|54.42|6.80|6.80|10.00|
2450875|51202|2891|947915|1250181|5836|3115868|5|35|114|4|52.27|4.18|56.45|10.00|5.23|41.82|5.23|5.23|10.00|
2451115|85722|14545|9533667|969728|789|5311638|6|22|115|1|26.99|2.16|29.15|10.00|2.70|21.59|2.70|2.70|10.00|
2451125|1486|146|4224620|1161906|6294|1289986|4|16|115|5|93.82|7.51|101.33|10.00|9.38|75.06|9.38|9.38|10.00|
2451540|44757|10558|4211613|137599|4529|1191096|9|25|116|8|2.05|0.16|2.21|10.00|0.20|1.64|0.20|0.20|10.00|
2451179|59502|15116|6262251|505091|7184|4962349|11|6|116|4|71.50|5.72|77.22|10.00|7.15|57.20|7.15|7.15|10.00|
2451178|75264|6116|10850198|391999|6527|3323659|1|1|117|4|96.43|7.71|104.14|10.00|9.64|77.14|9.64|9.64|10.00|
2451299|48987|9342|4943422|385662|3639|1892362|10|9|117|4|35.23|2.82|38.05|10.00|3.52|28.18|3.52|3.52|10.00|
2451443|15313|4282|7305794|450164|6188|2961374|7|31|118|5|48.13|3.85|51.98|10.00|4.81|38.50|4.81|4.81|10.00|
2450870|62686|11313|8839215|607105|4908|2670685|1|30|118|7|87.84|7.03|94.87|10.00|8.78|70.27|8.78|8.78|10.00|
2450856|50088|5207|3191142|212035|1899|2665480|6|26|119|1|60.89|4.87|65.76|10.00|6.09|48.71|6.09|6.09|10.00|
2451007|13948|13965|4138744|1397649|726|5235682|3|5|119|8|22.29|1.78|24.07|10.00|2.23|17.83|2.23|2.23|10.00|
2451209|35392|1383|6146727|441389|1377|3706248|4|19|120|2|64.53|5.16|69.69|10.00|6.45|51.62|6.45|6.45|10.00|
2451025|38504|4198|11731471|1756846|5260|2193368|5|6|120|8|19.36|1.55|20.91|10.00|1.94|15.49|1.94|1.94|10.00|
2451382|76651|13332|10154107|352727|4466|5849218|6|35|121|1|53.03|4.24|57.27|10.00|5.30|42.42|5.30|5.30|10.00|
2451161|64993|13918|10565672|557030|7024|388850|9|20|121|3|86.56|6.92|93.48|10.00|8.66|69.25|8.66|8.66|10.00|
2450829|39682|11205|11867392|1904469|856|2781837|11|26|122|1|45.88|3.67|49.55|10.00|4.59|36.70|4.59|4.59|10.00|
2451049|30215|12938|7541977|809438|1920|3462257|12|13|122|3|14.54|1.16|15.70|10.00|1.45|11.63|1.45|1.45|10.00|
2451288|44112|13471|3344587|547233|2681|1350092|4|19|123|7|88.34|7.07|95.41|10.00|8.83|70.67|8.83|8.83|10.00|
2450832|83588|1899|8490635|303429|852|2519850|11|12|123|8|52.95|4.24|57.19|10.00|5.30|42.36|5.30|5.30|10.00|
2451306|15534|6108|3810382|1187300|5654|4867973|6|21|124|2|42.59|3.41|46.00|10.00|4.26|34.07|4.26|4.26|10.00|
2450900|22280|2417|1144585|1405723|3400|5595411|7|12|124|3|29.83|2.39|32.22|10.00|2.98|23.86|2.98|2.98|10.00|
2451004|11454|12568|4861462|1703685|4492|133183|1|15|125|1|67.60|5.41|73.01|10.00|6.76|54.08|6.76|6.76|10.00|
2451304|41132|6428|11178765|290463|1686|3630782|1|28|125|8|63.00|5.04|68.04|10.00|6.30|50.40|6.30|6.30|10.00|
2451246|28316|1402|8201578|1847807|3426|211612|8|24|126|6|71.85|5.75|77.60|10.00|7.18|57.48|7.18|7.18|10.00|
2451162|39996|16820|714353|362858|1337|5007351|4|4|126|10|12.29|0.98|13.27|10.00|1.23|9.83|1.23|1.23|10.00|
2450915|31583|14704|3178313|1696982|4868|620822|9|4|127|2|42.83|3.43|46.26|10.00|4.28|34.26|4.28|4.28|10.00|
2450905|44204|10005|11349321|1329095|2994|1491315|2|16|127|7|8.00|0.64|8.64|10.00|0.80|6.40|0.80|0.80|10.00|
2451496|5068|10095|9313229|156074|2687|4385789|3|3|128|4|16.28|1.30|17.58|10.00|1.63|13.02|1.63|1.63|10.00|
2451412|60932|6836|4725862|1226002|920|4897481|4|5|128|1|32.42|2.59|35.01|10.00|3.24|25.94|3.24|3.24|10.00|
2451166|77335|14284|1729099|1629790|2004|4171100|4|25|129|6|86.32|6.91|93.23|10.00|8.63|69.06|8.63|8.63|10.00|
2451366|23420|6231|915748|1724515|7024|5455306|9|29|129|3|25.46|2.04|27.50|10.00|2.55|20.37|2.55|2.55|10.00|
2451389|29470|7890|480033|1406517|5114|2804846|8|1|130|2|71.05|5.68|76.73|10.00|7.11|56.84|7.11|7.11|10.00|
2451027|28514|6144|6132756|1616362|5152|2955322|4|14|130|9|89.54|7.16|96.70|10.00|8.95|71.63|8.95|8.95|10.00|
2451324|48358|13071|8484004|941999|357|5466528|1|31|131|9|71.34|5.71|77.05|10.00|7.13|57.07|7.13|7.13|10.00|
2451462|65708|14365|1458665|1713102|5102|1994973|5|20|131|1|97.03|7.76|104.79|10.00|9.70|77.62|9.70|9.70|10.00|
2451020|41570|12289|7687570|1401703|2099|12937|11|26|132|5|7.06|0.56|7.62|10.00|0.71|5.65|0.71|0.71|10.00|
2451122|8078|3833|6216658|650941|6178|4279416|12|7|132|8|90.58|7.25|97.83|10.00|9.06|72.46|9.06|9.06|10.00|
2451510|48019|1245|11262399|149371|5325|1389164|6|25|133|1|26.20|2.10|28.30|10.00|2.62|20.96|2.62|2.62|10.00|
2451544|14928|8846|9931388|1741564|5181|2427244|5|6|133|9|89.90|7.19|97.09|10.00|8.99|71.92|8.99|8.99|10.00|
2451052|67051|14085|8594447|287063|3210|1900509|12|31|134|3|56.74|4.54|61.28|10.00|5.67|45.39|5.67|5.67|10.00|
2450835|33182|15414|4043594|1575860|2593|454504|12|21|134|10|87.07|6.97|94.04|10.00|8.71|69.66|8.71|8.71|10.00|
2451161|44651|14213|764929|1408885|5699|1114365|7|26|135|10|39.72|3.18|42.90|10.00|3.97|31.78|3.97|3.97|10.00|
2451391|82108|8073|4319880|287928|4147|4593000|5|5|135|2|28.36|2.27|30.63|10.00|2.84|22.69|2.84|2.84|10.00|
2451508|80448|7728|4060935|1006520|2597|1540110|1|6|136|10|22.64|1.81|24.45|10.00|2.26|18.11|2.26|2.26|10.00|
2451347|41850|1628|400105|369854|1203|5048010|9|34|136|5|63.86|5.11|68.97|10.00|6.39|51.09|6.39|6.39|10.00|
2451455|81055|10328|5223000|291494|48|2973454|2|25|137|6|13.40|1.07|14.47|10.00|1.34|10.72|1.34|1.34|10.00|
2451003|85157|13313|9870495|229142|1245|2804558|12|11|137|1|70.32|5.63|75.95|10.00|7.03|56.26|7.03|7.03|10.00|
2451197|75971|15218|7978070|488430|5171|3111609|2|17|138|8|64.84|5.19|70.03|10.00|6.48|51.87|6.48|6.48|10.00|
2451168|58420|2965|4938072|1710341|5700|2408264|11|13|138|6|39.35|3.15|42.50|10.00|3.94|31.48|3.94|3.94|10.00|
2451337|62061|8802|10750149|1401466|4213|688500|5|6|139|10|40.15|3.21|43.36|10.00|4.01|32.12|4.01|4.01|10.00|
2450928|46496|15320|7872250|1575879|4738|1335768|7|25|139|3|85.71|6.86|92.57|10.00|8.57|68.57|8.57|8.57|10.00|
2451513|21523|8662|6990988|410507|7023|2093207|9|35|140|5|40.22|3.22|43.44|10.00|4.02|32.18|4.02|4.02|10.00|
2451212|41054|11566|7660885|920542|3165|4642134|11|3|140|9|9.43|0.75|10.18|10.00|0.94|7.54|0.94|0.94|10.00|
2451446|5530|282|4501001|1253648|5692|2866382|3|8|141|7|97.29|7.78|105.07|10.00|9.73|77.83|9.73|9.73|10.00|
2451369|64707|7887|8928804|1145167|5887|324820|10|33|141|8|7.00|0.56|7.56|10.00|0.70|5.60|0.70|0.70|10.00|
2451119|26551|3785|1380979|757797|4963|2074341|2|7|142|7|39.69|3.18|42.87|10.00|3.97|31.75|3.97|3.97|10.00|
2451100|73611|16057|2011189|92990|4082|2351140|11|15|142|10|76.87|6.15|83.02|10.00|7.69|61.50|7.69|7.69|10.00|
2451409|19807|13743|2771790|1657868|3639|3604364|12|18|143|2|33.45|2.68|36.13|10.00|3.35|26.76|3.35|3.35|10.00|
2451403|70185|6373|5968666|1338638|5938|4591759|3|11|143|9|2.19|0.18|2.37|10.00|0.22|1.75|0.22|0.22|10.00|
2451507|43669|16577|9369405|1412041|2887|4065770|12|10|144|5|13.86|1.11|14.97|10.00|1.39|11.09|1.39|1.39|10.00|
2451237|79919|12786|1891764|1117052|965|701571|10|22|144|1|5.58|0.45|6.03|10.00|0.56|4.46|0.56|0.56|10.00|
2451361|53853|15594|10987166|1247109|2013|5603449|4|27|145|8|8.92|0.71|9.63|10.00|0.89|7.14|0.89|0.89|10.00|
2451113|19922|8401|5855390|1023397|6536|3421415|2|21|145|6|94.83|7.59|102.42|10.00|9.48|75.86|9.48|9.48|10.00|
2451438|44200|8359|6871867|1678957|2124|3860990|1|21|146|1|17.91|1.43|19.34|10.00|1.79|14.33|1.79|1.79|10.00|
2450906|13182|13254|8129298|848067|4469|4190698|5|15|146|4|69.22|5.54|74.76|10.00|6.92|55.38|6.92|6.92|10.00|
2451209|52035|4872|7063293|1019269|5996|2682497|9|9|147|3|31.80|2.54|34.34|10.00|3.18|25.44|3.18|3.18|10.00|
2451347|85557|12160|5331044|1386547|5242|4389625|5|18|147|9|52.21|4.18|56.39|10.00|5.22|41.77|5.22|5.22|10.00|
2451172|9933|14947|4559803|1535549|4191|4792068|7|35|148|8|40.31|3.22|43.53|10.00|4.03|32.25|4.03|4.03|10.00|
2451333|38023|15007|1980401|22194|2900|658432|1|4|148|2|16.69|1.34|18.03|10.00|1.67|13.35|1.67|1.67|10.00|
2451214|50607|5200|2764149|290280|5720|4416626|3|21|149|5|99.14|7.93|107.07|10.00|9.91|79.31|9.91|9.91|10.00|
2451527|48456|5467|1948083|1101059|3022|5499831|6|14|149|8|2.55|0.20|2.75|10.00|0.26|2.04|0.26|0.26|10.00|
2451261|39483|15915|7961061|1242247|5009|1832904|1|5|150|3|91.84|7.35|99.19|10.00|9.18|73.47|9.18|9.18|10.00|
2450867|41076|10585|5754084|1642280|4980|4658611|5|11|150|5|48.23|3.86|52.09|10.00|4.82|38.58|4.82|4.82|10.00|
2451034|68856|13688|4606514|1788721|6561|1033909|9|18|151|1|55.08|4.41|59.49|10.00|5.51|44.06|5.51|5.51|10.00|
2450981|66376|16147|11224608|179730|5412|4496375|4|34|151|2|93.13|7.45|100.58|10.00|9.31|74.50|9.31|9.31|10.00|
2451224|9885|4570|8424184|185736|2110|5364834|3|18|152|6|50.85|4.07|54.92|10.00|5.09|40.68|5.09|5.09|10.00|
2451259|36074|6830|6648127|1240282|79|1268708|9|8|152|1|79.86|6.39|86.25|10.00|7.99|63.89|7.99|7.99|10.00|
2451223|3251|3849|3562913|372679|2632|3006516|1|22|153|5|76.50|6.12|82.62|10.00|7.65|61.20|7.65|7.65|10.00|
2451097|77300|1608|4385783|1440480|5324|3046894|6|23|153|8|4.31|0.34|4.65|10.00|0.43|3.45|0.43|0.43|10.00|
2450946|9834|16235|2867639|404734|4881|3383104|12|12|154|5|87.03|6.96|93.99|10.00|8.70|69.62|8.70|8.70|10.00|
2451313|38|6899|8761045|1307743|549|581144|4|6|154|8|54.71|4.38|59.09|10.00|5.47|43.77|5.47|5.47|10.00|
2451037|19485|15145|4257384|1860141|6496|4195355|10|33|155|10|25.90|2.07|27.97|10.00|2.59|20.72|2.59|2.59|10.00|
2450845|1507|14811|8402092|100967|3771|5489135|6|15|155|6|2.94|0.24|3.18|10.00|0.29|2.35|0.29|0.29|10.00|
2451431|48021|2595|11739109|1859385|6691|4224053|5|12|156|10|26.47|2.12|28.59|10.00|2.65|21.18|2.65|2.65|10.00|
2450928|54174|6406|2444195|1567395|5218|278838|11|35|156|3|3.95|0.32|4.27|10.00|0.40|3.16|0.40|0.40|10.00|
2450900|9984|12154|11461481|108832|307|4922217|11|9|157|9|60.64|4.85|65.49|10.00|6.06|48.51|6.06|6.06|10.00|
2451218|81883|13691|6029161|1274641|1702|1255739|12|25|157|3|88.46|7.08|95.54|10.00|8.85|70.77|8.85|8.85|10.00|
2451334|63849|1559|3105858|1542708|1300|2761158|6|7|158|9|8.21|0.66|8.87|10.00|0.82|6.57|0.82|0.82|10.00|
2451370|57681|16413|4887705|228474|5359|5454672|8|3|158|3|27.84|2.23|30.07|10.00|2.78|22.27|2.78|2.78|10.00|
2451469|22529|5062|8037638|1307408|405|5501895|3|2|159|4|93.48|7.48|100.96|10.00|9.35|74.78|9.35|9.35|10.00|
2451450|33165|1137|3465246|1901244|6282|1732470|9|20|159|4|81.02|6.48|87.50|10.00|8.10|64.82|8.10|8.10|10.00|
2451331|27719|13810|9317646|992313|5567|4710990|2|12|160|7|88.61|7.09|95.70|10.00|8.86|70.89|8.86|8.86|10.00|
2450820|73810|5313|9607702|256728|3674|2823195|6|25|160|9|93.73|7.50|101.23|10.00|9.37|74.98|9.37|9.37|10.00|
2451277|85379|1630|9418905|965349|6792|3068914|4|10|161|1|31.38|2.51|33.89|10.00|3.14|25.10|3.14|3.14|10.00|
2451001|7971|14710|2502990|1025899|5726|4396776|7|15|161|2|1.09|0.09|1.18|10.00|0.11|0.87|0.11|0.11|10.00|
2450993|29003|1244|10085808|743341|2312|2544760|3|7|162|6|61.19|4.90|66.09|10.00|6.12|48.95|6.12|6.12|10.00|
2451528|20859|11469|9354421|273326|5381|3413549|3|22|162|4|44.07|3.53|47.60|10.00|4.41|35.26|4.41|4.41|10.00|
2451052|82640|2154|9494843|891257|4669|628156|1|28|163|10|8.75|0.70|9.45|10.00|0.88|7.00|0.88|0.88|10.00|
2451001|10321|9841|11094843|1688257|3731|324993|1|32|163|7|27.62|2.21|29.83|10.00|2.76|22.10|2.76|2.76|10.00|
2451416|29580|7039|10896480|1125394|4461|4160772|10|34|164|3|9.55|0.76|10.31|10.00|0.96|7.64|0.96|0.96|10.00|
2451011|49543|5237|4587834|1655876|6893|5553179|7|13|164|1|41.69|3.34|45.03|10.00|4.17|33.35|4.17|4.17|10.00|
2451511|49791|16144|11655555|1570299|5785|2050320|2|35|165|3|28.81|2.30|31.11|10.00|2.88|23.05|2.88|2.88|10.00|
2451049|40650|3450|4984586|660906|1290|4624864|9|35|165|1|80.92|6.47|87.39|10.00|8.09|64.74|8.09|8.09|10.00|
2451473|22452|7441|1984966|1601634|5453|3991581|10|4|166|10|41.69|3.34|45.03|10.00|4.17|33.35|4.17|4.17|10.00|
2451266|82347|16434|8649604|903070|1329|2356925|5|21|166|8|32.65|2.61|35.26|10.00|3.27|26.12|3.27|3.27|10.00|
2451405|71838|7820|3092816|966622|2598|2464995|10|18|167|4|52.08|4.17|56.25|10.00|5.21|41.66|5.21|5.21|10.00|
2451417|83706|8402|1407883|1477061|2173|3634136|6|5|167|5|38.82|3.11|41.93|10.00|3.88|31.06|3.88|3.88|10.00|
2451205|41098|5284|5161456|1586028|1902|1713580|3|30|168|4|17.16|1.37|18.53|10.00|1.72|13.73|1.72|1.72|10.00|
2450832|11390|418|11132044|1604452|6668|273383|6|2|168|10|34.55|2.76|37.31|10.00|3.46|27.64|3.46|3.46|10.00|
2451464|22501|6481|7446373|1469956|981|2732475|1|31|169|2|74.37|5.95|80.32|10.00|7.44|59.50|7.44|7.44|10.00|
2451303|73631|4616|10360038|778766|4769|2969955|3|26|169|1|94.05|7.52|101.57|10.00|9.40|75.24|9.40|9.40|10.00|
2451481|83572|13449|11200442|934680|4705|2292475|2|31|170|10|42.89|3.43|46.32|10.00|4.29|34.31|4.29|4.29|10.00|
2451300|5664|5650|509890|940977|5469|4186927|1|10|170|9|42.27|3.38|45.65|10.00|4.23|33.82|4.23|4.23|10.00|
2450985|11841|5598|7258025|630909|4445|4746654|8|22|171|4|35.01|2.80|37.81|10.00|3.50|28.01|3.50|3.50|10.00|
2450820|5659|3584|4968562|1097488|589|3312788|8|34|171|9|5.03|0.40|5.43|10.00|0.50|4.02|0.50|0.50|10.00|
2450963|50765|6381|11486397|559473|4982|1812701|3|19|172|9|82.30|6.58|88.88|10.00|8.23|65.84|8.23|8.23|10.00|
2450920|76650|5059|11185085|135698|2882|4385473|4|5|172|4|55.03|4.40|59.43|10.00|5.50|44.02|5.50|5.50|10.00|
2451517|54375|4328|7707415|1016544|2965|4109090|2|24|173|10|40.63|3.25|43.88|10.00|4.06|32.50|4.06|4.06|10.00|
2450898|81857|6059|1675459|326271|592|2456235|9|32|173|7|17.14|1.37|18.51|10.00|1.71|13.71|1.71|1.71|10.00|
2451478|58572|705|719375|630442|4540|5731417|7|19|174|3|39.25|3.14|42.39|10.00|3.93|31.40|3.93|3.93|10.00|
2450965|36595|3365|4692357|1369180|7155|5087180|3|24|174|8|31.91|2.55|34.46|10.00|3.19|25.53|3.19|3.19|10.00|
2450827|12777|13085|10916425|49248|5440|3435289|4|20|175|6|22.61|1.81|24.42|10.00|2.26|18.09|2.26|2.26|10.00|
2451335|27527|13804|1043672|1514457|3784|1764147|11|17|175|5|15.53|1.24|16.77|10.00|1.55|12.42|1.55|1.55|10.00|
2451104|62018|14015|1640932|1827986|5952|2155486|2|14|176|3|96.50|7.72|104.22|10.00|9.65|77.20|9.65|9.65|10.00|
2450875|77838|17793|186561|444651|2682|3658729|11|24|176|10|14.58|1.17|15.75|10.00|1.46|11.66|1.46|1.46|10.00|
2451076|16642|7695|11293376|240190|4088|2912763|3|29|177|6|51.98|4.16|56.14|10.00|5.20|41.58|5.20|5.20|10.00|
2451387|67390|9414|7033597|1329366|5226|303871|9|34|177|7|81.87|6.55|88.42|10.00|8.19|65.50|8.19|8.19|10.00|
2450858|72061|13090|830573|53095|1825|5277831|5|10|178|9|96.09|7.69|103.78|10.00|9.61|76.87|9.61|9.61|10.00|
2451322|66623|4490|188692|1242895|1943|4410787|8|11|178|5|92.77|7.42|100.19|10.00|9.28|74.22|9.28|9.28|10.00|
2450837|27351|15447|10543028|72284|5783|4795284|7|6|179|8|86.00|6.88|92.88|10.00|8.60|68.80|8.60|8.60|10.00|
2450828|44923|4108|4676367|762779|3717|3619567|3|27|179|4|49.83|3.99|53.82|10.00|4.98|39.86|4.98|4.98|10.00|
2450825|81805|1136|8005802|419414|7164|4308616|11|34|180|9|77.08|6.17|83.25|10.00|7.71|61.66|7.71|7.71|10.00|
2451427|9404|8480|2667351|937293|6481|4584297|12|28|180|4|10.45|0.84|11.29|10.00|1.04|8.36|1.04|1.04|10.00|
2451544|30096|12953|11529476|1486718|3922|2507041|2|24|181|4|41.71|3.34|45.05|10.00|4.17|33.37|4.17|4.17|10.00|
2451350|42313|16591|9313616|1224465|4170|3850003|1|26|181|7|24.56|1.96|26.52|10.00|2.46|19.65|2.46|2.46|10.00|
2451347|30997|5604|1998019|262552|1561|659331|3|29|182|5|99.99|8.00|107.99|10.00|10.00|79.99|10.00|10.00|10.00|
2451491|33512|2403|8938143|260419|4417|4208034|5|24|182|5|85.93|6.87|92.80|10.00|8.59|68.74|8.59|8.59|10.00|
2451466|15631|2527|3050528|1780889|3485|5579833|4|29|183|8|25.36|2.03|27.39|10.00|2.54|20.29|2.54|2.54|10.00|
2451379|19071|994|295219|725200|4680|3649151|2|34|183|2|98.60|7.89|106.49|10.00|9.86|78.88|9.86|9.86|10.00|
2450970|17560|6091|9088715|1525593|3275|972348|12|27|184|3|39.72|3.18|42.90|10.00|3.97|31.78|3.97|3.97|10.00|
2451459|43543|12887|11141719|957655|1028|2553651|3|13|184|4|22.64|1.81|24.45|10.00|2.26|18.11|2.26|2.26|10.00|
2451444|16748|3641|5585917|1229563|677|4272377|11|19|185|6|13.09|1.05|14.14|10.00|1.31|10.47|1.31|1.31|10.00|
2450985|7460|932|7946366|228600|1375|877979|1|33|185|4|40.20|3.22|43.42|10.00|4.02|32.16|4.02|4.02|10.00|
2451453|63832|16248|1419073|963848|2645|1156040|4|28|186|1|74.67|5.97|80.64|10.00|7.47|59.74|7.47|7.47|10.00|
2451024|12910|4915|812221|1603231|5952|3702623|8|18|186|2|52.13|4.17|56.30|10.00|5.21|41.70|5.21|5.21|10.00|
2451003|5304|8804|11737920|539516|6541|196105|11|6|187|9|90.58|7.25|97.83|10.00|9.06|72.46|9.06|9.06|10.00|
2451124|19678|5425|9799112|585498|2030|5714445|5|31|187|10|31.99|2.56|34.55|10.00|3.20|25.59|3.20|3.20|10.00|
2451517|38884|5011|11700794|1589059|6704|5423359|8|5|188|8|80.93|6.47|87.40|10.00|8.09|64.74|8.09|8.09|10.00|
2450969|4256|15020|4260131|884315|5450|2230298|8|27|188|7|34.83|2.79|37.62|10.00|3.48|27.86|3.48|3.48|10.00|
2451420|11299|777|4079005|1238591|4184|5333994|1|19|189|1|29.13|2.33|31.46|10.00|2.91|23.30|2.91|2.91|10.00|
2451141|31084|6669|412644|239607|5455|5319839|3|8|189|9|53.21|4.26|57.47|10.00|5.32|42.57|5.32|5.32|10.00|
2451396|42516|641|11303686|214939|2737|3647449|4|14|190|9|61.24|4.90|66.14|10.00|6.12|48.99|6.12|6.12|10.00|
2451491|48131|11403|1918065|273536|5883|3519526|9|27|190|10|39.50|3.16|42.66|10.00|3.95|31.60|3.95|3.95|10.00|
2450905|86367|17832|7481065|984627|5595|4980962|8|12|191|5|84.52|6.76|91.28|10.00|8.45|67.62|8.45|8.45|10.00|
2450850|76989|17625|11744963|11875|4414|1410199|9|9|191|4|14.27|1.14|15.41|10.00|1.43|11.42|1.43|1.43|10.00|
2451125|26074|1466|4022860|367956|5073|3033419|6|5|192|5|74.89|5.99|80.88|10.00|7.49|59.91|7.49|7.49|10.00|
2451101|62371|6210|6964507|747960|1181|2325289|10|9|192|10|64.19|5.14|69.33|10.00|6.42|51.35|6.42|6.42|10.00|
2451517|21384|10917|11953884|1064098|2417|3494651|9|6|193|4|34.45|2.76|37.21|10.00|3.45|27.56|3.45|3.45|10.00|
2451458|54320|7996|5786726|1604834|4379|1689182|5|18|193|6|33.86|2.71|36.57|10.00|3.39|27.09|3.39|3.39|10.00|
2451157|53384|176|11050069|534036|5793|3884911|10|24|194|4|41.17|3.29|44.46|10.00|4.12|32.94|4.12|4.12|10.00|
2451306|11284|17422|2588600|815103|1822|3890323|6|2|194|8|49.22|3.94|53.16|10.00|4.92|39.38|4.92|4.92|10.00|
2450922|42951|14592|11310875|907235|5867|1377104|5|29|195|3|26.15|2.09|28.24|10.00|2.62|20.92|2.62|2.62|10.00|
2451348|46761|3619|9680583|1834717|1487|4999741|4|12|195|6|27.36|2.19|29.55|10.00|2.74|21.89|2.74|2.74|10.00|
2450895|69734|16616|2092070|1897568|4929|5774406|11|26|196|7|24.77|1.98|26.75|10.00|2.48|19.82|2.48|2.48|10.00|
2451267|54570|7644|1137328|1789181|4733|4159298|4|19|196|10|35.14|2.81|37.95|10.00|3.51|28.11|3.51|3.51|10.00|
2450946|65955|15474|10627460|1373819|7005|5141213|2|32|197|7|83.30|6.66|89.96|10.00|8.33|66.64|8.33|8.33|10.00|
2450877|21722|8248|7121401|1907425|1189|5421426|5|6|197|6|65.53|5.24|70.77|10.00|6.55|52.42|6.55|6.55|10.00|
2451358|19854|12215|6950591|196428|770|60549|10|24|198|2|50.98|4.08|55.06|10.00|5.10|40.78|5.10|5.10|10.00|
2450933|43652|13187|10329687|705590|6913|5298847|10|31|198|10|58.76|4.70|63.46|10.00|5.88|47.01|5.88|5.88|10.00|
2450874|46121|13586|7607612|127759|2254|5210861|9|27|199|8|94.57|7.57|102.14|10.00|9.46|75.66|9.46|9.46|10.00|
2451359|74023|10656|3775258|500485|887|1515534|9|17|199|6|96.97|7.76|104.73|10.00|9.70|77.58|9.70|9.70|10.00|
2450878|77742|7665|6105081|359455|4749|1897701|4|23|200|8|82.20|6.58|88.78|10.00|8.22|65.76|8.22|8.22|10.00|
2451052|37848|11283|695031|1634887|2775|2060443|10|23|200|3|63.75|5.10|68.85|10.00|6.38|51.00|6.38|6.38|10.00|
2451524|4145|11107|5079307|1438308|6307|988739|12|5|201|6|88.65|7.09|95.74|10.00|8.87|70.92|8.87|8.87|10.00|
2451231|52719|7836|1661157|1510250|6304|1923427|11|13|201|10|11.00|0.88|11.88|10.00|1.10|8.80|1.10|1.10|10.00|
2451239|22169|12717|3390402|398004|6383|1793889|1|4|202|6|65.76|5.26|71.02|10.00|6.58|52.61|6.58|6.58|10.00|
2451283|5228|7561|6027867|938934|1016|5178088|11|28|202|10|86.63|6.93|93.56|10.00|8.66|69.30|8.66|8.66|10.00|
2451464|61078|12416|11671011|1771681|4892|202174|9|23|203|4|93.50|7.48|100.98|10.00|9.35|74.80|9.35|9.35|10.00|
2451381|4969|4555|8098013|1854577|7059|4823760|3|19|203|10|90.90|7.27|98.17|10.00|9.09|72.72|9.09|9.09|10.00|
2451284|3412|4024|11871404|1099144|4302|2093127|7|19|204|4|25.69|2.06|27.75|10.00|2.57|20.55|2.57|2.57|10.00|
2451500|40669|13136|382067|1830713|5333|2272704|11|3|204|3|0.22|0.02|0.24|10.00|0.02|0.18|0.02|0.02|10.00|
2451440|59304|7963|562971|667054|3851|1346547|6|35|205|8|14.59|1.17|15.76|10.00|1.46|11.67|1.46|1.46|10.00|
2450941|72022|16030|8846478|253293|2197|3564555|6|3|205|4|49.41|3.95|53.36|10.00|4.94|39.53|4.94|4.94|10.00|
2451201|58734|3451|7559002|522072|2348|1260199|1|3|206|2|20.90|1.67|22.57|10.00|2.09|16.72|2.09|2.09|10.00|
2451197|58098|730|7996344|36309|6045|3619970|10|3|206|6|28.89|2.31|31.20|10.00|2.89|23.11|2.89|2.89|10.00|
2451397|33551|8635|4676346|1689230|2709|5790525|6|32|207|6|88.94|7.12|96.06|10.00|8.89|71.15|8.89|8.89|10.00|
2451143|71458|16627|397624|1184639|1091|4927695|4|34|207|9|45.52|3.64|49.16|10.00|4.55|36.42|4.55|4.55|10.00|
2451005|58642|4739|2003243|468221|83|3938961|9|10|208|1|30.79|2.46|33.25|10.00|3.08|24.63|3.08|3.08|10.00|
2451397|7114|9637|1407826|773310|227|4885114|2|26|208|5|33.18|2.65|35.83|10.00|3.32|26.54|3.32|3.32|10.00|
2451513|24299|16797|9287046|322640|6479|3479264|2|10|209|9|9.96|0.80|10.76|10.00|1.00|7.97|1.00|1.00|10.00|
2451295|69868|8290|6525202|538416|1512|182276|2|12|209|8|58.70|4.70|63.40|10.00|5.87|46.96|5.87|5.87|10.00|
2451388|37752|10153|8569454|1420229|3648|2086107|8|22|210|7|2.97|0.24|3.21|10.00|0.30|2.38|0.30|0.30|10.00|
2451376|68384|14491|6794001|833427|4122|2769388|12|17|210|9|93.65|7.49|101.14|10.00|9.37|74.92|9.37|9.37|10.00|
2451382|78574|10323|8029985|302992|3368|247720|3|35|211|5|96.27|7.70|103.97|10.00|9.63|77.02|9.63|9.63|10.00|
2451192|35824|15034|4078566|728951|68|2253195|10|16|211|4|41.16|3.29|44.45|10.00|4.12|32.93|4.12|4.12|10.00|
2451524|10830|17169|3637231|1497973|91|170966|10|35|212|10|77.89|6.23|84.12|10.00|7.79|62.31|7.79|7.79|10.00|
2451443|57696|2054|9420249|43742|3749|4569835|4|28|212|3|2.42|0.19|2.61|10.00|0.24|1.94|0.24|0.24|10.00|
2451525|55092|4889|8136636|1034126|4792|5372535|4|4|213|9|84.70|6.78|91.48|10.00|8.47|67.76|8.47|8.47|10.00|
2451228|12526|4096|6890939|1195338|233|2536717|11|33|213|4|34.56|2.76|37.32|10.00|3.46|27.65|3.46|3.46|10.00|
2451333|31423|1678|9667214|70742|7164|901514|2|10|214|6|50.93|4.07|55.00|10.00|5.09|40.74|5.09|5.09|10.00|
2451514|82014|104|11903688|343844|5884|5553521|10|27|214|8|88.89|7.11|96.00|10.00|8.89|71.11|8.89|8.89|10.00|
2451337|45725|184|1827894|383112|1531|4918863|8|28|215|3|62.81|5.02|67.83|10.00|6.28|50.25|6.28|6.28|10.00|
2451141|6962|13824|1147777|1134736|5090|4019908|7|30|215|6|0.68|0.05|0.73|10.00|0.07|0.54|0.07|0.07|10.00|
2451090|6105|1312|2219315|219579|2981|1927406|1|23|216|7|95.28|7.62|102.90|10.00|9.53|76.22|9.53|9.53|10.00|
2450857|70886|5328|9207602|891855|4932|4414651|10|4|216|4|52.54|4.20|56.74|10.00|5.25|42.03|5.25|5.25|10.00|
2451082|26980|5301|1882370|846525|2086|3216612|1|2|217|3|60.14|4.81|64.95|10.00|6.01|48.11|6.01|6.01|10.00|
2451096|59044|2485|11343167|1549187|655|4555981|9|6|217|5|65.10|5.21|70.31|10.00|6.51|52.08|6.51|6.51|10.00|
2451486|80554|10978|6283481|528358|2403|1373964|3|19|218|7|4.51|0.36|4.87|10.00|0.45|3.61|0.45|0.45|10.00|
2451277|8903|4213|4200267|618382|6245|3865152|12|13|218|7|63.20|5.06|68.26|10.00|6.32|50.56|6.32|6.32|10.00|
2451051|55148|9935|4455835|1444747|2469|2518427|7|34|219|3|92.75|7.42|100.17|10.00|9.28|74.20|9.28|9.28|10.00|
2451356|44524|17941|7658383|132790|2486|4480349|12|24|219|6|67.24|5.38|72.62|10.00|6.72|53.79|6.72|6.72|10.00|
2450966|21513|13207|11783015|1490304|1414|3614696|4|32|220|3|26.70|2.14|28.84|10.00|2.67|21.36|2.67|2.67|10.00|
2451356|61213|12724|10298619|783878|2004|1629835|1|10|220|7|53.75|4.30|58.05|10.00|5.38|43.00|5.38|5.38|10.00|
2451167|22070|2693|4746547|534261|6964|4063056|5|16|221|4|36.03|2.88|38.91|10.00|3.60|28.82|3.60|3.60|10.00|
2450878|60784|1322|6815864|1555839|5511|266657|9|9|221|7|83.53|6.68|90.21|10.00|8.35|66.82|8.35|8.35|10.00|
2450931|13270|2379|4020797|1607298|2530|3249164|10|20|222|4|90.98|7.28|98.26|10.00|9.10|72.78|9.10|9.10|10.00|
2451375|38375|7437|1141351|1004298|4279|681374|8|34|222|10|82.65|6.61|89.26|10.00|8.27|66.12|8.27|8.27|10.00|
2451138|49368|5320|11408035|336159|4302|4910400|1|22|223|6|10.42|0.83|11.25|10.00|1.04|8.34|1.04|1.04|10.00|
2451525|59872|10453|3042255|1424288|2549|3933300|6|13|223|7|34.19|2.74|36.93|10.00|3.42|27.35|3.42|3.42|10.00|
2451215|55443|312|2589038|1309638|582|838987|6|31|224|2|20.28|1.62|21.90|10.00|2.03|16.22|2.03|2.03|10.00|
2451164|66696|7193|11002847|117991|6837|180319|8|30|224|1|22.68|1.81|24.49|10.00|2.27|18.14|2.27|2.27|10.00|
2450948|20579|6975|9625823|334083|2889|5408775|8|28|225|3|28.28|2.26|30.54|10.00|2.83|22.62|2.83|2.83|10.00|
2451401|1140|11299|10877446|606749|6171|1772334|10|24|225|7|69.77|5.58|75.35|10.00|6.98|55.82|6.98|6.98|10.00|
2451245|48389|8646|7671085|1077456|7009|5763247|10|26|226|8|90.95|7.28|98.23|10.00|9.10|72.76|9.10|9.10|10.00|
2451293|56290|4652|11736838|1655051|866|5662634|5|24|226|2|36.16|2.89|39.05|10.00|3.62|28.93|3.62|3.62|10.00|
2450966|28696|2238|4736260|442977|1724|2097166|10|35|227|4|50.36|4.03|54.39|10.00|5.04|40.29|5.04|5.04|10.00|
2450897|25191|8797|2052073|1134127|3932|3481314|9|28|227|9|92.34|7.39|99.73|10.00|9.23|73.87|9.23|9.23|10.00|
2451079|28749|8392|4972539|1813591|6430|2668748|5|19|228|1|96.40|7.71|104.11|10.00|9.64|77.12|9.64|9.64|10.00|
2451312|38842|14979|8517879|1079713|4127|50448|12|30|228|10|9.56|0.76|10.32|10.00|0.96|7.65|0.96|0.96|10.00|
2451479|54018|961|6561651|863238|4846|3949965|5|12|229|9|56.63|4.53|61.16|10.00|5.66|45.30|5.66|5.66|10.00|
2451105|74269|13328|5319007|42080|3670|2873417|10|33|229|5|34.97|2.80|37.77|10.00|3.50|27.98|3.50|3.50|10.00|
2451166|63743|8884|2516284|1540293|3024|1726147|7|29|230|9|3.67|0.29|3.96|10.00|0.37|2.94|0.37|0.37|10.00|
2450993|80944|3458|4158234|396780|6021|642851|9|10|230|6|37.53|3.00|40.53|10.00|3.75|30.02|3.75|3.75|10.00|
2451023|37617|5500|2579566|1168107|5489|3836381|10|32|231|6|14.39|1.15|15.54|10.00|1.44|11.51|1.44|1.44|10.00|
2451409|876|828|1086233|1771603|4515|4457784|12|7|231|8|6.32|0.51|6.83|10.00|0.63|5.06|0.63|0.63|10.00|
2451522|15304|6707|11419156|791884|3939|409779|9|19|232|5|53.66|4.29|57.95|10.00|5.37|42.93|5.37|5.37|10.00|
2451414|83036|1380|6687119|1891459|4471|3450895|7|25|232|8|63.03|5.04|68.07|10.00|6.30|50.42|6.30|6.30|10.00|
2451229|2478|11653|8790827|1227064|6539|413823|1|33|233|10|88.98|7.12|96.10|10.00|8.90|71.18|8.90|8.90|10.00|
2451003|76687|16809|8905251|1639307|3259|2282172|4|27|233|3|73.08|5.85|78.93|10.00|7.31|58.46|7.31|7.31|10.00|
2451190|69954|11162|3764410|1633739|3097|971319|4|31|234|2|77.74|6.22|83.96|10.00|7.77|62.19|7.77|7.77|10.00|
2451251|68438|399|84433|371351|6007|2764974|11|10|234|6|52.16|4.17|56.33|10.00|5.22|41.73|5.22|5.22|10.00|
2451489|67445|17156|582490|563200|5400|373992|3|35|235|10|5.51|0.44|5.95|10.00|0.55|4.41|0.55|0.55|10.00|
2451393|32186|2998|10066145|1100291|420|4109679|6|19|235|1|88.09|7.05|95.14|10.00|8.81|70.47|8.81|8.81|10.00|
2451120|30534|6040|3859616|1364088|2799|997743|6|6|236|10|32.65|2.61|35.26|10.00|3.27|26.12|3.27|3.27|10.00|
2450824|6356|17486|4858481|322984|6132|3282006|9|32|236|10|69.65|5.57|75.22|10.00|6.97|55.72|6.97|6.97|10.00|
2451469|85394|753|6031458|971360|9|4536171|11|30|237|4|62.40|4.99|67.39|10.00|6.24|49.92|6.24|6.24|10.00|
2451190|54444|17228|9667042|302927|2197|1691848|2|30|237|10|4.79|0.38|5.17|10.00|0.48|3.83|0.48|0.48|10.00|
2451013|2495|5232|11409755|1106825|3851|4788798|4|1|238|7|36.72|2.94|39.66|10.00|3.67|29.38|3.67|3.67|10.00|
2451381|28002|2273|5766735|884321|3243|2031199|2|21|238|8|8.22|0.66|8.88|10.00|0.82|6.58|0.82|0.82|10.00|
2451483|70864|8319|5561842|330020|1715|5679257|9|26|239|5|13.02|1.04|14.06|10.00|1.30|10.42|1.30|1.30|10.00|
2451328|47175|5915|7188906|571535|6305|2261547|7|5|239|7|36.42|2.91|39.33|10.00|3.64|29.14|3.64|3.64|10.00|
2451282|64614|16916|5639229|1516920|161|4201676|1|30|240|10|29.46|2.36|31.82|10.00|2.95|23.57|2.95|2.95|10.00|
2450912|75180|6121|4722675|1746036|4640|4676590|10|30|240|7|63.95|5.12|69.07|10.00|6.40|51.16|6.40|6.40|10.00|
2451194|17149|17697|5945006|1496495|4574|1253957|9|31|241|6|40.76|3.26|44.02|10.00|4.08|32.61|4.08|4.08|10.00|
2451061|3459|15626|1819470|1073243|5611|4727375|12|15|241|4|35.44|2.84|38.28|10.00|3.54|28.35|3.54|3.54|10.00|
2451269|68852|5561|3932885|1824320|2326|4844947|5|4|242|7|87.76|7.02|94.78|10.00|8.78|70.21|8.78|8.78|10.00|
2451107|23172|10797|7717101|619531|925|2684462|5|12|242|9|16.03|1.28|17.31|10.00|1.60|12.82|1.60|1.60|10.00|
2451417|26914|6897|639383|973075|2085|104513|10|8|243|7|86.78|6.94|93.72|10.00|8.68|69.42|8.68|8.68|10.00|
2451483|3186|10923|3213547|1301293|5073|1989562|11|5|243|4|70.15|5.61|75.76|10.00|7.02|56.12|7.02|7.02|10.00|
2450980|25713|12995|5893354|1276312|3497|3702657|11|15|244|7|38.67|3.09|41.76|10.00|3.87|30.94|3.87|3.87|10.00|
2451287|35562|8222|1051272|1395479|3718|3173153|12|5|244|7|92.50|7.40|99.90|10.00|9.25|74.00|9.25|9.25|10.00|
2451090|79932|7031|11765915|726180|2014|238756|11|26|245|1|16.91|1.35|18.26|10.00|1.69|13.53|1.69|1.69|10.00|
2450854|48937|2425|11981494|469953|1806|5650592|10|18|245|8|23.05|1.84|24.89|10.00|2.31|18.44|2.31|2.31|10.00|
2451370|22102|16871|3665314|529937|4822|1952183|12|25|246|10|73.58|5.89|79.47|10.00|7.36|58.86|7.36|7.36|10.00|
2451284|55881|9414|4459846|452453|2858|5174622|8|17|246|7|94.78|7.58|102.36|10.00|9.48|75.82|9.48|9.48|10.00|
2451499|53308|3983|9775331|1153667|4929|1542317|9|21|247|4|89.11|7.13|96.24|10.00|8.91|71.29|8.91|8.91|10.00|
2451068|22814|5133|9111266|421198|3078|2654216|12|15|247|8|24.28|1.94|26.22|10.00|2.43|19.42|2.43|2.43|10.00|
2451087|9167|5221|8581634|702803|2649|3444233|10|24|248|4|94.16|7.53|101.69|10.00|9.42|75.33|9.42|9.42|10.00|
2450951|56942|5389|9915621|1874387|5992|3488698|3|2|248|6|48.57|3.89|52.46|10.00|4.86|38.86|4.86|4.86|10.00|
2450837|50483|10218|11529668|186879|3296|4257082|9|35|249|7|88.05|7.04|95.09|10.00|8.80|70.44|8.80|8.80|10.00|
2450995|58610|8926|9196032|1551701|2191|4700594|9|22|249|6|5.88|0.47|6.35|10.00|0.59|4.70|0.59|0.59|10.00|
2451267|26940|9389|2814973|728884|3033|2439985|7|9|250|3|78.48|6.28|84.76|10.00|7.85|62.78|7.85|7.85|10.00|
2451327|58420|12659|3487619|1780117|935|4248076|5|18|250|3|22.61|1.81|24.42|10.00|2.26|18.09|2.26|2.26|10.00|
2451136|24577|17883|11293068|817204|1360|4701856|12|17|251|3|68.48|5.48|73.96|10.00|6.85|54.78|6.85|6.85|10.00|
2451471|36861|3322|1958310|302721|5939|2148001|3|1|251|8|64.93|5.19|70.12|10.00|6.49|51.94|6.49|6.49|10.00|
2451164|486|13175|11022153|1168292|1061|2189498|4|6|252|4|15.68|1.25|16.93|10.00|1.57|12.54|1.57|1.57|10.00|
2451271|83049|2942|8648741|1311450|1871|3035505|12|24|252|8|8.00|0.64|8.64|10.00|0.80|6.40|0.80|0.80|10.00|
2451100|46303|12664|8484981|1885840|6728|5587276|7|29|253|7|17.19|1.38|18.57|10.00|1.72|13.75|1.72|1.72|10.00|
2451059|52782|5274|1987363|152602|3469|2942282|4|5|253|3|64.66|5.17|69.83|10.00|6.47|51.73|6.47|6.47|10.00|
2451239|77316|17472|3367054|1731979|433|1718980|5|31|254|2|64.06|5.12|69.18|10.00|6.41|51.25|6.41|6.41|10.00|
2451129|25700|12803|8308622|682736|6080|1349195|8|18|254|6|59.46|4.76|64.22|10.00|5.95|47.57|5.95|5.95|10.00|
2450855|77737|464|11440868|1180059|5686|1018108|11|3|255|5|84.97|6.80|91.77|10.00|8.50|67.98|8.50|8.50|10.00|
2451091|39769|5758|6345234|641705|5185|4487556|9|17|255|10|28.50|2.28|30.78|10.00|2.85|22.80|2.85|2.85|10.00|
2450948|31586|2409|867115|1747341|4586|2641709|5|18|256|8|67.32|5.39|72.71|10.00|6.73|53.86|6.73|6.73|10.00|
2451539|23862|12317|4205068|1025569|342|5186473|7|19|256|9|94.43|7.55|101.98|10.00|9.44|75.54|9.44|9.44|10.00|
2451247|85687|1329|9066340|1336033|4819|5634010|3|9|257|3|93.87|7.51|101.38|10.00|9.39|75.10|9.39|9.39|10.00|
2451253|28563|991|6718558|1798440|86|34881|8|13|257|9|82.87|6.63|89.50|10.00|8.29|66.30|8.29|8.29|10.00|
2450991|11412|3800|5312702|1885202|4228|3077595|7|2|258|3|46.79|3.74|50.53|10.00|4.68|37.43|4.68|4.68|10.00|
2451481|84619|844|5135591|1328882|1426|1120518|10|35|258|9|35.12|2.81|37.93|10.00|3.51|28.10|3.51|3.51|10.00|
2451525|4036|1359|8082135|1632649|3725|655004|2|13|259|9|61.10|4.89|65.99|10.00|6.11|48.88|6.11|6.11|10.00|
2451516|3114|10665|9788233|41775|929|2913401|6|5|259|1|49.94|4.00|53.94|10.00|4.99|39.95|4.99|4.99|10.00|
2451442|22583|15419|4574115|559196|3274|1414258|12|13|260|7|7.36|0.59|7.95|10.00|0.74|5.89|0.74|0.74|10.00|
2451466|73488|7498|4851080|1853038|2961|1230508|8|34|260|3|76.24|6.10|82.34|10.00|7.62|60.99|7.62|7.62|10.00|
2451453|11271|7454|4186679|1641107|4505|2345180|10|32|261|7|22.36|1.79|24.15|10.00|2.24|17.89|2.24|2.24|10.00|
2451236|35775|14833|8648802|1357044|4602|3315713|11|35|261|3|8.38|0.67|9.05|10.00|0.84|6.70|0.84|0.84|10.00|
2451102|21806|15177|9524582|1154545|2818|1273907|2|30|262|8|21.15|1.69|22.84|10.00|2.11|16.92|2.11|2.11|10.00|
2451541|30541|4368|6150030|1347092|2800|3980206|2|18|262|5|39.79|3.18|42.97|10.00|3.98|31.83|3.98|3.98|10.00|
2450914|4522|10107|3177122|95025|3393|2059915|1|20|263|1|77.81|6.22|84.03|10.00|7.78|62.25|7.78|7.78|10.00|
2451288|54677|16149|4683447|530295|4824|5173410|11|23|263|1|64.98|5.20|70.18|10.00|6.50|51.98|6.50|6.50|10.00|
2450816|40326|15759|9372296|653486|3247|3424111|12|21|264|1|26.56|2.12|28.68|10.00|2.66|21.25|2.66|2.66|10.00|
2451164|49244|13608|7758250|739453|3721|3315113|12|21|264|6|84.44|6.76|91.20|10.00|8.44|67.55|8.44|8.44|10.00|
2451058|21415|13116|1115084|1389750|5801|4782087|4|11|265|10|87.42|6.99|94.41|10.00|8.74|69.94|8.74|8.74|10.00|
2451105|17447|11975|10242860|1731774|3505|2607759|5|30|265|1|45.72|3.66|49.38|10.00|4.57|36.58|4.57|4.57|10.00|
2451111|15737|16224|10768907|1584271|3596|4132958|10|11|266|4|53.79|4.30|58.09|10.00|5.38|43.03|5.38|5.38|10.00|
2451211|78177|13697|8207298|1175810|6950|5192638|7|14|266|4|73.87|5.91|79.78|10.00|7.39|59.10|7.39|7.39|10.00|
2451312|67230|16408|2747462|607410|5029|4506802|2|11|267|4|32.69|2.62|35.31|10.00|3.27|26.15|3.27|3.27|10.00|
2450966|23906|1900|11787024|1427859|2989|821047|9|34|267|1|87.28|6.98|94.26|10.00|8.73|69.82|8.73|8.73|10.00|
2451298|60850|318|1805676|685764|4215|1087469|1|30|268|3|94.56|7.56|102.12|10.00|9.46|75.65|9.46|9.46|10.00|
2451297|47798|10087|8173406|453659|3158|3831214|6|13|268|9|16.43|1.31|17.74|10.00|1.64|13.14|1.64|1.64|10.00|
2451319|10473|10153|7158099|22604|1427|151111|3|28|269|7|96.31|7.70|104.01|10.00|9.63|77.05|9.63|9.63|10.00|
2450831|59456|12471|10445570|1559691|3739|4333750|2|9|269|3|30.18|2.41|32.59|10.00|3.02|24.14|3.02|3.02|10.00|
2450999|28263|11610|4905677|988376|169|4266326|6|1|270|5|12.50|1.00|13.50|10.00|1.25|10.00|1.25|1.25|10.00|
2451451|82623|15895|5400844|1722634|4584|3299018|12|14|270|2|99.02|7.92|106.94|10.00|9.90|79.22|9.90|9.90|10.00|
2450905|20058|15412|8949441|716016|2584|5507443|7|4|271|1|94.84|7.59|102.43|10.00|9.48|75.87|9.48|9.48|10.00|
2451135|44852|4238|7651999|124008|4727|903338|11|17|271|10|34.00|2.72|36.72|10.00|3.40|27.20|3.40|3.40|10.00|
2450967|84526|491|10205975|1152966|4921|1702140|4|34|272|4|1.54|0.12|1.66|10.00|0.15|1.23|0.15|0.15|10.00|
2451480|82829|6758|4943289|908674|5455|1268951|1|28|272|6|81.97|6.56|88.53|10.00|8.20|65.58|8.20|8.20|10.00|
2451017|17855|15050|1161284|1185086|1943|3148250|9|19|273|5|79.31|6.34|85.65|10.00|7.93|63.45|7.93|7.93|10.00|
2451482|10130|11359|7150050|1761868|5318|2839118|8|1|273|8|54.14|4.33|58.47|10.00|5.41|43.31|5.41|5.41|10.00|
2451538|78104|13683|5479479|886200|5330|4063261|4|19|274|9|5.15|0.41|5.56|10.00|0.52|4.12|0.52|0.52|10.00|
2451385|889|16527|4938242|1911012|3581|941836|8|18|274|9|33.22|2.66|35.88|10.00|3.32|26.58|3.32|3.32|10.00|
2451189|58213|6766|853338|766800|1343|1103392|12|10|275|2|40.43|3.23|43.66|10.00|4.04|32.34|4.04|4.04|10.00|
2451407|6218|8113|9445136|105918|4694|5527651|7|17|275|1|63.53|5.08|68.61|10.00|6.35|50.82|6.35|6.35|10.00|
2451278|4461|11366|8454799|682696|6882|3751822|5|27|276|9|46.05|3.68|49.73|10.00|4.60|36.84|4.60|4.60|10.00|
2450998|8379|2483|5036994|985779|2530|3225597|4|25|276|6|17.02|1.36|18.38|10.00|1.70|13.62|1.70|1.70|10.00|
2450828|45580|15615|3842199|506345|1344|896032|11|20|277|10|34.91|2.79|37.70|10.00|3.49|27.93|3.49|3.49|10.00|
2451440|74596|13442|1216741|1489859|2284|1300421|7|9|277|5|15.81|1.26|17.07|10.00|1.58|12.65|1.58|1.58|10.00|
2451481|61863|1394|8466564|1118577|7034|4038309|12|16|278|10|72.02|5.76|77.78|10.00|7.20|57.62|7.20|7.20|10.00|
2450980|38326|6001|11061478|1738025|2821|3409781|4|18|278|10|53.50|4.28|57.78|10.00|5.35|42.80|5.35|5.35|10.00|
2450903|8883|15424|6559871|1389700|1935|4326433|8|4|279|7|48.57|3.89|52.46|10.00|4.86|38.86|4.86|4.86|10.00|
2451217|71930|13897|1947804|1205755|3690|3906947|5|10|279|4|70.10|5.61|75.71|10.00|7.01|56.08|7.01|7.01|10.00|
2450816|31820|8060|2346282|236187|5974|1680317|11|9|280|7|27.40|2.19|29.59|10.00|2.74|21.92|2.74|2.74|10.00|
2451225|26982|5219|7548079|674049|1584|3240174|9|24|280|3|21.07|1.69|22.76|10.00|2.11|16.86|2.11|2.11|10.00|
2451002|23128|10793|3675631|1047729|2444|4502599|7|22|281|1|82.36|6.59|88.95|10.00|8.24|65.89|8.24|8.24|10.00|
2450844|57013|8320|10863650|1023317|349|3737131|8|28|281|6|95.79|7.66|103.45|10.00|9.58|76.63|9.58|9.58|10.00|
2451304|30763|11744|7053341|1356324|1774|3928069|1|33|282|9|0.08|0.01|0.09|10.00|0.01|0.06|0.01|0.01|10.00|
2451224|56548|10113|8106984|15993|7161|4365902|11|12|282|5|99.09|7.93|107.02|10.00|9.91|79.27|9.91|9.91|10.00|
2451297|25288|14355|11354293|749403|48|1526160|8|3|283|9|76.40|6.11|82.51|10.00|7.64|61.12|7.64|7.64|10.00|
2450880|68453|6755|1602545|473309|1967|2901184|2|28|283|3|58.91|4.71|63.62|10.00|5.89|47.13|5.89|5.89|10.00|
2451376|47543|7470|11291044|1639606|6288|5704775|3|24|284|6|76.26|6.10|82.36|10.00|7.63|61.01|7.63|7.63|10.00|
2450842|21027|13453|6463801|1279679|6981|2457089|12|7|284|3|10.54|0.84|11.38|10.00|1.05|8.43|1.05|1.05|10.00|
2451542|35455|11238|1666397|1526260|1533|4306561|5|24|285|10|33.04|2.64|35.68|10.00|3.30|26.43|3.30|3.30|10.00|
2451325|82638|10450|1534895|240152|6171|1333154|1|7|285|5|70.15|5.61|75.76|10.00|7.02|56.12|7.02|7.02|10.00|
2450863|13227|17239|2273313|427861|5606|1569118|10|14|286|2|68.74|5.50|74.24|10.00|6.87|54.99|6.87|6.87|10.00|
2451141|79770|5837|6459440|556947|3661|3877213|5|4|286|3|95.78|7.66|103.44|10.00|9.58|76.62|9.58|9.58|10.00|
2451474|34384|14879|3935846|1791669|5007|3819777|4|27|287|5|78.83|6.31|85.14|10.00|7.88|63.06|7.88|7.88|10.00|
2451125|13395|17335|8227161|1537058|2495|338830|3|28|287|7|31.07|2.49|33.56|10.00|3.11|24.86|3.11|3.11|10.00|
2451434|45855|6558|3294192|755883|604|867908|1|18|288|4|85.53|6.84|92.37|10.00|8.55|68.42|8.55|8.55|10.00|
2450956|82178|16768|513535|1246853|2255|2112524|5|35|288|6|54.75|4.38|59.13|10.00|5.48|43.80|5.48|5.48|10.00|
2451464|55274|3106|2723715|1003551|560|2313451|7|6|289|9|43.83|3.51|47.34|10.00|4.38|35.06|4.38|4.38|10.00|
2451318|14195|4951|2278873|104965|1435|5000000|9|23|289|9|7.03|0.56|7.59|10.00|0.70|5.62|0.70|0.70|10.00|
2451415|47415|1952|11761003|888051|2218|1895005|2|3|290|8|57.77|4.62|62.39|10.00|5.78|46.22|5.78|5.78|10.00|
2451521|5964|10252|5889092|3782|4953|5201966|7|27|290|7|25.28|2.02|27.30|10.00|2.53|20.22|2.53|2.53|10.00|
2451209|45490|2254|9218169|866379|5434|5875811|12|21|291|3|19.13|1.53|20.66|10.00|1.91|15.30|1.91|1.91|10.00|
2451510|50682|1227|11718045|503528|302|2449001|5|1|291|3|10.31|0.82|11.13|10.00|1.03|8.25|1.03|1.03|10.00|
2450952|12812|16426|463686|480506|6943|4483069|8|31|292|4|16.61|1.33|17.94|10.00|1.66|13.29|1.66|1.66|10.00|
2451260|9078|15472|11988990|360632|930|3260291|3|22|292|9|12.18|0.97|13.15|10.00|1.22|9.74|1.22|1.22|10.00|
2451273|50373|6261|115384|1760948|2601|3380098|4|12|293|6|81.02|6.48|87.50|10.00|8.10|64.82|8.10|8.10|10.00|
2451338|31802|3964|10758533|783223|3077|707002|6|9|293|7|46.34|3.71|50.05|10.00|4.63|37.07|4.63|4.63|10.00|
2451459|55028|6393|7991327|605580|2646|938115|4|8|294|5|40.09|3.21|43.30|10.00|4.01|32.07|4.01|4.01|10.00|
2451413|79128|13000|6256204|242029|5391|3001333|10|28|294|5|32.34|2.59|34.93|10.00|3.23|25.87|3.23|3.23|10.00|
2451003|74253|12055|7838619|1250153|5678|1552092|8|12|295|6|17.34|1.39|18.73|10.00|1.73|13.87|1.73|1.73|10.00|
2451251|80621|3488|10337699|1100829|6215|3950306|7|14|295|7|79.47|6.36|85.83|10.00|7.95|63.58|7.95|7.95|10.00|
2451003|16400|16771|7784966|1501223|1147|5213748|10|18|296|10|90.73|7.26|97.99|10.00|9.07|72.58|9.07|9.07|10.00|
2451144|78287|5901|2462361|932928|4426|2568387|10|18|296|7|77.25|6.18|83.43|10.00|7.73|61.80|7.73|7.73|10.00|
2451234|75432|8715|5637189|513512|1646|5669404|6|24|297|3|26.44|2.12|28.56|10.00|2.64|21.15|2.64|2.64|10.00|
2451487|57814|3546|1419396|1018970|6585|5109049|10|7|297|1|48.06|3.84|51.90|10.00|4.81|38.45|4.81|4.81|10.00|
2450910|66145|13609|624346|1483048|2524|1828968|5|20|298|2|86.51|6.92|93.43|10.00|8.65|69.21|8.65|8.65|10.00|
2450836|56367|9683|1432417|663330|546|5756300|8|13|298|2|55.68|4.45|60.13|10.00|5.57|44.54|5.57|5.57|10.00|
2451124|50523|3249|11055265|1161851|5363|5515129|6|16|299|9|20.65|1.65|22.30|10.00|2.06|16.52|2.06|2.06|10.00|
2450956|55198|14873|11912285|1620619|6986|1840382|7|11|299|10|84.66|6.77|91.43|10.00|8.47|67.73|8.47|8.47|10.00|
2451044|1714|1574|1847276|1775540|4419|4103429|11|35|300|2|39.30|3.14|42.44|10.00|3.93|31.44|3.93|3.93|10.00|
2451249|34341|17854|2444860|33757|217|449335|8|16|300|10|59.03|4.72|63.75|10.00|5.90|47.22|5.90|5.90|10.00|
2451149|7018|10189|10075938|825083|4631|2890579|8|6|301|1|21.66|1.73|23.39|10.00|2.17|17.33|2.17|2.17|10.00|
2451359|48728|7263|1739817|204686|2989|5732258|6|16|301|3|68.35|5.47|73.82|10.00|6.83|54.68|6.83|6.83|10.00|
2451406|54187|1025|4593525|1196926|2343|962937|12|15|302|3|22.63|1.81|24.44|10.00|2.26|18.10|2.26|2.26|10.00|
2451248|29925|8096|1229232|643370|1560|2285019|11|16|302|3|55.20|4.42|59.62|10.00|5.52|44.16|5.52|5.52|10.00|
2451078|10335|17683|4355171|1074078|5262|1971757|2|10|303|10|23.88|1.91|25.79|10.00|2.39|19.10|2.39|2.39|10.00|
2450900|58474|16441|10671048|18376|1758|2427522|6|18|303|3|19.01|1.52|20.53|10.00|1.90|15.21|1.90|1.90|10.00|
2450860|51450|2233|7669481|1689835|3039|2975451|7|35|304|3|76.61|6.13|82.74|10.00|7.66|61.29|7.66|7.66|10.00|
2451216|41788|15319|2106923|1892684|5495|5389620|4|5|304|8|62.60|5.01|67.61|10.00|6.26|50.08|6.26|6.26|10.00|
2450847|7632|11136|8857126|1751733|4299|408238|4|16|305|5|69.78|5.58|75.36|10.00|6.98|55.82|6.98|6.98|10.00|
2451240|86164|10676|10151664|565843|4964|3281596|9|29|305|1|35.75|2.86|38.61|10.00|3.58|28.60|3.58|3.58|10.00|
2451131|9335|15659|6521755|838154|1795|5593571|5|22|306|3|48.15|3.85|52.00|10.00|4.82|38.52|4.82|4.82|10.00|
2450918|39029|4077|871081|1543490|6690|3429517|6|17|306|4|60.33|4.83|65.16|10.00|6.03|48.26|6.03|6.03|10.00|
2451154|71813|13730|1832073|816429|1213|1918470|4|18|307|1|58.70|4.70|63.40|10.00|5.87|46.96|5.87|5.87|10.00|
2450945|13180|6326|5735451|616952|446|817096|10|11|307|2|40.10|3.21|43.31|10.00|4.01|32.08|4.01|4.01|10.00|
2451069|46790|10299|9635597|846277|293|4853909|11|11|308|8|50.76|4.06|54.82|10.00|5.08|40.61|5.08|5.08|10.00|
2451409|78624|15429|3312275|807741|6105|648386|3|8|308|1|81.70|6.54|88.24|10.00|8.17|65.36|8.17|8.17|10.00|
2451376|64948|5547|10767840|1195506|64|4629607|10|13|309|7|77.36|6.19|83.55|10.00|7.74|61.89|7.74|7.74|10.00|
2451477|46768|5492|6704761|1583948|6567|3923527|1|35|309|3|84.89|6.79|91.68|10.00|8.49|67.91|8.49|8.49|10.00|
2450949|17756|10079|6641886|1070714|1713|4159527|12|13|310|9|0.26|0.02|0.28|10.00|0.03|0.21|0.03|0.03|10.00|
2451129|23054|5791|1019364|1686122|2873|3372988|5|34|310|10|65.10|5.21|70.31|10.00|6.51|52.08|6.51|6.51|10.00|
2451486|44456|17144|1091752|1784606|2532|4925226|8|5|311|10|62.13|4.97|67.10|10.00|6.21|49.70|6.21|6.21|10.00|
2451178|3556|16773|4289258|744950|5445|247673|6|7|311|6|85.81|6.86|92.67|10.00|8.58|68.65|8.58|8.58|10.00|
2451084|79911|15257|8296366|1259034|5456|244855|4|5|312|5|38.28|3.06|41.34|10.00|3.83|30.62|3.83|3.83|10.00|
2451214|67130|8437|3318627|424667|628|1912269|10|21|312|2|1.66|0.13|1.79|10.00|0.17|1.33|0.17|0.17|10.00|
2451140|34516|16647|11665256|386185|1291|3864107|6|17|313|4|97.52|7.80|105.32|10.00|9.75|78.02|9.75|9.75|10.00|
2451201|10553|6273|2765859|1582218|1468|3162006|12|19|313|1|45.64|3.65|49.29|10.00|4.56|36.51|4.56|4.56|10.00|
2450920|74690|11033|2819112|1460446|6810|422094|9|4|314|5|37.08|2.97|40.05|10.00|3.71|29.66|3.71|3.71|10.00|
2451134|39054|13866|1051927|994216|6149|618960|12|12|314|4|68.93|5.51|74.44|10.00|6.89|55.14|6.89|6.89|10.00|
2451455|14667|1882|5810955|523554|4823|405731|7|3|315|4|70.90|5.67|76.57|10.00|7.09|56.72|7.09|7.09|10.00|
2451327|29478|3279|2314670|889115|14|5445262|11|1|315|8|79.71|6.38|86.09|10.00|7.97|63.77|7.97|7.97|10.00|
2451250|65153|4519|7094688|1576241|1009|4664940|6|16|316|7|57.62|4.61|62.23|10.00|5.76|46.10|5.76|5.76|10.00|
2451254|50556|2554|5885513|286157|6301|4743731|6|19|316|1|74.45|5.96|80.41|10.00|7.45|59.56|7.45|7.45|10.00|
2451294|4458|3489|1484042|1894122|33|2571009|10|20|317|2|12.05|0.96|13.01|10.00|1.21|9.64|1.21|1.21|10.00|
2450820|43029|1642|6742915|533342|4907|5558441|12|13|317|7|96.32|7.71|104.03|10.00|9.63|77.06|9.63|9.63|10.00|
2451131|36592|13921|7971729|1181047|3953|960898|1|8|318|10|75.74|6.06|81.80|10.00|7.57|60.59|7.57|7.57|10.00|
2451270|8283|11488|40438|1748225|5178|1920345|9|13|318|4|30.06|2.40|32.46|10.00|3.01|24.05|3.01|3.01|10.00|
2451447|20546|6516|11716925|497143|3127|5975522|9|24|319|4|27.34|2.19|29.53|10.00|2.73|21.87|2.73|2.73|10.00|
2451200|52703|8407|45225|1556095|3082|4589439|7|12|319|6|4.56|0.36|4.92|10.00|0.46|3.65|0.46|0.46|10.00|
2451155|15863|1309|7451925|1809368|5384|2929835|6|31|320|2|79.69|6.38|86.07|10.00|7.97|63.75|7.97|7.97|10.00|
2451484|42014|10237|11897066|544569|3326|1120621|12|1|320|3|96.42|7.71|104.13|10.00|9.64|77.14|9.64|9.64|10.00|
2450949|69929|2034|10259859|580701|2636|640495|5|33|321|9|44.94|3.60|48.54|10.00|4.49|35.95|4.49|4.49|10.00|
2450820|73625|11462|11493492|472799|637|2726387|10|8|321|10|89.85|7.19|97.04|10.00|8.98|71.88|8.98|8.98|10.00|
2450842|81169|12908|4166047|810527|5513|2375894|8|22|322|4|52.70|4.22|56.92|10.00|5.27|42.16|5.27|5.27|10.00|
2451380|80672|7174|198718|1630381|4922|2093213|1|9|322|7|15.63|1.25|16.88|10.00|1.56|12.50|1.56|1.56|10.00|
2450924|16249|2068|1902695|1089275|4880|553993|12|9|323|5|51.64|4.13|55.77|10.00|5.16|41.31|5.16|5.16|10.00|
2451087|49298|7873|7543285|188749|7105|5184727|4|18|323|5|9.65|0.77|10.42|10.00|0.97|7.72|0.97|0.97|10.00|
2451490|20731|17109|9806485|1863574|5059|3086120|2|30|324|2|50.01|4.00|54.01|10.00|5.00|40.01|5.00|5.00|10.00|
2451539|64042|6454|10382040|1479121|4381|5231819|10|13|324|3|31.33|2.51|33.84|10.00|3.13|25.06|3.13|3.13|10.00|
2451536|76423|7391|8374795|1076167|5173|2223012|3|5|325|6|4.98|0.40|5.38|10.00|0.50|3.98|0.50|0.50|10.00|
2451485|12013|10029|11004236|358516|2475|2328457|10|10|325|6|16.89|1.35|18.24|10.00|1.69|13.51|1.69|1.69|10.00|
2451491|59261|8840|6900236|639689|312|4898165|1|11|326|5|10.07|0.81|10.88|10.00|1.01|8.06|1.01|1.01|10.00|
2450949|73879|11114|825686|826542|4390|1193851|9|7|326|1|87.21|6.98|94.19|10.00|8.72|69.77|8.72|8.72|10.00|
2451350|34743|9349|7918948|231033|1137|863010|3|7|327|5|98.42|7.87|106.29|10.00|9.84|78.74|9.84|9.84|10.00|
2451247|80621|15355|2648938|1877305|5595|1950642|11|29|327|2|30.39|2.43|32.82|10.00|3.04|24.31|3.04|3.04|10.00|
2451405|76599|501|5365107|762268|3963|925605|8|12|328|2|91.08|7.29|98.37|10.00|9.11|72.86|9.11|9.11|10.00|
2451305|79391|9495|10997980|150329|4720|2616308|2|23|328|4|22.53|1.80|24.33|10.00|2.25|18.02|2.25|2.25|10.00|
2450931|52030|5802|3912181|994594|2318|4076950|2|14|329|9|16.53|1.32|17.85|10.00|1.65|13.22|1.65|1.65|10.00|
2451237|36877|8233|1614220|1899185|6959|4684786|12|29|329|6|67.20|5.38|72.58|10.00|6.72|53.76|6.72|6.72|10.00|
2450889|42329|15304|7208784|61688|6136|570105|6|12|330|8|56.65|4.53|61.18|10.00|5.67|45.32|5.67|5.67|10.00|
2451490|50048|571|11075888|1529733|3496|4130323|12|21|330|7|8.14|0.65|8.79|10.00|0.81|6.51|0.81|0.81|10.00|
2451044|51225|6599|1734052|1556338|4728|3894154|3|33|331|5|94.34|7.55|101.89|10.00|9.43|75.47|9.43|9.43|10.00|
2450984|75626|14570|3966929|1110155|4358|3908868|12|26|331|1|60.83|4.87|65.70|10.00|6.08|48.66|6.08|6.08|10.00|
2451316|2886|17118|3258471|991909|3418|2921976|8|23|332|10|38.59|3.09|41.68|10.00|3.86|30.87|3.86|3.86|10.00|
2451032|33384|5481|2278616|116971|200|5806385|11|8|332|3|48.04|3.84|51.88|10.00|4.80|38.43|4.80|4.80|10.00|
2451346|66043|10446|6113842|174896|6072|2075721|1|28|333|5|58.44|4.68|63.12|10.00|5.84|46.75|5.84|5.84|10.00|
2450911|46234|8476|9141923|1898505|5416|5066878|11|21|333|1|59.43|4.75|64.18|10.00|5.94|47.54|5.94|5.94|10.00|
2451140|41459|15093|5958066|358816|3743|4598445|5|10|334|8|55.63|4.45|60.08|10.00|5.56|44.50|5.56|5.56|10.00|
2451088|60079|3147|5840079|268375|4469|5573402|5|11|334|1|80.04|6.40|86.44|10.00|8.00|64.03|8.00|8.00|10.00|
2451049|10540|16810|4914455|631139|3579|4006622|8|4|335|3|58.52|4.68|63.20|10.00|5.85|46.82|5.85|5.85|10.00|
2451386|43457|2921|6646870|11043|5021|5045045|10|26|335|7|41.70|3.34|45.04|10.00|4.17|33.36|4.17|4.17|10.00|
2451308|77161|6414|4823330|379308|6583|1954853|11|21|336|8|0.03|0.00|0.03|10.00|0.00|0.02|0.00|0.00|10.00|
2450876|3054|6645|6797560|550418|1373|4082026|9|28|336|3|16.49|1.32|17.81|10.00|1.65|13.19|1.65|1.65|10.00|
2451266|36927|17753|11729549|1631662|5835|4954732|1|26|337|2|46.88|3.75|50.63|10.00|4.69|37.50|4.69|4.69|10.00|
2451019|46083|13693|2005681|1355443|1117|5977081|9|30|337|3|34.73|2.78|37.51|10.00|3.47|27.78|3.47|3.47|10.00|
2450883|54614|8899|7247482|1049800|3574|2786042|3|33|338|5|83.76|6.70|90.46|10.00|8.38|67.01|8.38|8.38|10.00|
2451114|74297|5771|10100768|66861|7000|1606622|2|11|338|2|41.36|3.31|44.67|10.00|4.14|33.09|4.14|4.14|10.00|
2451181|21898|13555|4088298|1704224|3647|5331787|6|10|339|3|35.35|2.83|38.18|10.00|3.54|28.28|3.54|3.54|10.00|
2451019|21528|1693|11145048|1774267|2676|417812|8|30|339|4|13.28|1.06|14.34|10.00|1.33|10.62|1.33|1.33|10.00|
2451096|22317|15613|7512725|1358230|3301|865538|10|4|340|7|54.41|4.35|58.76|10.00|5.44|43.53|5.44|5.44|10.00|
2451408|6872|635|11114831|1156203|3579|717091|5|11|340|1|96.48|7.72|104.20|10.00|9.65|77.18|9.65|9.65|10.00|
2450996|23331|14867|4702825|206532|848|2352510|6|20|341|1|16.66|1.33|17.99|10.00|1.67|13.33|1.67|1.67|10.00|
2451390|23944|12860|3281009|1869134|7033|5622501|6|5|341|6|49.25|3.94|53.19|10.00|4.93|39.40|4.93|4.93|10.00|
2450924|3880|13084|9437565|537404|5730|5602662|7|33|342|6|99.21|7.94|107.15|10.00|9.92|79.37|9.92|9.92|10.00|
2451512|30829|9318|11372803|5587|1813|3131357|12|21|342|4|79.50|6.36|85.86|10.00|7.95|63.60|7.95|7.95|10.00|
2451542|40529|8544|10713326|1601201|3433|2741646|2|17|343|2|31.21|2.50|33.71|10.00|3.12|24.97|3.12|3.12|10.00|
2451322|80775|4384|6861882|1239425|2451|4439169|12|10|343|1|32.51|2.60|35.11|10.00|3.25|26.01|3.25|3.25|10.00|
2451371|57490|3225|1980066|962574|5216|3627095|9|4|344|3|67.01|5.36|72.37|10.00|6.70|53.61|6.70|6.70|10.00|
2451086|5516|12020|6415876|1459864|5662|2817350|10|20|344|1|44.44|3.56|48.00|10.00|4.44|35.55|4.44|4.44|10.00|
2451370|63773|12077|9249629|1043626|4817|1747101|10|18|345|5|23.78|1.90|25.68|10.00|2.38|19.02|2.38|2.38|10.00|
2451090|74674|13044|6347464|628041|6757|3405437|1|17|345|10|16.78|1.34|18.12|10.00|1.68|13.42|1.68|1.68|10.00|
2451213|24297|6940|6004099|641118|3972|3275890|12|35|346|5|16.37|1.31|17.68|10.00|1.64|13.10|1.64|1.64|10.00|
2451483|71071|5437|10956290|58960|4666|3269598|6|10|346|9|34.65|2.77|37.42|10.00|3.46|27.72|3.46|3.46|10.00|
2450905|60413|16161|7636373|426561|5822|2362988|3|16|347|9|25.83|2.07|27.90|10.00|2.58|20.66|2.58|2.58|10.00|
2451222|52510|16129|569394|947531|2421|4019579|4|32|347|5|73.58|5.89|79.47|10.00|7.36|58.86|7.36|7.36|10.00|
2450959|40391|1761|10717788|143681|4407|5739947|10|19|348|3|98.86|7.91|106.77|10.00|9.89|79.09|9.89|9.89|10.00|
2451461|81771|2963|4864|1088038|4298|3140052|11|26|348|1|61.78|4.94|66.72|10.00|6.18|49.42|6.18|6.18|10.00|
2451500|82854|12552|7390550|1658288|4677|4972958|11|27|349|5|46.82|3.75|50.57|10.00|4.68|37.46|4.68|4.68|10.00|
2450959|77286|5100|8228157|1043591|1747|4201540|5|29|349|9|94.56|7.56|102.12|10.00|9.46|75.65|9.46|9.46|10.00|
2450931|151|17980|6302589|654254|5831|4323957|10|27|350|7|90.84|7.27|98.11|10.00|9.08|72.67|9.08|9.08|10.00|
2450853|17396|11658|2650576|266061|2286|5375504|10|29|350|5|62.65|5.01|67.66|10.00|6.27|50.12|6.27|6.27|10.00|
2451202|69884|3915|265450|115647|3223|1401286|10|20|351|2|82.11|6.57|88.68|10.00|8.21|65.69|8.21|8.21|10.00|
2451016|35263|9761|6969978|1190447|6582|3607968|10|35|351|7|72.00|5.76|77.76|10.00|7.20|57.60|7.20|7.20|10.00|
2450930|48401|13332|3100318|315866|5132|3116970|6|9|352|3|23.49|1.88|25.37|10.00|2.35|18.79|2.35|2.35|10.00|
2451522|24658|5753|2468077|785680|3968|5947827|2|6|352|4|8.39|0.67|9.06|10.00|0.84|6.71|0.84|0.84|10.00|
2451535|83728|6393|10621545|1298720|2321|2675284|5|32|353|10|64.50|5.16|69.66|10.00|6.45|51.60|6.45|6.45|10.00|
2450868|35714|11137|5126861|1244502|4481|2954300|3|28|353|3|39.60|3.17|42.77|10.00|3.96|31.68|3.96|3.96|10.00|
2451179|53568|7988|5370865|972366|3223|5629442|11|24|354|8|94.69|7.58|102.27|10.00|9.47|75.75|9.47|9.47|10.00|
2450881|27085|1680|5476826|1779210|202|2572217|6|31|354|9|56.55|4.52|61.07|10.00|5.66|45.24|5.66|5.66|10.00|
2451110|36196|12129|9118435|615512|3170|4470700|6|15|355|1|98.48|7.88|106.36|10.00|9.85|78.78|9.85|9.85|10.00|
2451090|21164|1573|3413984|865698|1281|2941896|9|29|355|10|56.81|4.54|61.35|10.00|5.68|45.45|5.68|5.68|10.00|
2450901|81741|3454|10637042|122615|2235|1195855|4|11|356|5|53.83|4.31|58.14|10.00|5.38|43.06|5.38|5.38|10.00|
2451186|78719|6169|8217247|696049|4453|516807|9|24|356|3|19.71|1.58|21.29|10.00|1.97|15.77|1.97|1.97|10.00|
2451244|329|15218|198891|574334|2754|4069605|9|32|357|8|66.67|5.33|72.00|10.00|6.67|53.34|6.67|6.67|10.00|
2451020|14701|2712|10909898|1204804|3818|4666485|10|24|357|1|44.77|3.58|48.35|10.00|4.48|35.82|4.48|4.48|10.00|
2450916|17881|12537|700358|572808|5557|878026|2|21|358|1|88.28|7.06|95.34|10.00|8.83|70.62|8.83|8.83|10.00|
2450834|32512|9056|1958398|638841|772|58130|9|4|358|1|79.51|6.36|85.87|10.00|7.95|63.61|7.95|7.95|10.00|
2450827|15723|15651|1383492|1028119|4175|1135191|1|15|359|2|73.50|5.88|79.38|10.00|7.35|58.80|7.35|7.35|10.00|
2450946|20807|10462|7170660|238457|5885|757257|6|31|359|8|76.90|6.15|83.05|10.00|7.69|61.52|7.69|7.69|10.00|
2451455|60453|4439|9273405|1327059|252|735009|1|20|360|6|37.50|3.00|40.50|10.00|3.75|30.00|3.75|3.75|10.00|
2451471|14543|17003|543251|233593|4964|4990792|4|32|360|5|5.61|0.45|6.06|10.00|0.56|4.49|0.56|0.56|10.00|
2451065|52707|596|24484|1803328|3350|3557355|9|17|361|10|1.19|0.10|1.29|10.00|0.12|0.95|0.12|0.12|10.00|
2451477|79645|13644|1383289|1864003|1924|5747204|3|2|361|5|97.40|7.79|105.19|10.00|9.74|77.92|9.74|9.74|10.00|
2451093|29319|4674|6285027|170686|3176|1078908|11|9|362|4|10.43|0.83|11.26|10.00|1.04|8.34|1.04|1.04|10.00|
2451528|50145|9428|7687123|530719|1821|3924226|11|2|362|4|40.55|3.24|43.79|10.00|4.05|32.44|4.05|4.05|10.00|
2451527|12827|5872|2726895|146376|288|2513012|5|21|363|6|77.09|6.17|83.26|10.00|7.71|61.67|7.71|7.71|10.00|
2451436|2772|879|3901184|174499|6627|4440075|2|6|363|2|86.13|6.89|93.02|10.00|8.61|68.90|8.61|8.61|10.00|
2451075|13133|14540|6336388|1771364|4393|1859672|2|4|364|1|10.08|0.81|10.89|10.00|1.01|8.06|1.01|1.01|10.00|
2450949|39919|13488|1624011|383123|15|4533160|7|29|364|7|25.19|2.02|27.21|10.00|2.52|20.15|2.52|2.52|10.00|
2450880|2716|9723|8582052|1241071|3051|4088600|6|22|365|1|17.05|1.36|18.41|10.00|1.71|13.64|1.71|1.71|10.00|
2451300|15018|6000|4670087|1122134|6819|3767056|7|15|365|3|55.43|4.43|59.86|10.00|5.54|44.34|5.54|5.54|10.00|
2451209|77237|4550|5793179|1480822|4874|4041844|9|2|366|2|73.06|5.84|78.90|10.00|7.31|58.45|7.31|7.31|10.00|
2451004|28600|6642|627874|569348|365|3948105|6|33|366|4|26.80|2.14|28.94|10.00|2.68|21.44|2.68|2.68|10.00|
2451098|3961|5313|7774083|979909|921|597550|6|33|367|7|0.45|0.04|0.49|10.00|0.05|0.36|0.05|0.05|10.00|
2451489|29362|4742|8007887|749065|3983|5722374|6|26|367|9|80.25|6.42|86.67|10.00|8.03|64.20|8.03|8.03|10.00|
2450914|75424|9340|8499354|533330|3787|1281682|9|13|368|1|69.09|5.53|74.62|10.00|6.91|55.27|6.91|6.91|10.00|
2451409|49841|15395|11061119|586322|4265|3270842|8|21|368|6|29.30|2.34|31.64|10.00|2.93|23.44|2.93|2.93|10.00|
2451497|28464|10953|1026797|462419|5634|1872338|9|4|369|6|39.80|3.18|42.98|10.00|3.98|31.84|3.98|3.98|10.00|
2450821|14168|7193|52234|1436240|3665|5988937|8|24|369|9|47.33|3.79|51.12|10.00|4.73|37.86|4.73|4.73|10.00|
2451364|74618|17032|2141847|798555|1964|3728822|4|5|370|1|8.77|0.70|9.47|10.00|0.88|7.02|0.88|0.88|10.00|
2451377|46659|16034|6898086|549369|5703|2551602|10|21|370|1|73.40|5.87|79.27|10.00|7.34|58.72|7.34|7.34|10.00|
2451475|44671|12299|4243147|568513|1694|3071520|11|7|371|10|64.49|5.16|69.65|10.00|6.45|51.59|6.45|6.45|10.00|
2450828|3942|17047|8493218|1670368|335|4478459|7|35|371|3|86.21|6.90|93.11|10.00|8.62|68.97|8.62|8.62|10.00|
2451321|32561|13660|5999753|202028|562|1266727|12|17|372|1|8.25|0.66|8.91|10.00|0.83|6.60|0.83|0.83|10.00|
2451054|12600|11153|114425|10286|4666|532473|7|31|372|9|85.41|6.83|92.24|10.00|8.54|68.33|8.54|8.54|10.00|
2451024|38780|11689|9089590|924635|5831|1023599|7|8|373|8|38.01|3.04|41.05|10.00|3.80|30.41|3.80|3.80|10.00|
2451371|66162|6857|8514399|1651447|2467|2764126|8|11|373|2|54.85|4.39|59.24|10.00|5.49|43.88|5.49|5.49|10.00|
2451074|53325|16700|8266948|1801441|5469|4402439|6|30|374|3|11.56|0.92|12.48|10.00|1.16|9.25|1.16|1.16|10.00|
2451299|85643|10146|4686341|612621|2432|3903371|6|28|374|7|70.93|5.67|76.60|10.00|7.09|56.74|7.09|7.09|10.00|
2451141|57705|7605|4331483|1120306|3581|5757989|10|6|375|7|21.14|1.69|22.83|10.00|2.11|16.91|2.11|2.11|10.00|
2451351|45452|12100|7675079|433124|233|3546943|3|13|375|2|71.15|5.69|76.84|10.00|7.12|56.92|7.12|7.12|10.00|
2451396|72670|15377|1819151|880189|78|95006|5|33|376|6|95.35|7.63|102.98|10.00|9.54|76.28|9.54|9.54|10.00|
2451138|44166|12149|7150447|697423|7111|841066|8|34|376|3|27.07|2.17|29.24|10.00|2.71|21.66|2.71|2.71|10.00|
2451537|47093|326|7145301|180260|4695|1411425|10|11|377|1|60.49|4.84|65.33|10.00|6.05|48.39|6.05|6.05|10.00|
2450829|42259|15699|5120354|726580|2131|3882526|5|18|377|1|17.05|1.36|18.41|10.00|1.71|13.64|1.71|1.71|10.00|
2451163|59970|3532|11467415|381866|3491|2637305|1|8|378|9|76.05|6.08|82.13|10.00|7.61|60.84|7.61|7.61|10.00|
2451390|54244|2089|6977158|800910|5755|251428|11|2|378|5|65.67|5.25|70.92|10.00|6.57|52.54|6.57|6.57|10.00|
2451408|75284|11141|8387628|973065|5224|4581207|11|13|379|7|0.15|0.01|0.16|10.00|0.01|0.12|0.01|0.01|10.00|
2451055|24082|10275|1054881|1533084|2933|1013930|4|33|379|1|90.46|7.24|97.70|10.00|9.05|72.37|9.05|9.05|10.00|
2451193|55411|16994|8470478|1672382|1418|3819526|12|21|380|3|97.64|7.81|105.45|10.00|9.76|78.11|9.76|9.76|10.00|
2451120|11859|268|1180426|1217658|645|2293183|5|16|380|1|75.35|6.03|81.38|10.00|7.54|60.28|7.54|7.54|10.00|
2450836|35105|3132|8520331|1292825|1147|4685977|3|21|381|8|3.05|0.24|3.29|10.00|0.30|2.44|0.30|0.30|10.00|
2451355|10332|5202|6416325|1106222|4390|299461|10|13|381|8|71.91|5.75|77.66|10.00|7.19|57.53|7.19|7.19|10.00|
2451200|33975|16350|5780617|847206|2090|4238143|6|27|382|2|71.70|5.74|77.44|10.00|7.17|57.36|7.17|7.17|10.00|
2451018|58308|12961|9944951|1438050|2498|2711150|2|30|382|5|78.85|6.31|85.16|10.00|7.88|63.08|7.88|7.88|10.00|
2451152|42505|11620|9153526|1892158|2123|2176603|4|11|383|2|32.79|2.62|35.41|10.00|3.28|26.23|3.28|3.28|10.00|
2450986|21738|14188|1256973|553904|6886|5709126|5|18|383|5|10.10|0.81|10.91|10.00|1.01|8.08|1.01|1.01|10.00|
2451366|4769|3454|8546979|1319625|1293|1362906|8|9|384|7|12.31|0.98|13.29|10.00|1.23|9.85|1.23|1.23|10.00|
2451062|45975|14443|7486296|52162|4926|454717|2|4|384|2|18.02|1.44|19.46|10.00|1.80|14.42|1.80|1.80|10.00|
2450977|29819|8567|1429185|233093|6055|1357539|6|4|385|6|6.91|0.55|7.46|10.00|0.69|5.53|0.69|0.69|10.00|
2450864|40687|5713|4600136|1420|6357|4653056|4|8|385|5|71.97|5.76|77.73|10.00|7.20|57.58|7.20|7.20|10.00|
2451062|24194|12531|9481182|319841|3553|3315585|11|32|386|2|87.59|7.01|94.60|10.00|8.76|70.07|8.76|8.76|10.00|
2451404|34123|16744|7436089|509853|1761|1273840|8|8|386|9|53.08|4.25|57.33|10.00|5.31|42.46|5.31|5.31|10.00|
2451166|36401|12439|10633832|1667657|392|72764|6|29|387|6|84.14|6.73|90.87|10.00|8.41|67.31|8.41|8.41|10.00|
2451509|46487|5587|3326428|1172118|3844|4105749|4|13|387|10|85.25|6.82|92.07|10.00|8.53|68.20|8.53|8.53|10.00|
2451435|73411|13928|2159946|1171065|7152|1553348|11|26|388|9|37.30|2.98|40.28|10.00|3.73|29.84|3.73|3.73|10.00|
2451247|32068|13186|443601|786565|5097|5591376|7|34|388|5|64.67|5.17|69.84|10.00|6.47|51.74|6.47|6.47|10.00|
2451184|86316|3956|4371062|1657869|1521|81088|12|26|389|10|96.70|7.74|104.44|10.00|9.67|77.36|9.67|9.67|10.00|
2451049|73479|5215|1578450|499572|697|1026808|2|18|389|1|77.21|6.18|83.39|10.00|7.72|61.77|7.72|7.72|10.00|
2451015|26491|15428|7588306|1743395|3181|2418023|12|30|390|7|61.76|4.94|66.70|10.00|6.18|49.41|6.18|6.18|10.00|
2450957|28926|8270|9705528|447955|5776|4128276|6|6|390|7|58.96|4.72|63.68|10.00|5.90|47.17|5.90|5.90|10.00|
2450875|59419|14880|11706659|1406659|4291|710554|7|32|391|3|77.71|6.22|83.93|10.00|7.77|62.17|7.77|7.77|10.00|
2451447|31664|10310|11009746|615555|3964|3477481|8|6|391|1|34.25|2.74|36.99|10.00|3.43|27.40|3.43|3.43|10.00|
2451368|67786|3003|3303573|179541|90|25494|1|20|392|1|10.10|0.81|10.91|10.00|1.01|8.08|1.01|1.01|10.00|
2451010|6661|11499|3272741|397930|2874|672493|6|26|392|7|75.01|6.00|81.01|10.00|7.50|60.01|7.50|7.50|10.00|
2451079|10510|12676|10024244|605670|5527|2759671|7|8|393|6|54.79|4.38|59.17|10.00|5.48|43.83|5.48|5.48|10.00|
2451361|1653|16062|3904849|1584307|805|4781840|7|8|393|3|77.84|6.23|84.07|10.00|7.78|62.27|7.78|7.78|10.00|
2451166|61753|11623|3331431|1457734|4322|2837279|10|6|394|3|53.60|4.29|57.89|10.00|5.36|42.88|5.36|5.36|10.00|
2451025|31318|2319|3677003|1016577|4811|1158995|11|30|394|10|47.54|3.80|51.34|10.00|4.75|38.03|4.75|4.75|10.00|
2450943|35515|12564|11319640|540989|3394|4227745|10|2|395|4|64.64|5.17|69.81|10.00|6.46|51.71|6.46|6.46|10.00|
2451122|45694|9134|1015014|715508|6566|829545|4|33|395|6|70.48|5.64|76.12|10.00|7.05|56.38|7.05|7.05|10.00|
2450912|85688|13298|3920232|251044|578|2871979|7|15|396|9|30.64|2.45|33.09|10.00|3.06|24.51|3.06|3.06|10.00|
2451132|12989|10890|8024998|227655|6599|3107922|6|14|396|2|90.13|7.21|97.34|10.00|9.01|72.10|9.01|9.01|10.00|
2451458|3590|11530|9710870|617351|622|1391745|2|29|397|2|93.60|7.49|101.09|10.00|9.36|74.88|9.36|9.36|10.00|
2450937|46585|4512|1902286|640985|732|5475954|6|17|397|4|54.68|4.37|59.05|10.00|5.47|43.74|5.47|5.47|10.00|
2450855|38687|12480|8524742|997894|397|2217958|5|18|398|5|7.17|0.57|7.74|10.00|0.72|5.74|0.72|0.72|10.00|
2451337|16831|8513|9645852|959884|4880|253788|1|7|398|2|74.14|5.93|80.07|10.00|7.41|59.31|7.41|7.41|10.00|
2451049|66810|8948|7733607|1071057|2667|3643187|11|6|399|7|96.06|7.68|103.74|10.00|9.61|76.85|9.61|9.61|10.00|
2450817|7847|171|5232851|1399269|4730|2855495|10|6|399|5|8.49|0.68|9.17|10.00|0.85|6.79|0.85|0.85|10.00|
2450907|67255|5471|5686549|1167725|4161|2922058|1|5|400|10|11.80|0.94|12.74|10.00|1.18|9.44|1.18|1.18|10.00|
2450947|20774|2246|9418441|1904537|2894|2691917|12|16|400|2|7.67|0.61|8.28|10.00|0.77|6.14|0.77|0.77|10.00|
2451494|69525|16327|2482754|675374|4690|3470327|9|26|401|1|31.30|2.50|33.80|10.00|3.13|25.04|3.13|3.13|10.00|
2450958|85389|12346|3301420|64835|5304|2037971|2|22|401|4|19.92|1.59|21.51|10.00|1.99|15.94|1.99|1.99|10.00|
2451298|39433|11968|10831594|796348|5931|4196956|5|30|402|3|77.69|6.22|83.91|10.00|7.77|62.15|7.77|7.77|10.00|
2451146|15352|16700|3386737|74306|6941|609928|10|10|402|10|67.75|5.42|73.17|10.00|6.78|54.20|6.78|6.78|10.00|
2451452|61483|9760|32276|852507|6845|5484955|1|32|403|8|90.03|7.20|97.23|10.00|9.00|72.02|9.00|9.00|10.00|
2450822|56681|81|9319668|826504|5184|1484916|2|13|403|2|28.89|2.31|31.20|10.00|2.89|23.11|2.89|2.89|10.00|
2451181|67589|6473|7396113|1282680|1863|2235822|11|28|404|1|1.98|0.16|2.14|10.00|0.20|1.58|0.20|0.20|10.00|
2450968|53296|634|4638416|1321194|6233|105880|5|11|404|5|62.94|5.04|67.98|10.00|6.29|50.35|6.29|6.29|10.00|
2451195|405|15789|943772|993647|3762|1029788|7|9|405|6|39.12|3.13|42.25|10.00|3.91|31.30|3.91|3.91|10.00|
2451099|22003|16440|4570610|520238|1524|1026645|6|1|405|5|47.93|3.83|51.76|10.00|4.79|38.34|4.79|4.79|10.00|
2451435|69174|17303|7552445|1853749|5752|3636317|3|26|406|3|12.80|1.02|13.82|10.00|1.28|10.24|1.28|1.28|10.00|
2451068|6655|17771|6524263|112907|1619|3270462|1|33|406|10|16.06|1.28|17.34|10.00|1.61|12.85|1.61|1.61|10.00|
2450900|63104|8212|4829486|506269|4284|294220|3|29|407|4|42.42|3.39|45.81|10.00|4.24|33.94|4.24|4.24|10.00|
2451482|39037|9976|8471158|1227490|4008|3994573|2|13|407|1|23.36|1.87|25.23|10.00|2.34|18.69|2.34|2.34|10.00|
2451314|10330|8853|10451225|1036965|2210|3777050|6|26|408|10|77.41|6.19|83.60|10.00|7.74|61.93|7.74|7.74|10.00|
2450943|82567|165|9950084|493463|5378|4778152|5|19|408|9|95.07|7.61|102.68|10.00|9.51|76.06|9.51|9.51|10.00|
2451114|27702|9164|964931|1593876|7179|1111610|1|20|409|7|77.04|6.16|83.20|10.00|7.70|61.63|7.70|7.70|10.00|
2451274|6461|3005|11667750|473695|4086|3046891|2|5|409|4|47.06|3.76|50.82|10.00|4.71|37.65|4.71|4.71|10.00|
2451018|23808|1240|2718593|1362114|2540|5533509|11|31|410|9|36.48|2.92|39.40|10.00|3.65|29.18|3.65|3.65|10.00|
2451391|44227|17780|11546455|1735929|3194|3322632|11|7|410|8|89.89|7.19|97.08|10.00|8.99|71.91|8.99|8.99|10.00|
2451420|15531|6617|6861818|1583175|6265|1149878|8|31|411|1|17.24|1.38|18.62|10.00|1.72|13.79|1.72|1.72|10.00|
2451397|34217|3658|7814636|1767393|1718|2871313|12|24|411|2|5.35|0.43|5.78|10.00|0.54|4.28|0.54|0.54|10.00|
2451242|6433|12945|319506|717537|2038|1348600|10|2|412|4|9.36|0.75|10.11|10.00|0.94|7.49|0.94|0.94|10.00|
2451087|10702|13969|8362333|679376|3958|112365|3|34|412|9|67.64|5.41|73.05|10.00|6.76|54.11|6.76|6.76|10.00|
2451507|20331|13356|3365181|793230|3515|3563366|6|19|413|7|17.80|1.42|19.22|10.00|1.78|14.24|1.78|1.78|10.00|
2450877|32750|9353|7392437|51257|835|3571352|8|5|413|10|6.83|0.55|7.38|10.00|0.68|5.46|0.68|0.68|10.00|
2451122|1331|9286|11156580|305115|1098|1979884|12|29|414|2|98.37|7.87|106.24|10.00|9.84|78.70|9.84|9.84|10.00|
2451322|40902|5191|5423484|1100195|1873|3353977|4|9|414|3|54.86|4.39|59.25|10.00|5.49|43.89|5.49|5.49|10.00|
2451311|14351|8679|3797428|1749866|4445|2026960|7|15|415|2|80.27|6.42|86.69|10.00|8.03|64.22|8.03|8.03|10.00|
2451485|46400|16536|8696257|976883|6347|2711529|7|31|415|6|63.19|5.06|68.25|10.00|6.32|50.55|6.32|6.32|10.00|
2451216|17350|15416|11770852|1328453|6011|4311617|12|23|416|8|46.97|3.76|50.73|10.00|4.70|37.58|4.70|4.70|10.00|
2451033|40931|9199|6090580|754930|2092|976626|1|21|416|4|94.46|7.56|102.02|10.00|9.45|75.57|9.45|9.45|10.00|
2450841|72837|16540|11983712|1287446|3398|2333880|4|28|417|10|61.29|4.90|66.19|10.00|6.13|49.03|6.13|6.13|10.00|
2451005|40293|6948|7050605|1350416|5200|2860368|4|5|417|7|55.50|4.44|59.94|10.00|5.55|44.40|5.55|5.55|10.00|
2451444|45585|9612|11602|899315|4398|3326896|3|12|418|1|19.45|1.56|21.01|10.00|1.95|15.56|1.95|1.95|10.00|
2451254|39493|14921|6269171|970348|482|3812269|7|20|418|7|6.93|0.55|7.48|10.00|0.69|5.54|0.69|0.69|10.00|
2451270|45186|1501|1560035|1854771|566|3990082|2|8|419|4|65.66|5.25|70.91|10.00|6.57|52.53|6.57|6.57|10.00|
2451179|28863|9303|11872870|400375|579|3662977|11|3|419|1|34.22|2.74|36.96|10.00|3.42|27.38|3.42|3.42|10.00|
2450874|84967|10954|5631821|660071|3334|1050272|6|20|420|1|64.36|5.15|69.51|10.00|6.44|51.49|6.44|6.44|10.00|
2451216|71477|14138|11153872|578078|2346|5129852|8|9|420|6|9.22|0.74|9.96|10.00|0.92|7.38|0.92|0.92|10.00|
2450896|24763|16138|1190583|98965|346|2420900|7|19|421|1|90.64|7.25|97.89|10.00|9.06|72.51|9.06|9.06|10.00|
2451082|4266|14336|2589285|769185|224|2162161|7|34|421|3|68.98|5.52|74.50|10.00|6.90|55.18|6.90|6.90|10.00|
2450955|47909|1477|484557|294410|5417|488783|9|9|422|6|13.44|1.08|14.52|10.00|1.34|10.75|1.34|1.34|10.00|
2451026|24546|12272|10096456|529272|2695|4928359|5|5|422|8|11.70|0.94|12.64|10.00|1.17|9.36|1.17|1.17|10.00|
2450849|37318|13926|3925241|307718|1493|2495980|5|21|423|10|48.75|3.90|52.65|10.00|4.88|39.00|4.88|4.88|10.00|
2451397|18417|17072|8638354|470775|1392|46785|1|11|423|9|39.43|3.15|42.58|10.00|3.94|31.54|3.94|3.94|10.00|
2451533|26052|11729|4867860|1496202|3129|3614919|10|30|424|1|14.22|1.14|15.36|10.00|1.42|11.38|1.42|1.42|10.00|
2451141|54870|8360|3238780|855730|711|4618869|7|7|424|2|56.36|4.51|60.87|10.00|5.64|45.09|5.64|5.64|10.00|
2451408|56492|8980|3684495|333676|6725|3274456|3|8|425|2|38.38|3.07|41.45|10.00|3.84|30.70|3.84|3.84|10.00|
2450896|39801|2571|3448155|1745398|5960|4631317|3|23|425|2|92.25|7.38|99.63|10.00|9.22|73.80|9.22|9.22|10.00|
2451002|81105|729|6726018|296216|5387|500151|7|18|426|8|5.05|0.40|5.45|10.00|0.51|4.04|0.51|0.51|10.00|
2451293|80793|12261|1021061|1666383|402|3739240|5|25|426|5|65.89|5.27|71.16|10.00|6.59|52.71|6.59|6.59|10.00|
2451425|67489|9158|742072|438899|6927|3529402|8|21|427|7|60.37|4.83|65.20|10.00|6.04|48.30|6.04|6.04|10.00|
2451349|16677|12630|7194901|1694430|6104|845401|5|21|427|3|44.72|3.58|48.30|10.00|4.47|35.78|4.47|4.47|10.00|
2451103|57789|15705|10083473|1542526|3972|2111640|11|32|428|9|12.95|1.04|13.99|10.00|1.29|10.36|1.29|1.29|10.00|
2451453|34770|5792|1971889|1208695|5461|4576391|1|16|428|10|36.42|2.91|39.33|10.00|3.64|29.14|3.64|3.64|10.00|
2451186|48061|1922|3469434|204172|5445|5673|2|5|429|3|88.20|7.06|95.26|10.00|8.82|70.56|8.82|8.82|10.00|
2450898|45255|16169|746384|133048|6517|3642602|1|31|429|2|33.65|2.69|36.34|10.00|3.37|26.92|3.37|3.37|10.00|
2450928|49574|15737|11624552|889020|3905|237793|2|6|430|7|48.27|3.86|52.13|10.00|4.83|38.62|4.83|4.83|10.00|
2451196|80777|5651|9517434|1067408|526|1419128|10|18|430|10|36.04|2.88|38.92|10.00|3.60|28.83|3.60|3.60|10.00|
2451385|7373|5895|9426763|1418701|1714|1111538|4|24|431|4|58.38|4.67|63.05|10.00|5.84|46.70|5.84|5.84|10.00|
2451267|52076|8969|4296956|1102954|1658|4573368|1|16|431|5|8.20|0.66|8.86|10.00|0.82|6.56|0.82|0.82|10.00|
2451189|33867|5637|11571475|53610|1631|3163234|5|20|432|5|89.23|7.14|96.37|10.00|8.92|71.38|8.92|8.92|10.00|
2451304|50115|5971|7282939|979613|6798|2184028|8|27|432|5|68.03|5.44|73.47|10.00|6.80|54.42|6.80|6.80|10.00|
2450980|64135|2811|1286750|169092|6178|2877202|5|17|433|2|96.55|7.72|104.27|10.00|9.66|77.24|9.66|9.66|10.00|
2451450|16576|8585|10250320|1302554|1968|3879400|6|34|433|1|66.77|5.34|72.11|10.00|6.68|53.42|6.68|6.68|10.00|
2450915|55317|16128|5390431|1031531|2334|5966242|12|3|434|8|76.36|6.11|82.47|10.00|7.64|61.09|7.64|7.64|10.00|
2451024|84163|7544|7489673|379746|2355|5595522|3|24|434|7|83.82|6.71|90.53|10.00|8.38|67.06|8.38|8.38|10.00|
2451402|65449|14601|3970532|55486|2622|2026834|9|9|435|5|16.12|1.29|17.41|10.00|1.61|12.90|1.61|1.61|10.00|
2450983|39576|16187|1898575|831632|2402|1239050|11|30|435|1|18.00|1.44|19.44|10.00|1.80|14.40|1.80|1.80|10.00|
2451338|41246|8675|10341559|1676502|864|5947518|12|1|436|3|94.45|7.56|102.01|10.00|9.45|75.56|9.45|9.45|10.00|
2451442|82518|891|7867184|1875234|3025|1336285|8|10|436|9|96.96|7.76|104.72|10.00|9.70|77.57|9.70|9.70|10.00|
2451142|29235|13661|6163173|1206626|4717|1877128|4|3|437|5|18.98|1.52|20.50|10.00|1.90|15.18|1.90|1.90|10.00|
2451141|48352|840|1717733|7247|7075|1669984|12|18|437|4|63.23|5.06|68.29|10.00|6.32|50.58|6.32|6.32|10.00|
2451165|66602|6985|10680140|336697|2769|2151667|12|18|438|8|31.77|2.54|34.31|10.00|3.18|25.42|3.18|3.18|10.00|
2451123|20606|8030|8430518|702767|5208|2882797|4|28|438|7|68.86|5.51|74.37|10.00|6.89|55.09|6.89|6.89|10.00|
2450897|57985|3135|7496571|717249|4277|4362017|4|3|439|1|83.05|6.64|89.69|10.00|8.30|66.44|8.30|8.30|10.00|
2451207|19759|386|9742961|1679098|209|5333270|10|14|439|5|38.43|3.07|41.50|10.00|3.84|30.74|3.84|3.84|10.00|
2451120|82237|2034|10409158|1470170|6305|2903413|10|2|440|4|88.59|7.09|95.68|10.00|8.86|70.87|8.86|8.86|10.00|
2450840|52637|9188|1941904|487348|3384|4306218|4|29|440|6|17.94|1.44|19.38|10.00|1.79|14.35|1.79|1.79|10.00|
2451185|20068|15137|5522564|401296|7014|5536233|2|16|441|5|87.76|7.02|94.78|10.00|8.78|70.21|8.78|8.78|10.00|
2450878|10468|9091|8973528|1542911|5809|2146837|5|32|441|8|42.39|3.39|45.78|10.00|4.24|33.91|4.24|4.24|10.00|
2451266|5820|17344|5800220|1250192|5728|5870832|1|9|442|8|52.59|4.21|56.80|10.00|5.26|42.07|5.26|5.26|10.00|
2451226|3989|2735|4616656|380472|2538|1243697|4|28|442|5|72.53|5.80|78.33|10.00|7.25|58.02|7.25|7.25|10.00|
2451518|14613|11467|11605679|986816|2794|2626136|9|8|443|1|68.76|5.50|74.26|10.00|6.88|55.01|6.88|6.88|10.00|
2450846|14234|8162|3492217|169306|5123|5136061|11|6|443|10|98.93|7.91|106.84|10.00|9.89|79.14|9.89|9.89|10.00|
2451491|32404|7353|7583390|1061718|6320|1448870|10|14|444|8|7.05|0.56|7.61|10.00|0.71|5.64|0.71|0.71|10.00|
2451198|82873|14416|8770021|699373|6797|4289101|11|1|444|2|75.69|6.06|81.75|10.00|7.57|60.55|7.57|7.57|10.00|
2451518|27820|13624|771892|206576|768|1083792|2|1|445|2|60.70|4.86|65.56|10.00|6.07|48.56|6.07|6.07|10.00|
2451405|31451|7961|4312115|1415565|7083|1560482|6|33|445|5|11.50|0.92|12.42|10.00|1.15|9.20|1.15|1.15|10.00|
2451002|62616|1315|6509813|669520|3653|3865634|11|19|446|7|51.03|4.08|55.11|10.00|5.10|40.82|5.10|5.10|10.00|
2451092|29923|7905|5368320|1915343|5690|704836|2|21|446|4|16.03|1.28|17.31|10.00|1.60|12.82|1.60|1.60|10.00|
2451185|4239|8770|5109970|1284825|2569|2449490|10|35|447|2|31.37|2.51|33.88|10.00|3.14|25.10|3.14|3.14|10.00|
2450846|6754|1034|1714790|1534988|6098|4031815|10|11|447|4|24.06|1.92|25.98|10.00|2.41|19.25|2.41|2.41|10.00|
2451354|56563|17205|11281880|139140|3182|5828003|5|13|448|1|62.10|4.97|67.07|10.00|6.21|49.68|6.21|6.21|10.00|
2450927|4432|16584|10775227|1860856|2863|1560660|2|33|448|10|14.16|1.13|15.29|10.00|1.42|11.33|1.42|1.42|10.00|
2451048|44200|15993|562043|1539373|3557|3672969|4|7|449|8|78.19|6.26|84.45|10.00|7.82|62.55|7.82|7.82|10.00|
2451018|60823|11245|4766579|469405|2916|745737|3|2|449|2|56.06|4.48|60.54|10.00|5.61|44.85|5.61|5.61|10.00|
2450933|53076|10608|10882374|958607|5247|4465771|6|29|450|5|95.47|7.64|103.11|10.00|9.55|76.38|9.55|9.55|10.00|
2450908|45310|17253|10607639|1006744|6496|76328|9|7|450|4|62.44|5.00|67.44|10.00|6.24|49.95|6.24|6.24|10.00|
2451277|31745|1689|9947978|1010221|6878|5771909|6|8|451|2|28.40|2.27|30.67|10.00|2.84|22.72|2.84|2.84|10.00|
2450821|30514|10457|9603930|1053697|2163|3852457|10|10|451|3|37.68|3.01|40.69|10.00|3.77|30.14|3.77|3.77|10.00|
2450893|51934|17246|1850280|203181|3026|5351119|12|5|452|2|48.70|3.90|52.60|10.00|4.87|38.96|4.87|4.87|10.00|
2451532|79993|6815|8043150|1262745|1236|5544065|2|33|452|10|93.07|7.45|100.52|10.00|9.31|74.46|9.31|9.31|10.00|
2451037|26942|13309|3345937|676741|1710|3413563|11|8|453|4|97.57|7.81|105.38|10.00|9.76|78.06|9.76|9.76|10.00|
2451063|48988|5853|10653271|844113|6104|3643562|12|14|453|4|72.91|5.83|78.74|10.00|7.29|58.33|7.29|7.29|10.00|
2451365|13232|9318|6094155|103098|1173|4136240|3|6|454|1|55.97|4.48|60.45|10.00|5.60|44.78|5.60|5.60|10.00|
2451426|21961|10174|3217570|257190|4749|4376192|3|21|454|3|37.22|2.98|40.20|10.00|3.72|29.78|3.72|3.72|10.00|
2451149|81845|2067|6458415|733878|4185|1548217|4|5|455|7|82.50|6.60|89.10|10.00|8.25|66.00|8.25|8.25|10.00|
2450947|28951|583|10390535|1690992|1429|1291259|3|4|455|4|40.22|3.22|43.44|10.00|4.02|32.18|4.02|4.02|10.00|
2450958|57464|10783|6587446|869052|4283|4845751|9|22|456|5|93.80|7.50|101.30|10.00|9.38|75.04|9.38|9.38|10.00|
2451420|24183|12099|11043982|952344|3932|4033122|4|25|456|2|10.43|0.83|11.26|10.00|1.04|8.34|1.04|1.04|10.00|
2450935|7641|17747|846453|1800821|4279|3695003|5|9|457|7|85.05|6.80|91.85|10.00|8.51|68.04|8.51|8.51|10.00|
2451361|456|12408|6878694|629529|218|5288591|4|15|457|10|4.81|0.38|5.19|10.00|0.48|3.85|0.48|0.48|10.00|
2451035|40542|6935|3191413|983685|5487|3485910|5|19|458|5|18.68|1.49|20.17|10.00|1.87|14.94|1.87|1.87|10.00|
2451540|58216|14820|1021779|390728|3778|1705999|9|9|458|8|67.31|5.38|72.69|10.00|6.73|53.85|6.73|6.73|10.00|
2451514|15709|1207|4298567|1121404|913|3408624|10|23|459|1|13.31|1.06|14.37|10.00|1.33|10.65|1.33|1.33|10.00|
2451472|63190|12280|9960788|218727|5621|3850970|7|1|459|6|59.60|4.77|64.37|10.00|5.96|47.68|5.96|5.96|10.00|
2450986|17265|3369|2528565|1487338|4221|5950648|1|10|460|2|39.39|3.15|42.54|10.00|3.94|31.51|3.94|3.94|10.00|
2450935|48282|5664|3136918|1345966|2470|2880296|6|9|460|3|63.99|5.12|69.11|10.00|6.40|51.19|6.40|6.40|10.00|
2451160|8434|572|1478992|1656797|2170|4975252|9|6|461|5|6.85|0.55|7.40|10.00|0.69|5.48|0.69|0.69|10.00|
2451128|22320|1112|1283226|1682249|395|1870140|5|33|461|8|1.35|0.11|1.46|10.00|0.14|1.08|0.14|0.14|10.00|
2451130|27767|815|7587080|1117233|1796|1802028|1|11|462|7|9.92|0.79|10.71|10.00|0.99|7.94|0.99|0.99|10.00|
2451439|37556|13604|9699497|19971|3842|3187720|1|23|462|1|70.54|5.64|76.18|10.00|7.05|56.43|7.05|7.05|10.00|
2450894|52051|773|6012473|1318514|608|210341|9|20|463|2|36.70|2.94|39.64|10.00|3.67|29.36|3.67|3.67|10.00|
2451316|30577|1286|8160124|1291384|869|1057324|12|11|463|4|89.61|7.17|96.78|10.00|8.96|71.69|8.96|8.96|10.00|
2450947|18575|12144|7467082|1804099|777|4144011|11|31|464|10|1.18|0.09|1.27|10.00|0.12|0.94|0.12|0.12|10.00|
2451451|776|10890|9164262|1531579|1321|1769290|2|28|464|6|36.72|2.94|39.66|10.00|3.67|29.38|3.67|3.67|10.00|
2451454|72647|13030|2538741|1205656|1462|3263715|5|16|465|3|94.41|7.55|101.96|10.00|9.44|75.53|9.44|9.44|10.00|
2451509|33460|2230|8583865|1888948|7147|2948912|1|11|465|5|99.98|8.00|107.98|10.00|10.00|79.98|10.00|10.00|10.00|
2451418|79647|15852|11115943|1049822|3598|167031|9|14|466|5|28.84|2.31|31.15|10.00|2.88|23.07|2.88|2.88|10.00|
2451436|35960|4311|4001375|102990|3880|4988707|2|10|466|4|70.85|5.67|76.52|10.00|7.08|56.68|7.08|7.08|10.00|
2450981|17090|17309|824577|1406947|911|5246623|4|10|467|4|55.51|4.44|59.95|10.00|5.55|44.41|5.55|5.55|10.00|
2451086|57652|9974|5726602|982138|5577|1686443|11|30|467|8|64.36|5.15|69.51|10.00|6.44|51.49|6.44|6.44|10.00|
2451390|5997|17219|4522798|302306|1016|448487|9|18|468|8|30.29|2.42|32.71|10.00|3.03|24.23|3.03|3.03|10.00|
2451475|21160|1904|6325239|261796|7133|3847150|1|31|468|10|28.14|2.25|30.39|10.00|2.81|22.51|2.81|2.81|10.00|
2451305|23128|1|5812213|1578099|1240|2433353|9|33|469|10|13.64|1.09|14.73|10.00|1.36|10.91|1.36|1.36|10.00|
2451039|82363|2051|8122699|655593|2668|2774305|6|7|469|10|35.15|2.81|37.96|10.00|3.52|28.12|3.52|3.52|10.00|
2451389|57191|3360|821677|321756|4286|4165379|7|11|470|2|26.11|2.09|28.20|10.00|2.61|20.89|2.61|2.61|10.00|
2450862|28298|12901|5525729|1578171|1046|4585161|1|23|470|2|20.01|1.60|21.61|10.00|2.00|16.01|2.00|2.00|10.00|
2451083|51579|14412|6904513|1454869|1900|2121763|1|35|471|6|38.25|3.06|41.31|10.00|3.83|30.60|3.83|3.83|10.00|
2450885|50259|4518|4712329|495203|241|5875531|6|19|471|1|46.07|3.69|49.76|10.00|4.61|36.86|4.61|4.61|10.00|
2450898|35888|5695|3391737|461815|6544|3546983|6|6|472|1|86.71|6.94|93.65|10.00|8.67|69.37|8.67|8.67|10.00|
2451122|36422|14042|7008623|1349745|2610|3929471|3|6|472|6|29.07|2.33|31.40|10.00|2.91|23.26|2.91|2.91|10.00|
2451515|71344|8721|1262609|1520925|5728|1751548|1|19|473|7|33.86|2.71|36.57|10.00|3.39|27.09|3.39|3.39|10.00|
2451427|37424|17986|8174919|796902|288|1128908|12|33|473|1|40.49|3.24|43.73|10.00|4.05|32.39|4.05|4.05|10.00|
2451245|85416|12318|6696396|545632|4956|5331138|4|2|474|10|70.18|5.61|75.79|10.00|7.02|56.14|7.02|7.02|10.00|
2450950|46253|15987|5759149|737926|4705|1421675|6|32|474|6|34.14|2.73|36.87|10.00|3.41|27.31|3.41|3.41|10.00|
2450869|28623|6148|5109106|1027118|1721|3494828|1|24|475|7|38.76|3.10|41.86|10.00|3.88|31.01|3.88|3.88|10.00|
2451374|68253|17571|347546|1192396|5234|3505224|9|1|475|2|87.18|6.97|94.15|10.00|8.72|69.74|8.72|8.72|10.00|
2451091|4015|16102|9977907|518935|5918|872877|6|27|476|5|88.65|7.09|95.74|10.00|8.87|70.92|8.87|8.87|10.00|
2451495|29270|930|7688355|319510|6178|1173658|4|5|476|5|11.16|0.89|12.05|10.00|1.12|8.93|1.12|1.12|10.00|
2451108|34923|4544|1546535|1451940|5355|2339982|1|23|477|2|58.31|4.66|62.97|10.00|5.83|46.65|5.83|5.83|10.00|
2451222|70263|3291|1504674|1070890|5449|1755030|9|9|477|6|31.36|2.51|33.87|10.00|3.14|25.09|3.14|3.14|10.00|
2450947|8201|12857|1496164|152783|6120|2827701|6|15|478|5|96.15|7.69|103.84|10.00|9.62|76.92|9.62|9.62|10.00|
2451202|16673|10367|9382438|191008|5413|4643503|4|35|478|4|16.03|1.28|17.31|10.00|1.60|12.82|1.60|1.60|10.00|
2451288|2212|6656|8439889|249437|1311|2196750|4|15|479|2|90.85|7.27|98.12|10.00|9.08|72.68|9.08|9.08|10.00|
2450955|73206|9681|4624956|1770855|173|1396167|8|5|479|6|87.46|7.00|94.46|10.00|8.75|69.97|8.75|8.75|10.00|
2451329|54108|8083|8711191|1328792|8|1368981|8|6|480|3|74.87|5.99|80.86|10.00|7.49|59.90|7.49|7.49|10.00|
2451121|43789|3600|9876|640824|6981|3429867|1|34|480|5|87.36|6.99|94.35|10.00|8.74|69.89|8.74|8.74|10.00|
2451536|76388|15937|5146937|757221|5630|2026394|3|17|481|1|81.51|6.52|88.03|10.00|8.15|65.21|8.15|8.15|10.00|
2451407|5113|14884|9729358|899507|130|3611467|2|26|481|5|63.93|5.11|69.04|10.00|6.39|51.14|6.39|6.39|10.00|
2451293|45828|6354|11604841|1052675|2479|3583900|2|32|482|6|0.53|0.04|0.57|10.00|0.05|0.42|0.05|0.05|10.00|
2451377|21771|14801|3338753|1210194|3657|1793515|3|19|482|1|80.36|6.43|86.79|10.00|8.04|64.29|8.04|8.04|10.00|
2451156|26331|1874|9209229|139695|6948|5696614|8|9|483|6|22.82|1.83|24.65|10.00|2.28|18.26|2.28|2.28|10.00|
2451010|17514|1133|8865434|470809|5397|841670|4|13|483|7|52.44|4.20|56.64|10.00|5.24|41.95|5.24|5.24|10.00|
2450835|31732|3786|7692691|363864|1697|622806|7|16|484|3|86.32|6.91|93.23|10.00|8.63|69.06|8.63|8.63|10.00|
2451255|15517|10256|3171891|492987|7035|500456|4|3|484|10|21.98|1.76|23.74|10.00|2.20|17.58|2.20|2.20|10.00|
2451432|33449|11354|379818|1895717|1212|1473956|12|6|485|5|25.85|2.07|27.92|10.00|2.59|20.68|2.59|2.59|10.00|
2451538|16607|9819|8330214|1891761|69|994676|3|21|485|3|89.91|7.19|97.10|10.00|8.99|71.93|8.99|8.99|10.00|
2450960|71442|9071|742659|1631838|199|4606917|10|2|486|3|1.04|0.08|1.12|10.00|0.10|0.83|0.10|0.10|10.00|
2451197|76236|7342|9439362|1246504|4775|2623555|5|2|486|7|78.64|6.29|84.93|10.00|7.86|62.91|7.86|7.86|10.00|
2451084|54276|14268|686937|443263|1161|4658292|5|9|487|7|92.08|7.37|99.45|10.00|9.21|73.66|9.21|9.21|10.00|
2451504|80635|10384|2835889|19745|3311|4392400|11|14|487|5|18.04|1.44|19.48|10.00|1.80|14.43|1.80|1.80|10.00|
2451095|77617|13831|2876850|380894|2742|12900|9|13|488|9|8.80|0.70|9.50|10.00|0.88|7.04|0.88|0.88|10.00|
2451138|52993|2169|5339290|332220|5922|4443581|12|15|488|8|69.25|5.54|74.79|10.00|6.93|55.40|6.93|6.93|10.00|
2451101|34926|3782|7910842|76084|6488|4968497|8|14|489|6|15.70|1.26|16.96|10.00|1.57|12.56|1.57|1.57|10.00|
2450867|58370|507|3081769|1879061|3794|2351839|9|35|489|7|73.70|5.90|79.60|10.00|7.37|58.96|7.37|7.37|10.00|
2451090|15999|7199|3689852|423678|3136|620627|5|10|490|7|77.32|6.19|83.51|10.00|7.73|61.86|7.73|7.73|10.00|
2451038|16564|12835|4318845|385325|791|4772232|10|8|490|1|19.15|1.53|20.68|10.00|1.92|15.32|1.92|1.92|10.00|
2450934|11548|12785|6832298|161227|5660|5809863|11|25|491|4|86.25|6.90|93.15|10.00|8.62|69.00|8.62|8.62|10.00|
2450943|31849|6364|8836207|1684183|6418|49856|6|18|491|7|49.55|3.96|53.51|10.00|4.96|39.64|4.96|4.96|10.00|
2451215|61941|7583|5157862|1446828|635|5444972|1|32|492|2|83.74|6.70|90.44|10.00|8.37|66.99|8.37|8.37|10.00|
2451031|30710|6992|9369438|631721|3460|4152780|5|4|492|8|83.23|6.66|89.89|10.00|8.32|66.58|8.32|8.32|10.00|
2450817|25799|17036|8045963|1767331|1740|680336|7|11|493|7|11.93|0.95|12.88|10.00|1.19|9.54|1.19|1.19|10.00|
2450952|56528|4869|2127482|1905456|633|673540|7|27|493|2|81.86|6.55|88.41|10.00|8.19|65.49|8.19|8.19|10.00|
2451224|43393|8900|10709242|222177|3017|1607077|11|8|494|4|76.14|6.09|82.23|10.00|7.61|60.91|7.61|7.61|10.00|
2451272|56326|103|3732721|236760|1622|5766448|5|24|494|6|21.61|1.73|23.34|10.00|2.16|17.29|2.16|2.16|10.00|
2451092|16255|4756|1204061|608289|252|2933681|5|25|495|6|76.76|6.14|82.90|10.00|7.68|61.41|7.68|7.68|10.00|
2451409|38416|5090|8043346|1883832|6862|4743462|11|27|495|7|52.72|4.22|56.94|10.00|5.27|42.18|5.27|5.27|10.00|
2451217|70815|12449|6444510|1810373|3306|825206|9|27|496|7|64.23|5.14|69.37|10.00|6.42|51.38|6.42|6.42|10.00|
2451082|1105|12973|6255577|694358|5027|1914782|11|6|496|3|98.60|7.89|106.49|10.00|9.86|78.88|9.86|9.86|10.00|
2451233|81206|12831|5892950|1744507|1274|1972485|6|11|497|7|78.01|6.24|84.25|10.00|7.80|62.41|7.80|7.80|10.00|
2451401|18884|6470|732803|848115|3977|3723412|1|34|497|3|15.37|1.23|16.60|10.00|1.54|12.30|1.54|1.54|10.00|
2451208|54376|1627|9150768|1455128|1327|1105153|10|17|498|2|10.26|0.82|11.08|10.00|1.03|8.21|1.03|1.03|10.00|
2451209|63860|6398|8576931|1864128|4834|2796723|10|23|498|7|92.71|7.42|100.13|10.00|9.27|74.17|9.27|9.27|10.00|
2450934|18738|516|7312987|1485672|6294|5000434|1|12|499|3|79.50|6.36|85.86|10.00|7.95|63.60|7.95|7.95|10.00|
2451444|83496|10308|11425401|1385538|5526|5590223|9|28|499|2|92.61|7.41|100.02|10.00|9.26|74.09|9.26|9.26|10.00|
2451111|58560|16583|8535733|1244441|5110|2651474|7|13|500|3|98.02|7.84|105.86|10.00|9.80|78.42|9.80|9.80|10.00|
2451511|20956|8185|2562887|1163173|686|2786005|9|3|500|6|37.82|3.03|40.85|10.00|3.78|30.26|3.78|3.78|10.00|
2450903|63827|2362|7800147|1463567|2947|2968008|1|25|501|7|16.65|1.33|17.98|10.00|1.67|13.32|1.67|1.67|10.00|
2450979|56442|11565|11388705|516767|2720|3118812|9|6|501|3|74.12|5.93|80.05|10.00|7.41|59.30|7.41|7.41|10.00|
2451364|36787|6447|2843647|387377|1610|768818|12|13|502|9|54.70|4.38|59.08|10.00|5.47|43.76|5.47|5.47|10.00|
2451231|71618|7864|72911|1578775|1622|4502983|1|2|502|4|47.42|3.79|51.21|10.00|4.74|37.94|4.74|4.74|10.00|
2451459|84320|15756|7105845|1061402|2643|3117329|7|12|503|5|11.31|0.90|12.21|10.00|1.13|9.05|1.13|1.13|10.00|
2451464|79415|14664|8227627|477917|3446|5425894|11|10|503|3|12.61|1.01|13.62|10.00|1.26|10.09|1.26|1.26|10.00|
2451353|45471|11033|2476841|1264786|5816|890815|1|4|504|10|44.43|3.55|47.98|10.00|4.44|35.54|4.44|4.44|10.00|
2451333|46530|2860|11200710|1208267|4251|4492049|12|27|504|5|23.53|1.88|25.41|10.00|2.35|18.82|2.35|2.35|10.00|
2451158|27220|420|9709724|1051671|6202|4467646|1|18|505|6|17.84|1.43|19.27|10.00|1.78|14.27|1.78|1.78|10.00|
2451537|28698|9495|1176342|51544|2882|4250616|5|11|505|4|93.52|7.48|101.00|10.00|9.35|74.82|9.35|9.35|10.00|
2450918|24649|13162|2383707|1294659|3976|826542|12|25|506|6|55.39|4.43|59.82|10.00|5.54|44.31|5.54|5.54|10.00|
2451328|67245|17280|3557229|981733|2196|5914089|8|9|506|9|18.05|1.44|19.49|10.00|1.81|14.44|1.81|1.81|10.00|
2451330|7806|9341|10270029|1064881|3232|3456283|3|33|507|3|11.54|0.92|12.46|10.00|1.15|9.23|1.15|1.15|10.00|
2450839|53207|4332|4285561|1706564|7192|774072|9|2|507|8|9.34|0.75|10.09|10.00|0.93|7.47|0.93|0.93|10.00|
2451189|85632|6709|1937403|1587814|5519|5577898|3|7|508|5|96.04|7.68|103.72|10.00|9.60|76.83|9.60|9.60|10.00|
2450850|83597|11586|10220046|703094|7117|1149167|4|35|508|7|84.23|6.74|90.97|10.00|8.42|67.38|8.42|8.42|10.00|
2450859|8527|8449|4061341|1466466|1572|5379492|8|20|509|9|5.42|0.43|5.85|10.00|0.54|4.34|0.54|0.54|10.00|
2450872|70943|4155|4777503|100438|3670|11083|7|8|509|9|31.86|2.55|34.41|10.00|3.19|25.49|3.19|3.19|10.00|
2451483|65207|2749|2648949|257765|2945|438109|9|15|510|3|59.19|4.74|63.93|10.00|5.92|47.35|5.92|5.92|10.00|
2450855|64003|7078|7804011|1182227|1447|416199|7|30|510|8|46.15|3.69|49.84|10.00|4.62|36.92|4.62|4.62|10.00|
2450908|54765|14115|9238349|333055|5808|2991076|8|21|511|6|9.48|0.76|10.24|10.00|0.95|7.58|0.95|0.95|10.00|
2451469|21782|674|9453227|778572|5640|945610|1|4|511|3|58.27|4.66|62.93|10.00|5.83|46.62|5.83|5.83|10.00|
2451398|74433|17428|11495444|968830|4143|1072330|4|3|512|1|82.05|6.56|88.61|10.00|8.21|65.64|8.21|8.21|10.00|
2450938|80283|5340|6559360|954827|2845|5662144|4|20|512|6|14.11|1.13|15.24|10.00|1.41|11.29|1.41|1.41|10.00|
2450835|77423|7175|8808493|888176|1494|4905388|7|20|513|6|4.57|0.37|4.94|10.00|0.46|3.66|0.46|0.46|10.00|
2451182|69889|1422|2699989|1811830|1316|489223|2|33|513|6|23.44|1.88|25.32|10.00|2.34|18.75|2.34|2.34|10.00|
2451483|33160|16568|2368556|1704153|6714|5545116|6|2|514|3|8.18|0.65|8.83|10.00|0.82|6.54|0.82|0.82|10.00|
2451169|71463|7496|11722287|1665838|6621|3374213|5|18|514|5|27.79|2.22|30.01|10.00|2.78|22.23|2.78|2.78|10.00|
2451346|63319|12884|2369458|1601318|4458|648657|2|9|515|10|44.49|3.56|48.05|10.00|4.45|35.59|4.45|4.45|10.00|
2451136|77200|17664|4366660|732759|4236|2238338|3|22|515|6|41.43|3.31|44.74|10.00|4.14|33.14|4.14|4.14|10.00|
2451110|64106|9169|9767191|573262|4221|2276075|1|32|516|6|17.77|1.42|19.19|10.00|1.78|14.22|1.78|1.78|10.00|
2451277|36166|12753|2205895|1239748|4358|4021849|11|35|516|4|29.58|2.37|31.95|10.00|2.96|23.66|2.96|2.96|10.00|
2450822|22680|14898|6336574|1708556|4765|2221769|6|24|517|4|53.12|4.25|57.37|10.00|5.31|42.50|5.31|5.31|10.00|
2450834|32245|11057|9893402|1608796|2221|2430583|9|27|517|9|61.15|4.89|66.04|10.00|6.12|48.92|6.12|6.12|10.00|
2451088|84825|3807|10999446|491802|7153|1951771|7|30|518|1|59.81|4.78|64.59|10.00|5.98|47.85|5.98|5.98|10.00|
2451270|75574|10999|2499877|466079|5394|4741668|2|18|518|2|1.56|0.12|1.68|10.00|0.16|1.25|0.16|0.16|10.00|
2451260|57006|13702|173598|228405|5882|4364547|7|14|519|6|39.10|3.13|42.23|10.00|3.91|31.28|3.91|3.91|10.00|
2451493|55383|10281|4323125|359465|4012|745108|10|14|519|10|49.15|3.93|53.08|10.00|4.92|39.32|4.92|4.92|10.00|
2451140|38687|11871|7451502|126263|6162|3380730|6|10|520|3|3.87|0.31|4.18|10.00|0.39|3.10|0.39|0.39|10.00|
2451283|32926|807|6211319|798134|7074|2351575|6|7|520|1|86.29|6.90|93.19|10.00|8.63|69.03|8.63|8.63|10.00|
2451078|6791|7781|7292446|1548435|5230|4821825|2|24|521|4|89.09|7.13|96.22|10.00|8.91|71.27|8.91|8.91|10.00|
2451047|63079|13316|798918|907991|1446|5011456|8|9|521|4|71.48|5.72|77.20|10.00|7.15|57.18|7.15|7.15|10.00|
2450816|19517|2607|9617148|1444785|1740|4145965|11|25|522|4|22.36|1.79|24.15|10.00|2.24|17.89|2.24|2.24|10.00|
2451220|12309|3751|4968353|170065|3002|1633245|7|13|522|9|96.34|7.71|104.05|10.00|9.63|77.07|9.63|9.63|10.00|
2451509|6086|8240|7868664|334040|6904|4213471|6|25|523|6|26.87|2.15|29.02|10.00|2.69|21.50|2.69|2.69|10.00|
2451178|7572|8569|494576|1264276|4757|2868865|8|19|523|4|33.28|2.66|35.94|10.00|3.33|26.62|3.33|3.33|10.00|
2451005|36001|15438|993145|907735|5498|4300266|10|6|524|5|23.70|1.90|25.60|10.00|2.37|18.96|2.37|2.37|10.00|
2451227|68455|16040|7501350|1062360|1458|4830576|9|20|524|3|34.90|2.79|37.69|10.00|3.49|27.92|3.49|3.49|10.00|
2451453|75512|5483|4397282|739365|4358|181425|12|20|525|4|97.87|7.83|105.70|10.00|9.79|78.30|9.79|9.79|10.00|
2450943|42782|7428|6065470|825767|5674|4026737|7|28|525|5|96.40|7.71|104.11|10.00|9.64|77.12|9.64|9.64|10.00|
2451390|57015|16106|7805176|854020|6969|5218262|11|27|526|3|70.27|5.62|75.89|10.00|7.03|56.22|7.03|7.03|10.00|
2451442|46978|12164|3798252|221232|4468|4455391|6|10|526|3|39.61|3.17|42.78|10.00|3.96|31.69|3.96|3.96|10.00|
2451435|37837|8646|7381669|655272|1182|3874452|4|22|527|4|46.62|3.73|50.35|10.00|4.66|37.30|4.66|4.66|10.00|
2451202|37470|9674|8888170|816792|3279|2638287|2|15|527|8|79.79|6.38|86.17|10.00|7.98|63.83|7.98|7.98|10.00|
2451321|35614|15546|10671944|659322|7145|1652004|1|1|528|3|72.86|5.83|78.69|10.00|7.29|58.29|7.29|7.29|10.00|
2451422|38524|720|5115600|1346389|4363|3448761|10|32|528|7|59.51|4.76|64.27|10.00|5.95|47.61|5.95|5.95|10.00|
2451195|59160|11452|2504000|1895814|335|5616106|3|16|529|7|76.92|6.15|83.07|10.00|7.69|61.54|7.69|7.69|10.00|
2451377|17937|8404|8194704|95816|509|258721|7|15|529|2|51.95|4.16|56.11|10.00|5.20|41.56|5.20|5.20|10.00|
2451301|58871|10862|6304239|1360447|2203|3121186|12|14|530|9|93.37|7.47|100.84|10.00|9.34|74.70|9.34|9.34|10.00|
2450828|22940|10476|3161425|834726|4303|4455387|9|32|530|1|18.18|1.45|19.63|10.00|1.82|14.54|1.82|1.82|10.00|
2450999|28607|4597|4606410|329484|1164|5836071|3|26|531|6|64.12|5.13|69.25|10.00|6.41|51.30|6.41|6.41|10.00|
2451009|65610|15592|10584954|1839531|3300|2423151|4|22|531|4|99.49|7.96|107.45|10.00|9.95|79.59|9.95|9.95|10.00|
2451487|7920|7632|10600943|1879120|1539|5888345|7|24|532|1|86.43|6.91|93.34|10.00|8.64|69.14|8.64|8.64|10.00|
2451061|52606|8488|9835335|642301|2153|5912137|11|6|532|4|54.31|4.34|58.65|10.00|5.43|43.45|5.43|5.43|10.00|
2450887|11855|5616|482524|1883021|2788|309836|7|11|533|3|28.36|2.27|30.63|10.00|2.84|22.69|2.84|2.84|10.00|
2450841|82198|16860|1899831|1485739|5001|3940574|12|27|533|8|75.68|6.05|81.73|10.00|7.57|60.54|7.57|7.57|10.00|
2450897|73257|706|8723443|1443488|3497|5967703|11|23|534|6|58.32|4.67|62.99|10.00|5.83|46.66|5.83|5.83|10.00|
2451101|2905|17091|31146|554106|2599|2536116|11|24|534|5|57.89|4.63|62.52|10.00|5.79|46.31|5.79|5.79|10.00|
2451051|45859|1648|3281809|1377177|7067|4494068|4|1|535|8|46.95|3.76|50.71|10.00|4.70|37.56|4.70|4.70|10.00|
2451415|63549|12144|8843289|831332|1405|1239843|10|30|535|4|78.16|6.25|84.41|10.00|7.82|62.53|7.82|7.82|10.00|
2450938|33779|5731|7588707|1841251|581|2289648|1|16|536|6|51.70|4.14|55.84|10.00|5.17|41.36|5.17|5.17|10.00|
2451510|83920|13000|11565226|1534315|790|2872627|1|20|536|6|93.34|7.47|100.81|10.00|9.33|74.67|9.33|9.33|10.00|
2451323|57843|17217|4349553|1176731|6107|5861528|12|35|537|6|15.65|1.25|16.90|10.00|1.57|12.52|1.57|1.57|10.00|
2451486|78867|1105|4341918|864126|2060|1841739|9|12|537|9|41.39|3.31|44.70|10.00|4.14|33.11|4.14|4.14|10.00|
2451445|46941|6666|5760430|21767|3946|650990|7|31|538|3|86.55|6.92|93.47|10.00|8.65|69.24|8.65|8.65|10.00|
2450978|76143|8245|6815334|1133129|1160|2091274|1|35|538|4|14.71|1.18|15.89|10.00|1.47|11.77|1.47|1.47|10.00|
2450846|26800|17947|11827402|620465|2084|1666176|8|23|539|1|36.97|2.96|39.93|10.00|3.70|29.58|3.70|3.70|10.00|
2451004|66647|5755|3865567|915032|3623|1138184|1|7|539|7|11.40|0.91|12.31|10.00|1.14|9.12|1.14|1.14|10.00|
2450840|17574|17185|1727914|777226|4781|5911454|8|30|540|1|29.23|2.34|31.57|10.00|2.92|23.38|2.92|2.92|10.00|
2450937|40155|614|5693369|1041931|3677|198676|10|15|540|4|21.34|1.71|23.05|10.00|2.13|17.07|2.13|2.13|10.00|
2451132|62057|12275|1415853|1756534|5703|4681567|6|1|541|7|24.94|2.00|26.94|10.00|2.49|19.95|2.49|2.49|10.00|
2451524|85496|2653|1300696|547826|1671|692276|11|4|541|4|13.04|1.04|14.08|10.00|1.30|10.43|1.30|1.30|10.00|
2451334|1074|1020|11849124|384168|6181|1461568|10|35|542|4|89.85|7.19|97.04|10.00|8.98|71.88|8.98|8.98|10.00|
2450941|50569|15668|11624275|1516821|1430|2990816|12|32|542|9|3.86|0.31|4.17|10.00|0.39|3.09|0.39|0.39|10.00|
2450823|23473|10946|5333056|30202|6377|2593173|12|16|543|2|13.90|1.11|15.01|10.00|1.39|11.12|1.39|1.39|10.00|
2451250|36505|4148|10558422|146040|1689|2352464|12|25|543|10|60.51|4.84|65.35|10.00|6.05|48.41|6.05|6.05|10.00|
2451055|61530|15332|11691466|273104|2631|2082025|5|19|544|3|68.59|5.49|74.08|10.00|6.86|54.87|6.86|6.86|10.00|
2450980|83853|6377|5021371|1765643|4077|5375872|5|5|544|7|7.50|0.60|8.10|10.00|0.75|6.00|0.75|0.75|10.00|
2451137|5446|4099|11976799|576794|4788|1913581|5|15|545|6|18.66|1.49|20.15|10.00|1.87|14.93|1.87|1.87|10.00|
2451091|21039|11763|495965|165194|53|3727047|3|24|545|3|33.82|2.71|36.53|10.00|3.38|27.06|3.38|3.38|10.00|
2451297|82563|2653|4083775|1706373|4656|5317022|9|22|546|10|37.58|3.01|40.59|10.00|3.76|30.06|3.76|3.76|10.00|
2451357|48932|2055|1403404|1127708|1194|2487678|8|26|546|9|64.58|5.17|69.75|10.00|6.46|51.66|6.46|6.46|10.00|
2450994|19984|7583|5192748|1683124|336|1392889|9|35|547|8|57.47|4.60|62.07|10.00|5.75|45.98|5.75|5.75|10.00|
2451280|33852|13355|10283939|158393|4721|199881|2|27|547|5|41.28|3.30|44.58|10.00|4.13|33.02|4.13|4.13|10.00|
2451304|56558|16332|7486649|103105|2719|5431677|11|14|548|1|59.03|4.72|63.75|10.00|5.90|47.22|5.90|5.90|10.00|
2451452|43024|7373|4127780|1916106|2083|3095817|8|11|548|6|2.02|0.16|2.18|10.00|0.20|1.62|0.20|0.20|10.00|
2451362|72398|13469|8129942|1738787|1806|3708703|7|6|549|5|99.31|7.94|107.25|10.00|9.93|79.45|9.93|9.93|10.00|
2451186|53650|6776|3884487|1102792|61|951886|11|3|549|5|15.67|1.25|16.92|10.00|1.57|12.54|1.57|1.57|10.00|
2451490|58499|17122|8685842|1504734|5514|2637203|12|32|550|6|43.65|3.49|47.14|10.00|4.37|34.92|4.37|4.37|10.00|
2451479|61161|17232|9443582|611718|3031|2978847|3|35|550|3|93.11|7.45|100.56|10.00|9.31|74.49|9.31|9.31|10.00|
2450976|83020|5132|1806194|195948|1931|128823|5|34|551|6|80.89|6.47|87.36|10.00|8.09|64.71|8.09|8.09|10.00|
2451238|84855|5686|9937613|1433688|6457|1311138|8|33|551|9|72.51|5.80|78.31|10.00|7.25|58.01|7.25|7.25|10.00|
2450913|53733|79|11762223|254119|4904|4935874|12|24|552|7|91.58|7.33|98.91|10.00|9.16|73.26|9.16|9.16|10.00|
2451409|2704|3846|8370936|292125|6192|3841521|1|23|552|3|52.97|4.24|57.21|10.00|5.30|42.38|5.30|5.30|10.00|
2451532|82790|3260|10922103|1640508|7193|4661740|8|2|553|3|75.30|6.02|81.32|10.00|7.53|60.24|7.53|7.53|10.00|
2451400|2518|5118|5502024|1906950|698|3275997|9|28|553|4|98.65|7.89|106.54|10.00|9.87|78.92|9.87|9.87|10.00|
2451328|8444|4602|2798791|884374|2840|5749201|12|34|554|9|11.23|0.90|12.13|10.00|1.12|8.98|1.12|1.12|10.00|
2451510|75439|14370|2808565|1442475|5032|5393487|6|1|554|2|7.40|0.59|7.99|10.00|0.74|5.92|0.74|0.74|10.00|
2451132|9129|16453|2826842|1360738|5938|2160819|9|14|555|10|81.45|6.52|87.97|10.00|8.15|65.16|8.15|8.15|10.00|
2450860|48608|16791|11698718|407232|5078|5447966|7|27|555|6|96.92|7.75|104.67|10.00|9.69|77.54|9.69|9.69|10.00|
2451063|14046|4214|253536|1144500|6428|314223|9|23|556|8|42.38|3.39|45.77|10.00|4.24|33.90|4.24|4.24|10.00|
2451174|12894|3344|9989829|948553|3612|3592238|6|20|556|7|77.85|6.23|84.08|10.00|7.79|62.28|7.79|7.79|10.00|
2451388|39694|11214|11522627|100293|580|3877206|3|21|557|7|55.32|4.43|59.75|10.00|5.53|44.26|5.53|5.53|10.00|
2450909|64519|12411|5746442|855255|2061|68459|9|3|557|8|74.73|5.98|80.71|10.00|7.47|59.78|7.47|7.47|10.00|
2451348|47988|4993|4325874|196259|4085|2318657|5|22|558|6|73.04|5.84|78.88|10.00|7.30|58.43|7.30|7.30|10.00|
2451039|24087|11664|5316079|647431|4272|5021142|11|17|558|4|0.60|0.05|0.65|10.00|0.06|0.48|0.06|0.06|10.00|
2451003|36599|3718|8448337|1824184|5910|5590805|1|3|559|6|69.80|5.58|75.38|10.00|6.98|55.84|6.98|6.98|10.00|
2451138|68571|1844|2974368|330183|416|4579914|11|26|559|9|47.72|3.82|51.54|10.00|4.77|38.18|4.77|4.77|10.00|
2451065|76925|5000|6915961|148816|6478|3897839|10|5|560|4|14.02|1.12|15.14|10.00|1.40|11.22|1.40|1.40|10.00|
2451488|82811|2160|8971486|1618553|5163|834108|3|19|560|4|27.06|2.16|29.22|10.00|2.71|21.65|2.71|2.71|10.00|
2451206|79675|5856|2969742|1782047|5886|1962488|1|3|561|10|12.26|0.98|13.24|10.00|1.23|9.81|1.23|1.23|10.00|
2451074|11583|12844|7555663|1678898|4230|2633854|10|10|561|10|29.98|2.40|32.38|10.00|3.00|23.98|3.00|3.00|10.00|
2451186|9981|7298|10783552|884184|4340|4565152|6|12|562|5|69.76|5.58|75.34|10.00|6.98|55.81|6.98|6.98|10.00|
2450816|26587|16594|9497114|9411|912|5833256|1|33|562|2|12.81|1.02|13.83|10.00|1.28|10.25|1.28|1.28|10.00|
2450933|43190|16868|134327|1366487|7010|451099|11|8|563|8|91.76|7.34|99.10|10.00|9.18|73.41|9.18|9.18|10.00|
2451153|73916|7727|1852414|1335129|3939|1161757|1|13|563|8|54.42|4.35|58.77|10.00|5.44|43.54|5.44|5.44|10.00|
2451534|63759|808|5548209|655115|630|3954459|11|30|564|2|37.90|3.03|40.93|10.00|3.79|30.32|3.79|3.79|10.00|
2451008|5960|14762|4808073|1460979|3199|5475668|4|25|564|1|24.50|1.96|26.46|10.00|2.45|19.60|2.45|2.45|10.00|
2451319|45718|12193|6862896|730639|1226|327805|2|8|565|5|69.90|5.59|75.49|10.00|6.99|55.92|6.99|6.99|10.00|
2451064|41184|13402|8175059|1226169|3342|2931559|10|8|565|6|12.60|1.01|13.61|10.00|1.26|10.08|1.26|1.26|10.00|
2451530|10915|5093|8024095|1057731|7086|5782999|9|23|566|10|45.57|3.65|49.22|10.00|4.56|36.46|4.56|4.56|10.00|
2451428|77031|13926|5610387|975003|1464|5844358|2|30|566|8|42.79|3.42|46.21|10.00|4.28|34.23|4.28|4.28|10.00|
2451193|41984|722|10958386|560654|6421|5738071|8|4|567|1|35.46|2.84|38.30|10.00|3.55|28.37|3.55|3.55|10.00|
2451258|18645|17865|3155474|561084|5450|830942|2|34|567|10|41.71|3.34|45.05|10.00|4.17|33.37|4.17|4.17|10.00|
2451312|76599|2139|4641643|479735|4077|4612854|5|15|568|4|69.59|5.57|75.16|10.00|6.96|55.67|6.96|6.96|10.00|
2451425|37213|3709|6188254|1010076|4898|3096976|10|7|568|4|75.22|6.02|81.24|10.00|7.52|60.18|7.52|7.52|10.00|
2451394|82457|9249|4347865|1836933|2743|5588013|8|18|569|2|35.79|2.86|38.65|10.00|3.58|28.63|3.58|3.58|10.00|
2451426|44394|4167|8458351|470329|4791|3825649|4|24|569|4|40.24|3.22|43.46|10.00|4.02|32.19|4.02|4.02|10.00|
2451122|43109|4224|1448481|318333|2578|5076967|10|22|570|1|55.28|4.42|59.70|10.00|5.53|44.22|5.53|5.53|10.00|
2451006|44660|12885|6851783|916512|2122|470924|6|27|570|1|21.09|1.69|22.78|10.00|2.11|16.87|2.11|2.11|10.00|
2451170|22422|14688|374771|368364|5522|5046698|10|25|571|10|72.59|5.81|78.40|10.00|7.26|58.07|7.26|7.26|10.00|
2451127|35496|2067|2285641|526622|725|5665073|7|33|571|1|20.25|1.62|21.87|10.00|2.02|16.20|2.02|2.02|10.00|
2451419|50794|14436|3131944|1118084|277|4753279|12|2|572|4|36.22|2.90|39.12|10.00|3.62|28.98|3.62|3.62|10.00|
2451178|16333|15862|6855729|1697390|2900|5773454|6|9|572|9|90.67|7.25|97.92|10.00|9.07|72.54|9.07|9.07|10.00|
2450873|16202|17192|2770926|1685273|7005|3675011|1|7|573|10|64.77|5.18|69.95|10.00|6.48|51.82|6.48|6.48|10.00|
2451293|50123|11811|6745690|1109463|6734|1271990|4|35|573|9|91.61|7.33|98.94|10.00|9.16|73.29|9.16|9.16|10.00|
2451370|53020|450|4073163|1004309|1674|269702|3|22|574|10|34.87|2.79|37.66|10.00|3.49|27.90|3.49|3.49|10.00|
2450943|71209|14792|9230725|177887|2422|2334290|9|30|574|9|81.62|6.53|88.15|10.00|8.16|65.30|8.16|8.16|10.00|
2451308|80061|6088|7318765|1146210|4|4602803|10|23|575|5|16.28|1.30|17.58|10.00|1.63|13.02|1.63|1.63|10.00|
2451517|78454|4516|5327121|1014231|4615|4782828|9|6|575|8|25.49|2.04|27.53|10.00|2.55|20.39|2.55|2.55|10.00|
2450843|38416|10964|1457129|915133|4560|2090812|11|33|576|5|10.43|0.83|11.26|10.00|1.04|8.34|1.04|1.04|10.00|
2451076|27953|4629|9307927|260529|259|845109|6|5|576|8|49.76|3.98|53.74|10.00|4.98|39.81|4.98|4.98|10.00|
2451072|19630|2001|11902796|374983|4747|4881142|12|6|577|4|49.98|4.00|53.98|10.00|5.00|39.98|5.00|5.00|10.00|
2450949|31544|1278|4844927|796064|2764|5218519|9|20|577|1|34.46|2.76|37.22|10.00|3.45|27.57|3.45|3.45|10.00|
2451312|19784|16856|9296791|1839695|5151|240218|4|20|578|3|36.64|2.93|39.57|10.00|3.66|29.31|3.66|3.66|10.00|
2451011|72902|10058|6334483|1534783|5585|3438860|8|2|578|5|76.31|6.10|82.41|10.00|7.63|61.05|7.63|7.63|10.00|
2451224|2084|7119|3468396|848019|7003|4368216|10|31|579|4|98.82|7.91|106.73|10.00|9.88|79.06|9.88|9.88|10.00|
2451242|62943|1707|10538501|1127082|427|4321136|5|19|579|4|52.80|4.22|57.02|10.00|5.28|42.24|5.28|5.28|10.00|
2450920|19239|4554|9798788|1580441|3914|3067302|12|20|580|4|30.21|2.42|32.63|10.00|3.02|24.17|3.02|3.02|10.00|
2450907|35242|10420|1304465|432488|4390|1317127|11|10|580|8|60.80|4.86|65.66|10.00|6.08|48.64|6.08|6.08|10.00|
2451260|78272|217|9690445|1805162|1713|3027144|4|28|581|8|93.64|7.49|101.13|10.00|9.36|74.91|9.36|9.36|10.00|
2451355|26607|11187|90614|1092995|2682|3530663|12|8|581|9|99.96|8.00|107.96|10.00|10.00|79.97|10.00|10.00|10.00|
2451109|54965|1030|2514019|35213|6365|3364385|12|26|582|7|9.47|0.76|10.23|10.00|0.95|7.58|0.95|0.95|10.00|
2451118|14421|59|5123420|293347|4331|2770290|7|18|582|10|53.84|4.31|58.15|10.00|5.38|43.07|5.38|5.38|10.00|
2450955|43946|13883|11414066|1318068|2976|1921131|8|31|583|9|64.45|5.16|69.61|10.00|6.45|51.56|6.45|6.45|10.00|
2451268|69671|720|3970912|250305|5060|5899287|3|13|583|9|12.86|1.03|13.89|10.00|1.29|10.29|1.29|1.29|10.00|
2451076|61142|10019|1054417|79044|6437|3318895|12|26|584|6|51.64|4.13|55.77|10.00|5.16|41.31|5.16|5.16|10.00|
2450854|56298|3123|2622493|1498539|5454|5194445|4|30|584|9|69.90|5.59|75.49|10.00|6.99|55.92|6.99|6.99|10.00|
2450819|58983|1771|2071865|636787|5226|2712942|6|22|585|1|32.81|2.62|35.43|10.00|3.28|26.25|3.28|3.28|10.00|
2451324|1726|7345|5234355|271807|4553|2852356|7|31|585|2|59.88|4.79|64.67|10.00|5.99|47.90|5.99|5.99|10.00|
2451432|80207|16421|6095654|1780650|1983|5151952|8|33|586|8|8.03|0.64|8.67|10.00|0.80|6.42|0.80|0.80|10.00|
2451088|22728|13073|10245772|116972|3212|1376001|1|32|586|2|96.29|7.70|103.99|10.00|9.63|77.03|9.63|9.63|10.00|
2451132|11418|5345|11366134|703680|5200|3227727|8|3|587|4|21.28|1.70|22.98|10.00|2.13|17.02|2.13|2.13|10.00|
2451035|32110|15729|4229803|467154|2330|2075335|12|17|587|1|29.28|2.34|31.62|10.00|2.93|23.42|2.93|2.93|10.00|
2451001|29544|11827|905913|1455466|6206|4195853|5|35|588|8|41.49|3.32|44.81|10.00|4.15|33.19|4.15|4.15|10.00|
2451528|24041|14008|3569615|1766954|6458|4691945|7|20|588|6|18.43|1.47|19.90|10.00|1.84|14.74|1.84|1.84|10.00|
2451182|67315|1665|4244302|481124|6192|770785|12|11|589|1|91.20|7.30|98.50|10.00|9.12|72.96|9.12|9.12|10.00|
2451405|32555|14517|741996|1819093|3319|3385186|3|16|589|2|93.21|7.46|100.67|10.00|9.32|74.57|9.32|9.32|10.00|
2450981|636|7451|5761709|1440433|756|1212447|12|32|590|4|50.57|4.05|54.62|10.00|5.06|40.46|5.06|5.06|10.00|
2451412|76669|4437|6449218|1677744|4147|992316|2|7|590|6|70.12|5.61|75.73|10.00|7.01|56.10|7.01|7.01|10.00|
2450819|72982|3852|6660463|498026|6061|990252|12|25|591|1|96.14|7.69|103.83|10.00|9.61|76.91|9.61|9.61|10.00|
2451499|71555|12178|5530211|1078025|837|5567413|5|14|591|9|94.94|7.60|102.54|10.00|9.49|75.95|9.49|9.49|10.00|
2451513|84665|9795|5841189|1644761|1903|248459|2|24|592|9|15.19|1.22|16.41|10.00|1.52|12.15|1.52|1.52|10.00|
2451462|52150|511|6972859|1237750|1483|4756697|9|3|592|10|45.98|3.68|49.66|10.00|4.60|36.78|4.60|4.60|10.00|
2451435|79015|3673|7582591|158585|4420|946369|6|25|593|7|23.07|1.85|24.92|10.00|2.31|18.46|2.31|2.31|10.00|
2450875|10121|478|6442406|96838|5602|5414433|12|35|593|9|55.36|4.43|59.79|10.00|5.54|44.29|5.54|5.54|10.00|
2451302|70238|8827|11102560|843802|1335|4365734|11|3|594|9|11.24|0.90|12.14|10.00|1.12|8.99|1.12|1.12|10.00|
2451347|31637|12798|3130687|1526322|2518|1895559|8|12|594|2|66.53|5.32|71.85|10.00|6.65|53.22|6.65|6.65|10.00|
2451491|71363|8793|1172148|912516|2183|5347404|3|35|595|8|66.08|5.29|71.37|10.00|6.61|52.86|6.61|6.61|10.00|
2451289|26484|9867|3135066|1548373|3362|3966430|5|3|595|3|0.04|0.00|0.04|10.00|0.00|0.03|0.00|0.00|10.00|
2450975|13162|5071|3704768|6293|710|4599336|9|23|596|5|40.36|3.23|43.59|10.00|4.04|32.29|4.04|4.04|10.00|
2450979|63007|3901|3544038|351559|4749|370716|1|28|596|7|85.69|6.86|92.55|10.00|8.57|68.55|8.57|8.57|10.00|
2451107|1762|7733|2135173|1030396|1860|5346668|2|29|597|4|70.88|5.67|76.55|10.00|7.09|56.70|7.09|7.09|10.00|
2450920|9260|2249|4137802|1345422|6963|4663959|8|12|597|2|77.26|6.18|83.44|10.00|7.73|61.81|7.73|7.73|10.00|
2451329|9685|2068|9115837|531690|1998|1329584|5|9|598|9|3.08|0.25|3.33|10.00|0.31|2.46|0.31|0.31|10.00|
2450985|37459|12225|6991071|1840323|3020|4511211|11|34|598|5|23.87|1.91|25.78|10.00|2.39|19.10|2.39|2.39|10.00|
2451270|27845|2468|3118078|686794|419|5626161|1|24|599|10|63.00|5.04|68.04|10.00|6.30|50.40|6.30|6.30|10.00|
2451236|25589|15275|716836|1225271|2064|1000594|3|25|599|2|7.75|0.62|8.37|10.00|0.78|6.20|0.78|0.78|10.00|
2451148|656|3887|5864944|310264|2457|3688736|3|35|600|7|76.73|6.14|82.87|10.00|7.67|61.38|7.67|7.67|10.00|
2451171|49890|12869|5406949|1400730|7017|3764916|11|2|600|4|99.12|7.93|107.05|10.00|9.91|79.30|9.91|9.91|10.00|
2451292|53604|8629|4427421|1834787|398|548938|12|13|601|6|46.43|3.71|50.14|10.00|4.64|37.14|4.64|4.64|10.00|
2451103|81708|8544|8315793|843499|6833|1030920|9|31|601|8|54.47|4.36|58.83|10.00|5.45|43.58|5.45|5.45|10.00|
2451439|72963|2703|10940863|1665063|6861|2971942|4|13|602|2|43.47|3.48|46.95|10.00|4.35|34.78|4.35|4.35|10.00|
2451231|12191|4846|4217996|1713611|4437|5378315|4|19|602|2|11.26|0.90|12.16|10.00|1.13|9.01|1.13|1.13|10.00|
2450840|30900|15351|6133462|34637|5844|1813847|6|21|603|9|24.72|1.98|26.70|10.00|2.47|19.78|2.47|2.47|10.00|
2451064|16212|10295|4544829|577567|644|1214469|10|29|603|5|28.62|2.29|30.91|10.00|2.86|22.90|2.86|2.86|10.00|
2450970|37205|15188|5690390|142393|4791|4345750|11|1|604|1|88.19|7.06|95.25|10.00|8.82|70.55|8.82|8.82|10.00|
2451348|42917|15917|10348734|1713660|4269|4098712|1|22|604|4|41.96|3.36|45.32|10.00|4.20|33.57|4.20|4.20|10.00|
2451139|73057|3013|1775779|1435175|5027|5240458|6|10|605|3|33.49|2.68|36.17|10.00|3.35|26.79|3.35|3.35|10.00|
2451291|77989|15961|9202156|1660825|6328|2393089|7|1|605|9|58.76|4.70|63.46|10.00|5.88|47.01|5.88|5.88|10.00|
2451197|59622|14996|11156905|132443|6131|2380687|3|29|606|9|81.51|6.52|88.03|10.00|8.15|65.21|8.15|8.15|10.00|
2451268|75790|10230|195772|137205|3326|2641621|11|1|606|3|48.20|3.86|52.06|10.00|4.82|38.56|4.82|4.82|10.00|
2451149|40968|9110|9946261|486466|5329|3137689|9|2|607|10|66.72|5.34|72.06|10.00|6.67|53.38|6.67|6.67|10.00|
2451074|72580|13453|2380622|1848710|2150|30931|10|32|607|6|96.03|7.68|103.71|10.00|9.60|76.82|9.60|9.60|10.00|
2450828|56886|4065|6674956|491249|1622|71766|11|23|608|1|5.89|0.47|6.36|10.00|0.59|4.71|0.59|0.59|10.00|
2450863|65248|11677|6902534|711105|142|2331234|4|12|608|3|15.54|1.24|16.78|10.00|1.55|12.43|1.55|1.55|10.00|
2450834|57001|841|5666908|945903|4914|5627963|6|20|609|4|56.32|4.51|60.83|10.00|5.63|45.06|5.63|5.63|10.00|
2451036|7168|6622|2581977|1673649|6668|1593652|5|15|609|1|27.98|2.24|30.22|10.00|2.80|22.38|2.80|2.80|10.00|
2451371|71100|2995|6367336|1170418|31|2519934|3|29|610|2|88.39|7.07|95.46|10.00|8.84|70.71|8.84|8.84|10.00|
2451134|17173|4769|3285945|905466|4715|4447406|6|22|610|7|82.12|6.57|88.69|10.00|8.21|65.70|8.21|8.21|10.00|
2450901|69915|11186|10277843|486331|3638|2723031|6|26|611|9|38.83|3.11|41.94|10.00|3.88|31.06|3.88|3.88|10.00|
2450914|62163|10577|11334361|515332|5046|3653888|11|28|611|6|55.62|4.45|60.07|10.00|5.56|44.50|5.56|5.56|10.00|
2451146|59551|1400|8808762|1510869|3787|4226579|1|6|612|5|1.81|0.14|1.95|10.00|0.18|1.45|0.18|0.18|10.00|
2451453|1086|9029|8269792|846106|439|5884414|8|31|612|5|84.24|6.74|90.98|10.00|8.42|67.39|8.42|8.42|10.00|
2451366|69429|1880|11972744|1205861|2545|4939041|1|1|613|3|59.14|4.73|63.87|10.00|5.91|47.31|5.91|5.91|10.00|
2451125|38208|15333|10530558|1652559|5741|4224169|4|31|613|6|73.97|5.92|79.89|10.00|7.40|59.18|7.40|7.40|10.00|
2451388|196|1874|9363513|1323945|3377|3519528|4|31|614|10|27.51|2.20|29.71|10.00|2.75|22.01|2.75|2.75|10.00|
2451442|12091|8319|7677031|1190838|4758|2339563|10|4|614|6|96.60|7.73|104.33|10.00|9.66|77.28|9.66|9.66|10.00|
2450997|84875|13101|2662500|1144844|7190|4190558|5|17|615|4|51.36|4.11|55.47|10.00|5.14|41.09|5.14|5.14|10.00|
2451316|26742|16664|4722941|615225|3722|3890506|8|12|615|3|49.24|3.94|53.18|10.00|4.92|39.39|4.92|4.92|10.00|
2451278|977|7589|6922285|704828|1905|5887333|2|30|616|10|18.10|1.45|19.55|10.00|1.81|14.48|1.81|1.81|10.00|
2450960|28185|6599|3036458|589766|5220|1318079|11|31|616|6|37.63|3.01|40.64|10.00|3.76|30.10|3.76|3.76|10.00|
2450842|60254|5460|1841977|269628|6433|4333707|3|24|617|9|81.29|6.50|87.79|10.00|8.13|65.03|8.13|8.13|10.00|
2451020|73900|932|1404863|604261|994|1495102|2|11|617|1|63.01|5.04|68.05|10.00|6.30|50.41|6.30|6.30|10.00|
2451181|27165|7714|8787798|561126|3136|913422|3|4|618|3|92.05|7.36|99.41|10.00|9.21|73.64|9.21|9.21|10.00|
2450856|16316|12077|5066313|1258891|4966|4838374|9|19|618|7|55.26|4.42|59.68|10.00|5.53|44.21|5.53|5.53|10.00|
2450977|64537|8118|3365281|533751|5905|4232117|11|23|619|6|65.89|5.27|71.16|10.00|6.59|52.71|6.59|6.59|10.00|
2450816|81307|12763|4071946|792683|5050|5049702|8|24|619|4|67.08|5.37|72.45|10.00|6.71|53.66|6.71|6.71|10.00|
2451456|69293|13666|8231101|871042|1192|4146811|12|26|620|3|0.81|0.06|0.87|10.00|0.08|0.65|0.08|0.08|10.00|
2451012|7554|8259|11970237|316190|1678|2195668|7|4|620|4|86.43|6.91|93.34|10.00|8.64|69.14|8.64|8.64|10.00|
2451060|41641|13734|2016663|398063|1065|5758770|11|34|621|7|48.58|3.89|52.47|10.00|4.86|38.86|4.86|4.86|10.00|
2451045|80043|18000|6625105|1805989|4029|5412986|8|34|621|2|71.71|5.74|77.45|10.00|7.17|57.37|7.17|7.17|10.00|
2450827|48300|11710|1382658|1188801|6155|3253298|1|33|622|5|33.07|2.65|35.72|10.00|3.31|26.46|3.31|3.31|10.00|
2451074|51941|13975|7746595|1028278|2022|2462837|7|24|622|2|16.15|1.29|17.44|10.00|1.61|12.92|1.61|1.61|10.00|
2450824|5304|13520|4243200|994425|5532|4050564|6|8|623|10|87.45|7.00|94.45|10.00|8.75|69.96|8.75|8.75|10.00|
2451315|32198|15963|8753153|198901|2762|88271|1|17|623|7|77.88|6.23|84.11|10.00|7.79|62.30|7.79|7.79|10.00|
2451119|31196|4425|1534453|1631389|6016|594658|2|14|624|1|5.19|0.42|5.61|10.00|0.52|4.15|0.52|0.52|10.00|
2451303|73683|4771|7405102|1307463|3229|4494369|2|24|624|7|6.76|0.54|7.30|10.00|0.68|5.41|0.68|0.68|10.00|
2451348|51231|6653|6019652|122614|225|5328390|2|31|625|10|84.16|6.73|90.89|10.00|8.42|67.33|8.42|8.42|10.00|
2451037|2822|15134|8237030|1541460|3506|3919111|1|6|625|7|7.46|0.60|8.06|10.00|0.75|5.97|0.75|0.75|10.00|
2451528|30018|240|6125153|641994|6610|4349671|6|4|626|10|49.21|3.94|53.15|10.00|4.92|39.37|4.92|4.92|10.00|
2451253|13052|5381|5637974|263548|2918|4105795|2|3|626|6|36.87|2.95|39.82|10.00|3.69|29.50|3.69|3.69|10.00|
2451425|81683|15008|2771499|1041589|6457|5078096|5|5|627|4|45.15|3.61|48.76|10.00|4.51|36.12|4.51|4.51|10.00|
2451339|81274|4099|6324646|562397|6476|5073877|1|30|627|7|63.68|5.09|68.77|10.00|6.37|50.94|6.37|6.37|10.00|
2450945|47365|7622|9070765|212926|1545|3887807|10|31|628|3|58.11|4.65|62.76|10.00|5.81|46.49|5.81|5.81|10.00|
2451258|72549|17665|6509462|1669913|4403|3545146|5|18|628|2|85.52|6.84|92.36|10.00|8.55|68.42|8.55|8.55|10.00|
2450842|29053|6944|8880528|1716575|727|4496255|1|10|629|1|43.61|3.49|47.10|10.00|4.36|34.89|4.36|4.36|10.00|
2450982|38575|17583|2345348|669609|3777|277996|10|13|629|9|41.82|3.35|45.17|10.00|4.18|33.46|4.18|4.18|10.00|
2450939|82762|4578|4235138|1574699|5506|2903359|10|24|630|4|65.69|5.26|70.95|10.00|6.57|52.55|6.57|6.57|10.00|
2451062|80876|13943|8201589|837172|2201|3740333|1|19|630|10|1.08|0.09|1.17|10.00|0.11|0.86|0.11|0.11|10.00|
2451462|39937|3579|139131|343421|269|3465970|12|16|631|1|85.16|6.81|91.97|10.00|8.52|68.13|8.52|8.52|10.00|
2451087|75695|7575|10763911|1703304|3761|1290625|7|34|631|7|94.15|7.53|101.68|10.00|9.42|75.32|9.42|9.42|10.00|
2451110|65917|15948|9504319|47218|1118|397944|8|16|632|10|11.54|0.92|12.46|10.00|1.15|9.23|1.15|1.15|10.00|
2450945|7648|3776|8606601|1826976|6559|2602627|2|20|632|5|90.23|7.22|97.45|10.00|9.02|72.18|9.02|9.02|10.00|
2451298|22737|16435|974868|1504780|4010|5724184|4|35|633|4|37.18|2.97|40.15|10.00|3.72|29.74|3.72|3.72|10.00|
2451049|79290|17406|11055440|113365|7071|543182|9|28|633|4|95.43|7.63|103.06|10.00|9.54|76.34|9.54|9.54|10.00|
2451314|62007|12622|8619019|1702367|2939|2158923|5|10|634|5|24.41|1.95|26.36|10.00|2.44|19.53|2.44|2.44|10.00|
2451170|37878|14004|6112276|238008|1541|1559975|10|18|634|7|44.83|3.59|48.42|10.00|4.48|35.86|4.48|4.48|10.00|
2450942|52018|11628|5359402|1741889|5928|2132553|6|6|635|3|55.17|4.41|59.58|10.00|5.52|44.14|5.52|5.52|10.00|
2451142|77955|7788|5899571|320981|2377|3797844|5|23|635|5|76.81|6.14|82.95|10.00|7.68|61.45|7.68|7.68|10.00|
2451270|68542|17199|9188363|952299|5714|3523476|10|9|636|1|22.79|1.82|24.61|10.00|2.28|18.23|2.28|2.28|10.00|
2451495|35558|6739|8672170|1753099|3641|2298182|4|33|636|7|56.20|4.50|60.70|10.00|5.62|44.96|5.62|5.62|10.00|
2451169|30686|8264|10133598|589390|671|784897|1|13|637|1|10.56|0.84|11.40|10.00|1.06|8.45|1.06|1.06|10.00|
2451218|46401|10019|3865726|1304984|6526|1553105|10|32|637|6|11.91|0.95|12.86|10.00|1.19|9.53|1.19|1.19|10.00|
2451533|53021|6349|3981031|1649832|217|3635669|1|13|638|8|50.09|4.01|54.10|10.00|5.01|40.07|5.01|5.01|10.00|
2450974|80965|8969|2102477|1632008|5848|3602891|1|12|638|2|2.78|0.22|3.00|10.00|0.28|2.22|0.28|0.28|10.00|
2450957|5056|17488|1111482|93523|1778|1799796|1|15|639|8|12.30|0.98|13.28|10.00|1.23|9.84|1.23|1.23|10.00|
2450879|9061|1551|7803847|62323|4675|4578391|2|31|639|6|53.32|4.27|57.59|10.00|5.33|42.66|5.33|5.33|10.00|
2450924|26035|10315|8148906|580837|7130|646988|10|8|640|2|70.96|5.68|76.64|10.00|7.10|56.77|7.10|7.10|10.00|
2451024|44685|13375|11342039|49746|101|4937410|4|6|640|1|23.38|1.87|25.25|10.00|2.34|18.70|2.34|2.34|10.00|
2451242|28762|12963|5528478|34466|1706|5162722|12|22|641|10|42.77|3.42|46.19|10.00|4.28|34.22|4.28|4.28|10.00|
2450882|39674|4480|6826581|1024179|3200|53890|3|12|641|3|80.98|6.48|87.46|10.00|8.10|64.78|8.10|8.10|10.00|
2450842|40220|16667|362753|318861|1928|3140097|11|32|642|4|11.49|0.92|12.41|10.00|1.15|9.19|1.15|1.15|10.00|
2451436|75980|6811|2782209|1365765|2675|5033479|6|13|642|7|67.25|5.38|72.63|10.00|6.73|53.80|6.73|6.73|10.00|
2451340|24494|12996|10678589|1177029|2534|2536967|7|35|643|4|4.06|0.32|4.38|10.00|0.41|3.25|0.41|0.41|10.00|
2451308|66046|5559|4463477|511223|6858|162201|8|22|643|6|20.72|1.66|22.38|10.00|2.07|16.58|2.07|2.07|10.00|
2450905|3145|13576|6550965|1739305|6357|1737494|3|14|644|4|44.34|3.55|47.89|10.00|4.43|35.47|4.43|4.43|10.00|
2451292|13723|13755|6319821|237000|1164|2654861|9|4|644|7|47.29|3.78|51.07|10.00|4.73|37.83|4.73|4.73|10.00|
2451437|37258|11911|844505|678352|2419|510478|11|1|645|6|75.20|6.02|81.22|10.00|7.52|60.16|7.52|7.52|10.00|
2451393|59975|7897|1123561|625210|3452|2653493|9|22|645|1|46.44|3.72|50.16|10.00|4.64|37.15|4.64|4.64|10.00|
2450963|16187|3610|4283490|1565588|5132|5644269|1|1|646|10|45.45|3.64|49.09|10.00|4.55|36.36|4.55|4.55|10.00|
2451414|12628|7040|3933490|1517295|2561|2044558|7|11|646|1|52.16|4.17|56.33|10.00|5.22|41.73|5.22|5.22|10.00|
2451223|78400|737|1053812|1576783|1738|4420537|4|23|647|1|61.10|4.89|65.99|10.00|6.11|48.88|6.11|6.11|10.00|
2451307|82421|10571|1594654|659940|5466|4282329|12|3|647|2|96.51|7.72|104.23|10.00|9.65|77.21|9.65|9.65|10.00|
2451363|55882|2102|10868741|1621853|3142|3079702|11|2|648|5|70.05|5.60|75.65|10.00|7.00|56.04|7.00|7.00|10.00|
2451358|14107|15561|1417193|1886236|5648|3481050|4|8|648|5|70.27|5.62|75.89|10.00|7.03|56.22|7.03|7.03|10.00|
2451055|64836|533|3996281|1404024|885|2718607|12|5|649|7|71.21|5.70|76.91|10.00|7.12|56.97|7.12|7.12|10.00|
2450889|84971|16959|10784815|1801081|6108|1954355|11|27|649|4|53.84|4.31|58.15|10.00|5.38|43.07|5.38|5.38|10.00|
2451509|36866|13432|9504132|1816568|2829|1792764|5|7|650|6|42.19|3.38|45.57|10.00|4.22|33.75|4.22|4.22|10.00|
2451327|13187|4212|4171777|295619|3574|1486619|12|20|650|2|27.37|2.19|29.56|10.00|2.74|21.90|2.74|2.74|10.00|
2451154|32053|6042|11334053|1504315|901|5843033|1|20|651|10|82.45|6.60|89.05|10.00|8.25|65.96|8.25|8.25|10.00|
2451232|5772|14785|1569363|230606|2289|2908879|4|21|651|10|92.34|7.39|99.73|10.00|9.23|73.87|9.23|9.23|10.00|
2451463|52644|1845|1352109|306542|1216|4240779|8|20|652|1|6.37|0.51|6.88|10.00|0.64|5.10|0.64|0.64|10.00|
2451084|2982|991|3960147|746158|2723|881886|8|2|652|4|94.62|7.57|102.19|10.00|9.46|75.70|9.46|9.46|10.00|
2451275|64786|4792|1766312|1244278|4233|2815860|7|32|653|2|53.00|4.24|57.24|10.00|5.30|42.40|5.30|5.30|10.00|
2451249|29897|14617|11907115|449106|72|2917887|10|4|653|7|56.87|4.55|61.42|10.00|5.69|45.50|5.69|5.69|10.00|
2450928|46711|4773|6042237|1880396|4523|1851553|8|27|654|8|89.26|7.14|96.40|10.00|8.93|71.41|8.93|8.93|10.00|
2451261|64619|9827|2999638|1836184|884|3104484|8|11|654|8|68.66|5.49|74.15|10.00|6.87|54.93|6.87|6.87|10.00|
2451399|77862|6073|5958275|428126|1567|122519|10|28|655|3|49.04|3.92|52.96|10.00|4.90|39.23|4.90|4.90|10.00|
2451480|29801|11251|398692|1835760|3973|1494918|3|23|655|1|74.63|5.97|80.60|10.00|7.46|59.70|7.46|7.46|10.00|
2451102|34838|11119|5338514|1597178|352|3412595|12|31|656|8|13.31|1.06|14.37|10.00|1.33|10.65|1.33|1.33|10.00|
2451403|15399|6037|2068468|1787118|81|2695652|1|3|656|5|35.93|2.87|38.80|10.00|3.59|28.74|3.59|3.59|10.00|
2451062|75382|14911|7669622|1442754|5330|469158|1|3|657|3|76.63|6.13|82.76|10.00|7.66|61.30|7.66|7.66|10.00|
2451462|10929|3108|1003129|1739133|644|3021018|1|12|657|5|16.13|1.29|17.42|10.00|1.61|12.90|1.61|1.61|10.00|
2450992|53152|4240|11496264|718913|4519|4403659|1|13|658|7|24.75|1.98|26.73|10.00|2.48|19.80|2.48|2.48|10.00|
2451224|61517|14663|2681289|1501538|2333|4000410|5|10|658|6|80.33|6.43|86.76|10.00|8.03|64.26|8.03|8.03|10.00|
2451522|48421|13271|11044213|269776|288|4722930|12|17|659|6|98.41|7.87|106.28|10.00|9.84|78.73|9.84|9.84|10.00|
2451304|71529|1209|4830155|349110|198|2887095|7|26|659|9|26.32|2.11|28.43|10.00|2.63|21.06|2.63|2.63|10.00|
2451399|55267|13219|6452857|1070906|3235|4413692|3|27|660|9|6.66|0.53|7.19|10.00|0.67|5.33|0.67|0.67|10.00|
2451534|70286|2761|276034|1238957|1237|4935998|11|24|660|8|42.85|3.43|46.28|10.00|4.29|34.28|4.29|4.29|10.00|
2451280|31993|7887|8217167|1201027|1480|1582913|6|11|661|10|7.12|0.57|7.69|10.00|0.71|5.70|0.71|0.71|10.00|
2451173|17797|7856|2520174|1407815|6527|5317356|6|10|661|5|51.55|4.12|55.67|10.00|5.16|41.24|5.16|5.16|10.00|
2450910|61035|16384|6675114|1311036|3086|3712421|8|16|662|2|94.87|7.59|102.46|10.00|9.49|75.90|9.49|9.49|10.00|
2451262|60958|13922|122669|933092|6570|3528554|8|34|662|9|51.55|4.12|55.67|10.00|5.16|41.24|5.16|5.16|10.00|
2451145|85515|13590|848555|1351748|6203|5595252|9|29|663|1|38.98|3.12|42.10|10.00|3.90|31.18|3.90|3.90|10.00|
2451241|64403|3478|1949199|1367499|4456|5954455|3|14|663|6|27.61|2.21|29.82|10.00|2.76|22.09|2.76|2.76|10.00|
2451261|34452|15576|10567739|818120|2625|2894189|10|21|664|9|84.00|6.72|90.72|10.00|8.40|67.20|8.40|8.40|10.00|
2451236|2323|9340|5768558|1212649|3228|4640034|11|29|664|5|3.97|0.32|4.29|10.00|0.40|3.18|0.40|0.40|10.00|
2451168|3316|1435|1324059|692411|6181|5544659|9|28|665|4|46.43|3.71|50.14|10.00|4.64|37.14|4.64|4.64|10.00|
2451208|6611|15661|3834864|1115277|2448|3133275|6|24|665|3|82.46|6.60|89.06|10.00|8.25|65.97|8.25|8.25|10.00|
2451189|73634|4735|8207279|842486|177|899687|4|9|666|3|53.62|4.29|57.91|10.00|5.36|42.90|5.36|5.36|10.00|
2451095|32123|3477|3516446|444882|3911|3699935|3|22|666|7|44.13|3.53|47.66|10.00|4.41|35.30|4.41|4.41|10.00|
2450885|53987|4144|2495931|1704759|4431|754859|6|4|667|1|91.47|7.32|98.79|10.00|9.15|73.18|9.15|9.15|10.00|
2451257|20662|6792|220872|1546555|4432|4737130|12|3|667|8|44.98|3.60|48.58|10.00|4.50|35.98|4.50|4.50|10.00|
2451364|9329|2286|3942364|47415|2700|1168417|3|31|668|7|11.77|0.94|12.71|10.00|1.18|9.42|1.18|1.18|10.00|
2451363|46828|9293|3961982|495860|1278|2865775|12|8|668|2|68.80|5.50|74.30|10.00|6.88|55.04|6.88|6.88|10.00|
2451069|42366|17993|5678160|904984|4000|1419307|3|2|669|5|95.16|7.61|102.77|10.00|9.52|76.13|9.52|9.52|10.00|
2451507|67088|1326|9882397|567110|4766|1537420|2|16|669|5|74.04|5.92|79.96|10.00|7.40|59.23|7.40|7.40|10.00|
2451523|75840|17913|1542607|1481627|5053|4865487|7|5|670|7|17.30|1.38|18.68|10.00|1.73|13.84|1.73|1.73|10.00|
2450913|60209|12560|4761114|207400|629|3835714|7|6|670|5|66.33|5.31|71.64|10.00|6.63|53.06|6.63|6.63|10.00|
2451304|20983|13137|3260244|1039439|1268|2151737|7|20|671|4|3.06|0.24|3.30|10.00|0.31|2.45|0.31|0.31|10.00|
2451108|82751|121|9334264|334694|812|5906775|2|3|671|5|80.64|6.45|87.09|10.00|8.06|64.51|8.06|8.06|10.00|
2451148|35590|14033|11637153|747268|1683|1092527|5|25|672|8|99.03|7.92|106.95|10.00|9.90|79.22|9.90|9.90|10.00|
2451266|9130|7364|11302698|1635348|6894|2766163|12|12|672|4|3.94|0.32|4.26|10.00|0.39|3.15|0.39|0.39|10.00|
2451376|48511|8885|4947486|965158|2253|5180063|10|24|673|2|52.03|4.16|56.19|10.00|5.20|41.62|5.20|5.20|10.00|
2451179|56333|8814|1237489|120355|2465|1440907|5|12|673|1|41.66|3.33|44.99|10.00|4.17|33.33|4.17|4.17|10.00|
2451497|35651|3644|3081119|1778046|1864|2486721|10|26|674|6|19.06|1.52|20.58|10.00|1.91|15.25|1.91|1.91|10.00|
2451118|19643|13836|10782222|1277432|666|3874191|11|25|674|1|73.61|5.89|79.50|10.00|7.36|58.89|7.36|7.36|10.00|
2451349|84100|8265|5920293|705159|1084|4278712|4|29|675|7|63.17|5.05|68.22|10.00|6.32|50.54|6.32|6.32|10.00|
2451218|30073|17631|4100657|299993|5489|5336047|10|33|675|7|98.37|7.87|106.24|10.00|9.84|78.70|9.84|9.84|10.00|
2451391|40693|7558|3360816|24800|5230|154476|12|3|676|4|61.89|4.95|66.84|10.00|6.19|49.51|6.19|6.19|10.00|
2451371|56147|8908|8742758|791621|5337|4847728|9|25|676|6|98.70|7.90|106.60|10.00|9.87|78.96|9.87|9.87|10.00|
2451338|7261|4372|8320587|157200|1152|2641499|11|26|677|4|30.71|2.46|33.17|10.00|3.07|24.57|3.07|3.07|10.00|
2451097|75822|8830|2318812|1431207|2529|1770528|4|3|677|9|83.63|6.69|90.32|10.00|8.36|66.90|8.36|8.36|10.00|
2451364|44635|12750|6380787|335839|695|2120560|3|32|678|3|75.33|6.03|81.36|10.00|7.53|60.26|7.53|7.53|10.00|
2450954|35967|3284|1102982|731680|2953|2028756|7|10|678|10|0.00|0.00|0.00|10.00|0.00|0.00|0.00|0.00|10.00|
2451073|58643|12608|9996083|335072|2397|47322|3|7|679|2|22.00|1.76|23.76|10.00|2.20|17.60|2.20|2.20|10.00|
2451228|80764|7069|6158228|1805103|5106|453921|7|26|679|1|93.87|7.51|101.38|10.00|9.39|75.10|9.39|9.39|10.00|
2451317|12660|1775|4711766|748121|1695|3145347|3|26|680|7|63.85|5.11|68.96|10.00|6.39|51.08|6.39|6.39|10.00|
2451284|74225|1935|11544638|1704008|4527|4631266|9|24|680|7|50.89|4.07|54.96|10.00|5.09|40.71|5.09|5.09|10.00|
2451459|8481|13944|11843976|753991|238|3588885|7|22|681|1|63.64|5.09|68.73|10.00|6.36|50.91|6.36|6.36|10.00|
2451486|85399|7769|3744311|1730079|6963|4847468|8|29|681|5|50.41|4.03|54.44|10.00|5.04|40.33|5.04|5.04|10.00|
2450869|45274|16698|786986|165246|5879|2286374|11|14|682|3|43.55|3.48|47.03|10.00|4.35|34.84|4.35|4.35|10.00|
2450868|7472|9062|3373668|727111|250|4038893|9|17|682|9|99.52|7.96|107.48|10.00|9.95|79.62|9.95|9.95|10.00|
2451169|11970|506|8147231|1380564|7106|1100450|6|6|683|8|51.91|4.15|56.06|10.00|5.19|41.53|5.19|5.19|10.00|
2451495|858|4266|1049259|1235608|3860|5519847|6|35|683|5|9.70|0.78|10.48|10.00|0.97|7.76|0.97|0.97|10.00|
2451440|72663|11764|3207163|1314082|4950|682387|8|2|684|1|96.69|7.74|104.43|10.00|9.67|77.35|9.67|9.67|10.00|
2451391|18815|7817|6537437|1029563|5915|2204470|9|20|684|3|27.08|2.17|29.25|10.00|2.71|21.66|2.71|2.71|10.00|
2450857|39414|9776|975622|1498016|2674|422559|4|17|685|5|78.28|6.26|84.54|10.00|7.83|62.62|7.83|7.83|10.00|
2451487|42746|14957|564302|222686|664|818692|3|28|685|3|90.61|7.25|97.86|10.00|9.06|72.49|9.06|9.06|10.00|
2451162|132|9135|2979922|25890|672|5706936|5|27|686|3|55.88|4.47|60.35|10.00|5.59|44.70|5.59|5.59|10.00|
2451178|36734|3485|9862344|1420038|2946|115043|4|28|686|10|16.03|1.28|17.31|10.00|1.60|12.82|1.60|1.60|10.00|
2451040|47112|13747|8477400|1585594|3741|5917819|4|7|687|3|65.92|5.27|71.19|10.00|6.59|52.74|6.59|6.59|10.00|
2450881|1412|8703|391930|817728|4409|4402314|10|28|687|8|96.40|7.71|104.11|10.00|9.64|77.12|9.64|9.64|10.00|
2451151|3022|176|6305160|1672567|1706|1476425|8|31|688|4|21.34|1.71|23.05|10.00|2.13|17.07|2.13|2.13|10.00|
2451487|60833|15624|7692715|592926|1344|5052073|2|8|688|5|16.87|1.35|18.22|10.00|1.69|13.50|1.69|1.69|10.00|
2450956|48660|12334|13584|1861910|5891|3681815|2|30|689|4|16.87|1.35|18.22|10.00|1.69|13.50|1.69|1.69|10.00|
2451309|16244|7339|1308234|986145|576|4555141|5|6|689|6|61.31|4.90|66.21|10.00|6.13|49.05|6.13|6.13|10.00|
2451417|73324|1439|1472801|449512|2451|2005199|1|17|690|1|29.88|2.39|32.27|10.00|2.99|23.90|2.99|2.99|10.00|
2450918|25957|10611|898501|1800373|3364|1137248|2|5|690|4|1.15|0.09|1.24|10.00|0.11|0.92|0.11|0.11|10.00|
2451157|40215|5308|1714233|1920314|1445|4699665|4|33|691|2|49.65|3.97|53.62|10.00|4.96|39.72|4.96|4.96|10.00|
2450960|7366|3602|9231250|1089646|5364|3715157|5|13|691|8|49.98|4.00|53.98|10.00|5.00|39.98|5.00|5.00|10.00|
2451393|86032|3829|8521612|1671304|3326|5967259|6|8|692|2|48.99|3.92|52.91|10.00|4.90|39.19|4.90|4.90|10.00|
2450928|26312|11363|11744782|660221|5099|284447|9|1|692|4|3.97|0.32|4.29|10.00|0.40|3.18|0.40|0.40|10.00|
2450947|50572|10290|837279|1496244|1865|2469674|12|31|693|2|65.88|5.27|71.15|10.00|6.59|52.70|6.59|6.59|10.00|
2451237|77476|5473|3953971|25674|1205|1569679|4|11|693|9|92.31|7.38|99.69|10.00|9.23|73.85|9.23|9.23|10.00|
2451229|61459|5838|2913296|1041645|6351|4612236|12|18|694|1|7.16|0.57|7.73|10.00|0.72|5.73|0.72|0.72|10.00|
2451516|73685|2266|5290869|1630422|2199|4138796|2|20|694|2|53.92|4.31|58.23|10.00|5.39|43.14|5.39|5.39|10.00|
2451540|45162|9265|10657684|1053316|6309|5156650|7|12|695|1|63.45|5.08|68.53|10.00|6.35|50.76|6.35|6.35|10.00|
2451196|48953|2035|3959087|1465033|165|1718720|4|9|695|6|14.61|1.17|15.78|10.00|1.46|11.69|1.46|1.46|10.00|
2451451|68855|7489|4194431|1296229|4314|2219793|10|7|696|4|1.86|0.15|2.01|10.00|0.19|1.49|0.19|0.19|10.00|
2450829|74676|7648|7688895|124099|1004|132663|9|31|696|8|47.40|3.79|51.19|10.00|4.74|37.92|4.74|4.74|10.00|
2450818|78350|2603|9435641|738418|3323|1207370|10|26|697|2|50.20|4.02|54.22|10.00|5.02|40.16|5.02|5.02|10.00|
2450866|63030|12208|8030939|1362765|7039|2981327|9|24|697|7|16.73|1.34|18.07|10.00|1.67|13.38|1.67|1.67|10.00|
2450842|81970|10496|7021223|1341758|2615|5243114|2|24|698|9|52.29|4.18|56.47|10.00|5.23|41.83|5.23|5.23|10.00|
2451273|15390|10874|11043360|629931|6368|1581714|12|25|698|2|42.29|3.38|45.67|10.00|4.23|33.83|4.23|4.23|10.00|
2450879|9638|15942|7858618|1738907|5481|3751872|5|12|699|8|38.66|3.09|41.75|10.00|3.87|30.93|3.87|3.87|10.00|
2450869|15042|3936|5775725|913371|475|2873501|1|4|699|7|49.52|3.96|53.48|10.00|4.95|39.62|4.95|4.95|10.00|
2451271|64629|2058|2371325|573812|6109|3740182|8|14|700|10|97.86|7.83|105.69|10.00|9.79|78.29|9.79|9.79|10.00|
2451097|18592|678|5544991|1036711|3746|5855330|2|7|700|2|90.07|7.21|97.28|10.00|9.01|72.06|9.01|9.01|10.00|
2451215|51598|6011|1034109|1511514|608|4180649|10|18|701|4|93.10|7.45|100.55|10.00|9.31|74.48|9.31|9.31|10.00|
2451528|45137|7913|1279134|818133|4824|7694|6|2|701|4|45.51|3.64|49.15|10.00|4.55|36.41|4.55|4.55|10.00|
2451171|4985|6989|10074364|247315|1325|5510873|2|15|702|3|37.45|3.00|40.45|10.00|3.75|29.96|3.75|3.75|10.00|
2451135|58784|7612|5647116|1205491|1580|4222438|9|35|702|6|50.83|4.07|54.90|10.00|5.08|40.66|5.08|5.08|10.00|
2451476|6444|16398|7102546|1872657|6683|339834|1|20|703|9|74.03|5.92|79.95|10.00|7.40|59.22|7.40|7.40|10.00|
2451341|74268|11007|5505002|1128833|4855|3232875|4|1|703|4|71.12|5.69|76.81|10.00|7.11|56.90|7.11|7.11|10.00|
2451256|204|11345|2171871|1779866|4410|1741625|8|25|704|5|33.67|2.69|36.36|10.00|3.37|26.94|3.37|3.37|10.00|
2450887|12824|4965|3900498|1688997|2173|3124604|10|28|704|5|35.68|2.85|38.53|10.00|3.57|28.54|3.57|3.57|10.00|
2450940|83904|8844|6925929|1070459|4555|4473306|5|26|705|1|64.01|5.12|69.13|10.00|6.40|51.21|6.40|6.40|10.00|
2451350|34736|14480|3207815|1240061|3706|1624966|1|22|705|8|97.69|7.82|105.51|10.00|9.77|78.15|9.77|9.77|10.00|
2451074|81478|15242|10950889|809460|1684|2078345|9|1|706|1|34.69|2.78|37.47|10.00|3.47|27.75|3.47|3.47|10.00|
2450934|29945|5088|4456911|73471|6751|5211417|9|33|706|4|37.69|3.02|40.71|10.00|3.77|30.15|3.77|3.77|10.00|
2450944|83443|15939|2498419|295423|4269|4777215|8|35|707|10|31.44|2.52|33.96|10.00|3.14|25.15|3.14|3.14|10.00|
2450887|31465|17977|7430084|1920416|2004|2216968|7|24|707|9|28.20|2.26|30.46|10.00|2.82|22.56|2.82|2.82|10.00|
2451118|63115|1659|9208851|1338558|1568|1806440|12|8|708|5|4.81|0.38|5.19|10.00|0.48|3.85|0.48|0.48|10.00|
2451155|75736|3462|7719857|1289720|5133|2489580|7|9|708|3|93.78|7.50|101.28|10.00|9.38|75.02|9.38|9.38|10.00|
2450850|18587|7098|8258772|660974|5788|3343310|10|35|709|4|22.26|1.78|24.04|10.00|2.23|17.81|2.23|2.23|10.00|
2451332|83625|14892|9584373|1262708|3288|5307229|6|35|709|1|45.95|3.68|49.63|10.00|4.60|36.76|4.60|4.60|10.00|
2451009|16802|4990|836053|330194|4624|4074005|3|33|710|1|85.89|6.87|92.76|10.00|8.59|68.71|8.59|8.59|10.00|
2451314|1795|14529|10204320|931496|4542|1923830|4|19|710|10|90.10|7.21|97.31|10.00|9.01|72.08|9.01|9.01|10.00|
2451450|43858|5589|6003433|112573|5380|1934747|5|29|711|5|69.05|5.52|74.57|10.00|6.91|55.24|6.91|6.91|10.00|
2451342|23988|7253|10300096|1270835|2448|1903298|10|34|711|1|45.05|3.60|48.65|10.00|4.50|36.04|4.50|4.50|10.00|
2451212|38994|2069|1003643|1910118|4978|4229297|5|8|712|8|80.34|6.43|86.77|10.00|8.03|64.27|8.03|8.03|10.00|
2450966|833|15373|5901875|1452309|754|3854097|12|28|712|4|69.13|5.53|74.66|10.00|6.91|55.30|6.91|6.91|10.00|
2451507|5570|11362|526492|224686|3620|2593242|7|1|713|4|88.82|7.11|95.93|10.00|8.88|71.06|8.88|8.88|10.00|
2450899|52369|16582|752293|233784|1903|1513777|11|28|713|2|79.83|6.39|86.22|10.00|7.98|63.86|7.98|7.98|10.00|
2450850|63074|438|872310|926331|1990|766351|10|35|714|4|60.45|4.84|65.29|10.00|6.05|48.36|6.05|6.05|10.00|
2450856|39918|8129|11525237|188572|4217|1360315|4|2|714|8|74.51|5.96|80.47|10.00|7.45|59.61|7.45|7.45|10.00|
2451530|38460|768|7901393|753540|522|626388|11|33|715|2|29.31|2.34|31.65|10.00|2.93|23.45|2.93|2.93|10.00|
2450841|5786|7933|11738506|1730361|4032|3945217|3|9|715|3|33.45|2.68|36.13|10.00|3.35|26.76|3.35|3.35|10.00|
2451275|57488|8287|7189241|1082450|615|3919651|1|3|716|5|47.88|3.83|51.71|10.00|4.79|38.30|4.79|4.79|10.00|
2451385|77909|89|2112270|804311|6872|5936596|8|22|716|10|62.06|4.96|67.02|10.00|6.21|49.65|6.21|6.21|10.00|
2451163|46537|4291|4556818|1640295|4983|1668379|7|6|717|8|89.11|7.13|96.24|10.00|8.91|71.29|8.91|8.91|10.00|
2450884|35259|4262|7261432|1227545|1114|5798753|12|5|717|4|24.90|1.99|26.89|10.00|2.49|19.92|2.49|2.49|10.00|
2451436|70354|16756|3658463|1587528|4033|5221932|6|29|718|7|10.23|0.82|11.05|10.00|1.02|8.18|1.02|1.02|10.00|
2451232|25404|1892|7018699|1309253|29|331860|2|7|718|4|8.38|0.67|9.05|10.00|0.84|6.70|0.84|0.84|10.00|
2451095|27076|1515|9597670|1817770|6514|3606621|5|3|719|7|85.31|6.82|92.13|10.00|8.53|68.25|8.53|8.53|10.00|
2450854|67016|15650|9568253|1567844|2736|2553043|6|31|719|5|29.17|2.33|31.50|10.00|2.92|23.34|2.92|2.92|10.00|
2451303|78534|16930|2265468|575131|6441|4786730|4|27|720|2|94.93|7.59|102.52|10.00|9.49|75.94|9.49|9.49|10.00|
2451069|74447|8991|10657740|334282|5990|982687|6|7|720|5|64.07|5.13|69.20|10.00|6.41|51.26|6.41|6.41|10.00|
2451161|58845|10694|2955409|223452|5029|3964302|4|18|721|9|72.27|5.78|78.05|10.00|7.23|57.82|7.23|7.23|10.00|
2451502|80002|999|8395248|315548|2134|44385|8|10|721|5|74.45|5.96|80.41|10.00|7.45|59.56|7.45|7.45|10.00|
2451470|40688|12458|3144526|907447|1347|1005933|8|6|722|2|85.12|6.81|91.93|10.00|8.51|68.10|8.51|8.51|10.00|
2450898|23044|9809|2593786|1542469|4842|4883034|9|20|722|3|14.69|1.18|15.87|10.00|1.47|11.75|1.47|1.47|10.00|
2450844|21417|5129|8955448|523817|2847|4930532|3|25|723|5|57.72|4.62|62.34|10.00|5.77|46.18|5.77|5.77|10.00|
2450840|26445|3760|5968635|202587|284|3602257|2|3|723|6|81.29|6.50|87.79|10.00|8.13|65.03|8.13|8.13|10.00|
2451432|47082|4279|10851076|1795298|444|3913152|10|34|724|5|89.41|7.15|96.56|10.00|8.94|71.53|8.94|8.94|10.00|
2451232|56734|9003|906528|43899|1642|1338992|5|7|724|2|5.35|0.43|5.78|10.00|0.54|4.28|0.54|0.54|10.00|
2451012|42095|13489|6918185|834705|2734|3900214|12|16|725|5|41.25|3.30|44.55|10.00|4.12|33.00|4.12|4.12|10.00|
2451083|30516|5325|1187191|1712138|2290|4910209|4|31|725|4|34.45|2.76|37.21|10.00|3.45|27.56|3.45|3.45|10.00|
2451165|64721|3551|9375246|333803|5387|1986129|1|13|726|7|51.60|4.13|55.73|10.00|5.16|41.28|5.16|5.16|10.00|
2451205|82938|15675|10610380|615893|6379|1435253|2|23|726|7|55.34|4.43|59.77|10.00|5.53|44.27|5.53|5.53|10.00|
2451323|64703|17135|10699612|61851|3901|1389239|11|35|727|4|81.94|6.56|88.50|10.00|8.19|65.55|8.19|8.19|10.00|
2451440|58296|2097|10767104|1099646|1131|3858762|6|35|727|8|6.66|0.53|7.19|10.00|0.67|5.33|0.67|0.67|10.00|
2451167|72243|11282|9860224|27094|4677|3367739|2|15|728|8|80.44|6.44|86.88|10.00|8.04|64.35|8.04|8.04|10.00|
2451164|19799|29|5308213|458862|3717|3997803|5|5|728|4|69.97|5.60|75.57|10.00|7.00|55.98|7.00|7.00|10.00|
2451410|43932|5163|2526761|298508|4482|3444467|9|27|729|4|40.98|3.28|44.26|10.00|4.10|32.78|4.10|4.10|10.00|
2451412|48968|15541|3281168|1297720|4899|3238775|8|15|729|7|83.81|6.70|90.51|10.00|8.38|67.05|8.38|8.38|10.00|
2451470|50329|5897|1756698|1520365|960|3083443|1|15|730|5|17.66|1.41|19.07|10.00|1.77|14.13|1.77|1.77|10.00|
2451246|33898|13208|8430030|991129|4900|4377626|3|4|730|9|56.53|4.52|61.05|10.00|5.65|45.22|5.65|5.65|10.00|
2451005|66902|1150|7464250|1117218|2372|626319|4|5|731|9|69.53|5.56|75.09|10.00|6.95|55.62|6.95|6.95|10.00|
2451186|71182|17160|6943071|364766|1380|1679544|4|21|731|6|9.51|0.76|10.27|10.00|0.95|7.61|0.95|0.95|10.00|
2450912|23972|5448|1170312|264408|5715|1710953|2|9|732|7|4.16|0.33|4.49|10.00|0.42|3.33|0.42|0.42|10.00|
2451062|71388|10765|9419146|274325|148|2756878|12|10|732|8|88.40|7.07|95.47|10.00|8.84|70.72|8.84|8.84|10.00|
2450939|68541|2087|5433879|731118|2656|2963320|7|13|733|9|96.04|7.68|103.72|10.00|9.60|76.83|9.60|9.60|10.00|
2451169|69177|6762|5854060|1717496|4208|3901717|1|18|733|5|3.00|0.24|3.24|10.00|0.30|2.40|0.30|0.30|10.00|
2451136|28716|2986|11432079|1555872|5567|3335485|11|7|734|10|80.62|6.45|87.07|10.00|8.06|64.50|8.06|8.06|10.00|
2450907|79094|6665|2309590|1856672|2439|5560414|10|18|734|7|63.83|5.11|68.94|10.00|6.38|51.06|6.38|6.38|10.00|
2450836|6882|12273|9682259|298611|2384|3330007|6|13|735|8|15.25|1.22|16.47|10.00|1.53|12.20|1.53|1.53|10.00|
2451022|42667|7342|198315|656990|2237|307439|4|34|735|8|8.88|0.71|9.59|10.00|0.89|7.10|0.89|0.89|10.00|
2451412|42667|9516|6148020|1769271|6767|1163170|2|29|736|7|20.62|1.65|22.27|10.00|2.06|16.50|2.06|2.06|10.00|
2450949|65654|5663|8181783|1622650|4358|2070494|6|6|736|4|10.73|0.86|11.59|10.00|1.07|8.58|1.07|1.07|10.00|
2451261|30354|6247|9466867|697436|3313|1702464|2|30|737|6|44.07|3.53|47.60|10.00|4.41|35.26|4.41|4.41|10.00|
2450945|77980|1220|845489|1151604|2976|2289587|8|16|737|8|14.34|1.15|15.49|10.00|1.43|11.47|1.43|1.43|10.00|
2450871|15779|538|9275638|1801890|2480|965044|3|22|738|9|42.20|3.38|45.58|10.00|4.22|33.76|4.22|4.22|10.00|
2451277|30655|9419|555997|481269|1934|1077022|10|13|738|3|69.66|5.57|75.23|10.00|6.97|55.73|6.97|6.97|10.00|
2451466|15684|8050|6212767|1301258|2314|2643552|7|23|739|7|17.08|1.37|18.45|10.00|1.71|13.66|1.71|1.71|10.00|
2450883|84116|2989|6612047|1168908|6830|1504622|9|23|739|6|84.71|6.78|91.49|10.00|8.47|67.77|8.47|8.47|10.00|
2451350|27137|5878|9098316|149686|1577|2591774|6|33|740|7|33.40|2.67|36.07|10.00|3.34|26.72|3.34|3.34|10.00|
2451103|48689|9798|6113800|1111901|4722|4404961|7|27|740|6|86.50|6.92|93.42|10.00|8.65|69.20|8.65|8.65|10.00|
2451248|47094|14338|11034039|1446784|497|5927573|5|2|741|2|68.82|5.51|74.33|10.00|6.88|55.06|6.88|6.88|10.00|
2451152|74743|55|7125956|1675705|3066|5751783|5|12|741|9|73.15|5.85|79.00|10.00|7.32|58.52|7.32|7.32|10.00|
2451521|74813|16370|2274418|1550856|6041|2013109|2|32|742|10|94.45|7.56|102.01|10.00|9.45|75.56|9.45|9.45|10.00|
2451400|43300|15391|2763772|285763|7198|3208771|7|29|742|8|36.48|2.92|39.40|10.00|3.65|29.18|3.65|3.65|10.00|
2450816|40161|14545|349438|426358|6436|4457921|10|12|743|9|62.82|5.03|67.85|10.00|6.28|50.26|6.28|6.28|10.00|
2451440|71594|5079|8671060|188206|6740|2116914|2|4|743|9|66.71|5.34|72.05|10.00|6.67|53.37|6.67|6.67|10.00|
2451342|59859|2737|950490|690784|1790|1702818|1|7|744|4|95.06|7.60|102.66|10.00|9.51|76.05|9.51|9.51|10.00|
2450914|42469|1897|10216252|1229995|6167|2788169|4|3|744|10|68.00|5.44|73.44|10.00|6.80|54.40|6.80|6.80|10.00|
2451348|39657|11043|11910960|1379891|1708|51897|1|13|745|8|20.92|1.67|22.59|10.00|2.09|16.74|2.09|2.09|10.00|
2451435|22768|7878|5096562|1285675|6166|5197301|9|6|745|7|48.98|3.92|52.90|10.00|4.90|39.18|4.90|4.90|10.00|
2451505|18234|16714|10061964|964009|4703|3301577|4|2|746|10|45.54|3.64|49.18|10.00|4.55|36.43|4.55|4.55|10.00|
2451287|37668|13984|8464195|1034152|4497|3220232|5|24|746|9|35.72|2.86|38.58|10.00|3.57|28.58|3.57|3.57|10.00|
2451019|20872|6570|10190607|309216|1755|3875124|4|32|747|8|0.37|0.03|0.40|10.00|0.04|0.30|0.04|0.04|10.00|
2451434|59575|8238|1406070|664088|5706|1343120|8|12|747|7|18.86|1.51|20.37|10.00|1.89|15.09|1.89|1.89|10.00|
2451158|21007|2385|5045037|1037630|4436|2583646|4|30|748|8|83.25|6.66|89.91|10.00|8.33|66.60|8.33|8.33|10.00|
2451128|60026|13706|653965|1869864|2239|3369112|2|22|748|3|95.11|7.61|102.72|10.00|9.51|76.09|9.51|9.51|10.00|
2451036|17810|3188|4728712|886244|1529|2361399|5|28|749|2|59.20|4.74|63.94|10.00|5.92|47.36|5.92|5.92|10.00|
2450936|16664|11071|1657153|1435321|5687|5527611|5|1|749|1|61.71|4.94|66.65|10.00|6.17|49.37|6.17|6.17|10.00|
2450927|6752|6549|11514821|912147|5025|1261752|11|24|750|6|73.70|5.90|79.60|10.00|7.37|58.96|7.37|7.37|10.00|
2451245|47106|5978|7475898|1535372|594|1044195|2|34|750|8|83.36|6.67|90.03|10.00|8.34|66.69|8.34|8.34|10.00|
2451378|86120|13055|2558332|447981|5332|2014494|12|20|751|1|3.34|0.27|3.61|10.00|0.33|2.67|0.33|0.33|10.00|
2451422|28848|4684|584596|499783|963|4590130|9|17|751|4|76.37|6.11|82.48|10.00|7.64|61.10|7.64|7.64|10.00|
2451459|36988|7946|1462764|1016824|3321|2112094|1|3|752|7|68.94|5.52|74.46|10.00|6.89|55.15|6.89|6.89|10.00|
2451195|27251|7562|7219673|731662|6286|2445068|11|27|752|1|80.81|6.46|87.27|10.00|8.08|64.65|8.08|8.08|10.00|
2450827|65124|681|10542439|469838|3638|839376|7|26|753|3|54.42|4.35|58.77|10.00|5.44|43.54|5.44|5.44|10.00|
2451196|5083|15876|8995971|434275|5902|4144481|6|18|753|8|7.92|0.63|8.55|10.00|0.79|6.34|0.79|0.79|10.00|
2451448|21516|1656|551604|213057|6705|823094|7|5|754|3|14.82|1.19|16.01|10.00|1.48|11.86|1.48|1.48|10.00|
2451441|33152|6784|3788697|1279844|3317|4157300|9|17|754|2|78.04|6.24|84.28|10.00|7.80|62.43|7.80|7.80|10.00|
2450911|25966|5417|5936246|940468|6882|4056952|10|30|755|5|24.26|1.94|26.20|10.00|2.43|19.41|2.43|2.43|10.00|
2451388|26504|16260|8087480|449155|5898|5245116|7|27|755|4|26.21|2.10|28.31|10.00|2.62|20.97|2.62|2.62|10.00|
2451162|54656|13296|389292|356495|3686|3726266|2|30|756|1|96.48|7.72|104.20|10.00|9.65|77.18|9.65|9.65|10.00|
2451025|6239|12229|4063674|1219181|3570|2454407|7|9|756|4|31.21|2.50|33.71|10.00|3.12|24.97|3.12|3.12|10.00|
2451448|1102|12654|576288|1084461|2880|694867|2|11|757|6|41.93|3.35|45.28|10.00|4.19|33.54|4.19|4.19|10.00|
2451226|20940|6636|5543589|1060593|3071|4552309|3|7|757|5|76.48|6.12|82.60|10.00|7.65|61.18|7.65|7.65|10.00|
2451299|55128|13476|11939264|923660|1983|5307865|4|15|758|10|86.42|6.91|93.33|10.00|8.64|69.14|8.64|8.64|10.00|
2451107|20368|8680|4804406|1670727|3013|4660081|11|24|758|2|93.33|7.47|100.80|10.00|9.33|74.66|9.33|9.33|10.00|
2451310|40747|10332|1415232|914944|2084|199001|4|33|759|4|46.28|3.70|49.98|10.00|4.63|37.02|4.63|4.63|10.00|
2451011|27958|8322|8075328|517771|1916|3837786|1|7|759|9|54.01|4.32|58.33|10.00|5.40|43.21|5.40|5.40|10.00|
2451202|85238|11425|3312646|1462285|2085|3288532|1|26|760|1|69.59|5.57|75.16|10.00|6.96|55.67|6.96|6.96|10.00|
2450928|33076|16814|1146129|647332|5518|5561092|5|11|760|6|57.99|4.64|62.63|10.00|5.80|46.39|5.80|5.80|10.00|
2451461|13569|10347|10266968|1765426|5878|718612|12|26|761|5|9.34|0.75|10.09|10.00|0.93|7.47|0.93|0.93|10.00|
2451097|52612|1966|8480998|396737|888|515282|2|11|761|8|58.78|4.70|63.48|10.00|5.88|47.02|5.88|5.88|10.00|
2450905|54015|16772|1198733|990228|4794|2476212|11|32|762|4|60.79|4.86|65.65|10.00|6.08|48.63|6.08|6.08|10.00|
2451520|82003|2648|6254307|1897976|190|1271479|5|18|762|8|18.95|1.52|20.47|10.00|1.90|15.16|1.90|1.90|10.00|
2451320|41774|10821|9794814|364336|1660|5633645|11|11|763|9|66.84|5.35|72.19|10.00|6.68|53.47|6.68|6.68|10.00|
2451258|14419|14718|7821951|784410|6108|1385997|8|15|763|7|13.09|1.05|14.14|10.00|1.31|10.47|1.31|1.31|10.00|
2451436|52610|8929|688569|516544|2856|977814|9|11|764|7|32.39|2.59|34.98|10.00|3.24|25.91|3.24|3.24|10.00|
2451124|50237|15732|1267628|124741|468|393699|12|13|764|3|66.15|5.29|71.44|10.00|6.62|52.92|6.62|6.62|10.00|
2451273|34879|10523|6907466|337839|3471|2147462|11|29|765|1|60.55|4.84|65.39|10.00|6.05|48.44|6.05|6.05|10.00|
2451054|47473|11603|11162618|865913|2084|1030300|3|6|765|8|74.62|5.97|80.59|10.00|7.46|59.70|7.46|7.46|10.00|
2451349|28590|9047|5170509|720699|4807|419431|3|4|766|8|73.75|5.90|79.65|10.00|7.38|59.00|7.38|7.38|10.00|
2450995|13722|2879|7167189|1850696|5966|1011777|9|7|766|3|51.36|4.11|55.47|10.00|5.14|41.09|5.14|5.14|10.00|
2451336|71604|2314|776585|529088|2419|1456344|1|29|767|9|21.60|1.73|23.33|10.00|2.16|17.28|2.16|2.16|10.00|
2451139|29517|2982|7464420|285229|5806|5532895|4|20|767|6|48.66|3.89|52.55|10.00|4.87|38.93|4.87|4.87|10.00|
2451354|53171|15522|9690587|104865|2434|5937475|6|32|768|4|30.95|2.48|33.43|10.00|3.10|24.76|3.10|3.10|10.00|
2451417|58341|7718|3922332|454555|3897|2890859|10|9|768|9|73.17|5.85|79.02|10.00|7.32|58.54|7.32|7.32|10.00|
2451407|33307|1629|7823113|1761213|2442|4116878|11|19|769|7|35.03|2.80|37.83|10.00|3.50|28.02|3.50|3.50|10.00|
2451349|39554|6738|11670045|978788|2788|5889183|8|13|769|6|43.89|3.51|47.40|10.00|4.39|35.11|4.39|4.39|10.00|
2451503|47834|17650|2432324|679699|510|5466449|10|25|770|2|28.34|2.27|30.61|10.00|2.83|22.67|2.83|2.83|10.00|
2451000|59711|10413|10390944|1267162|5126|628434|12|31|770|6|11.90|0.95|12.85|10.00|1.19|9.52|1.19|1.19|10.00|
2451294|54240|13561|6072559|1294360|5323|5051832|12|23|771|8|77.51|6.20|83.71|10.00|7.75|62.01|7.75|7.75|10.00|
2451388|3102|852|9551895|1084137|5230|1589452|2|28|771|7|54.56|4.36|58.92|10.00|5.46|43.65|5.46|5.46|10.00|
2451282|76833|2000|8285985|1856435|2037|1767289|2|20|772|9|79.86|6.39|86.25|10.00|7.99|63.89|7.99|7.99|10.00|
2450862|38598|929|3447695|1522726|7176|1452607|2|11|772|6|14.68|1.17|15.85|10.00|1.47|11.74|1.47|1.47|10.00|
2450816|37773|16443|11999487|701721|1547|2707720|9|12|773|9|51.05|4.08|55.13|10.00|5.11|40.84|5.11|5.11|10.00|
2450849|67866|11835|5584912|1269726|6684|2871541|10|16|773|7|38.75|3.10|41.85|10.00|3.88|31.00|3.88|3.88|10.00|
2450871|48352|16368|7651357|32866|6876|4276757|7|32|774|3|98.98|7.92|106.90|10.00|9.90|79.18|9.90|9.90|10.00|
2450977|32256|16852|6092867|784382|278|2883352|7|26|774|9|69.82|5.59|75.41|10.00|6.98|55.86|6.98|6.98|10.00|
2450950|10696|7777|2116566|1066869|1671|2710666|4|31|775|5|83.81|6.70|90.51|10.00|8.38|67.05|8.38|8.38|10.00|
2450874|35899|15398|10009419|1292829|4232|4718558|7|12|775|2|91.45|7.32|98.77|10.00|9.15|73.16|9.15|9.15|10.00|
2451460|28676|3874|6824535|1331703|5912|1185368|7|29|776|9|57.27|4.58|61.85|10.00|5.73|45.82|5.73|5.73|10.00|
2451216|13232|14574|1765466|1746553|5173|944327|6|10|776|7|56.47|4.52|60.99|10.00|5.65|45.18|5.65|5.65|10.00|
2450841|76347|4263|11887532|129521|1024|290279|11|24|777|2|44.19|3.54|47.73|10.00|4.42|35.35|4.42|4.42|10.00|
2451329|77188|8341|4565776|263611|3391|667768|10|5|777|9|46.93|3.75|50.68|10.00|4.69|37.54|4.69|4.69|10.00|
2450945|79988|685|4991143|873430|912|3363010|4|22|778|1|76.45|6.12|82.57|10.00|7.65|61.16|7.65|7.65|10.00|
2450950|47997|3694|5018480|1254886|2814|3402595|9|24|778|8|68.49|5.48|73.97|10.00|6.85|54.79|6.85|6.85|10.00|
2451035|53923|5595|1355167|804861|1805|4747570|1|18|779|5|79.68|6.37|86.05|10.00|7.97|63.74|7.97|7.97|10.00|
2451282|23822|12124|2163407|522641|3037|2376755|4|15|779|2|85.31|6.82|92.13|10.00|8.53|68.25|8.53|8.53|10.00|
2451384|18866|8581|11831457|1689257|456|5541462|3|11|780|1|70.78|5.66|76.44|10.00|7.08|56.62|7.08|7.08|10.00|
2451280|65420|1679|624359|422155|6976|5910572|11|11|780|8|95.03|7.60|102.63|10.00|9.50|76.02|9.50|9.50|10.00|
2450945|13373|8346|10910133|1055086|6180|3835049|4|34|781|1|62.70|5.02|67.72|10.00|6.27|50.16|6.27|6.27|10.00|
2451332|65505|5786|2819959|83286|855|3258712|9|25|781|3|88.74|7.10|95.84|10.00|8.87|70.99|8.87|8.87|10.00|
2451186|38727|3044|11318340|530367|5032|5127898|9|9|782|10|80.70|6.46|87.16|10.00|8.07|64.56|8.07|8.07|10.00|
2451478|33679|2057|9564429|745465|5160|77639|2|21|782|5|53.21|4.26|57.47|10.00|5.32|42.57|5.32|5.32|10.00|
2451413|67369|16206|3079982|1059845|3056|5606470|11|13|783|6|10.61|0.85|11.46|10.00|1.06|8.49|1.06|1.06|10.00|
2450990|83180|666|7816779|1047927|7115|3665542|1|29|783|1|27.29|2.18|29.47|10.00|2.73|21.83|2.73|2.73|10.00|
2451408|2695|13579|6995821|274432|3959|4931779|6|5|784|4|51.58|4.13|55.71|10.00|5.16|41.26|5.16|5.16|10.00|
2451380|46705|17467|11931139|1285943|1157|4807630|2|28|784|7|13.73|1.10|14.83|10.00|1.37|10.98|1.37|1.37|10.00|
2450909|67888|13609|8080469|68394|539|4383000|4|34|785|1|64.59|5.17|69.76|10.00|6.46|51.67|6.46|6.46|10.00|
2451513|10287|8854|5653827|1218747|1444|4402664|1|27|785|4|43.90|3.51|47.41|10.00|4.39|35.12|4.39|4.39|10.00|
2450950|47506|6130|11605004|707821|2295|2207590|5|32|786|9|27.77|2.22|29.99|10.00|2.78|22.22|2.78|2.78|10.00|
2451116|26689|16012|6427176|736241|2830|2770205|2|26|786|2|81.24|6.50|87.74|10.00|8.12|64.99|8.12|8.12|10.00|
2451120|75446|16889|5205036|1115225|238|614126|5|33|787|10|80.37|6.43|86.80|10.00|8.04|64.30|8.04|8.04|10.00|
2451092|13166|636|6746910|140042|3714|4487252|10|15|787|5|18.14|1.45|19.59|10.00|1.81|14.51|1.81|1.81|10.00|
2450874|29978|1322|5552508|174572|655|5752413|6|33|788|2|19.21|1.54|20.75|10.00|1.92|15.37|1.92|1.92|10.00|
2450875|57885|12480|7565433|1324915|4983|2442999|8|22|788|1|20.12|1.61|21.73|10.00|2.01|16.10|2.01|2.01|10.00|
2451314|23151|14074|6895737|1461093|6596|1483726|8|17|789|7|13.05|1.04|14.09|10.00|1.31|10.44|1.31|1.31|10.00|
2451506|43009|12290|1262240|349002|884|5035558|10|24|789|4|29.24|2.34|31.58|10.00|2.92|23.39|2.92|2.92|10.00|
2451282|82207|1476|2161395|309167|137|1218535|7|22|790|1|37.17|2.97|40.14|10.00|3.72|29.74|3.72|3.72|10.00|
2450888|31038|17906|506239|272582|2698|1053193|11|10|790|2|73.25|5.86|79.11|10.00|7.33|58.60|7.33|7.33|10.00|
2451537|76363|3190|10553234|688913|6552|2852230|3|12|791|7|10.27|0.82|11.09|10.00|1.03|8.22|1.03|1.03|10.00|
2451358|80075|11134|3524815|1791250|5626|2633761|8|7|791|10|87.04|6.96|94.00|10.00|8.70|69.63|8.70|8.70|10.00|
2450966|80197|17261|1935227|1438038|3651|5028595|8|2|792|10|70.23|5.62|75.85|10.00|7.02|56.18|7.02|7.02|10.00|
2450918|38424|13877|6899688|677584|5649|1424925|6|31|792|4|26.88|2.15|29.03|10.00|2.69|21.50|2.69|2.69|10.00|
2451115|75966|17173|885201|1701774|3760|1954736|4|34|793|5|46.11|3.69|49.80|10.00|4.61|36.89|4.61|4.61|10.00|
2451241|68394|11459|7813522|1654848|1661|5839698|12|3|793|1|17.19|1.38|18.57|10.00|1.72|13.75|1.72|1.72|10.00|
2450980|69733|14746|10234129|468790|5602|3050445|7|32|794|7|29.13|2.33|31.46|10.00|2.91|23.30|2.91|2.91|10.00|
2451293|55827|10579|6559389|1012211|4490|2745976|3|6|794|6|16.10|1.29|17.39|10.00|1.61|12.88|1.61|1.61|10.00|
2451503|66589|5241|10702677|1753420|1814|1866967|2|4|795|1|39.21|3.14|42.35|10.00|3.92|31.37|3.92|3.92|10.00|
2450816|61648|6153|8607428|1681592|5409|5199922|4|12|795|2|91.14|7.29|98.43|10.00|9.11|72.91|9.11|9.11|10.00|
2451377|5073|5829|889008|225611|6989|5037324|12|20|796|2|14.68|1.17|15.85|10.00|1.47|11.74|1.47|1.47|10.00|
2451052|12290|14884|4515667|1202560|3550|2135028|4|19|796|5|3.60|0.29|3.89|10.00|0.36|2.88|0.36|0.36|10.00|
2450821|33394|12216|8930312|802368|2307|5410441|2|17|797|2|55.42|4.43|59.85|10.00|5.54|44.34|5.54|5.54|10.00|
2451460|36857|4654|11873525|282649|4611|4970180|1|1|797|4|99.06|7.92|106.98|10.00|9.91|79.25|9.91|9.91|10.00|
2451133|82260|13733|2214308|314628|5257|2224436|9|31|798|1|28.21|2.26|30.47|10.00|2.82|22.57|2.82|2.82|10.00|
2451330|47393|3611|7698135|1172702|4912|2021116|11|26|798|6|69.36|5.55|74.91|10.00|6.94|55.49|6.94|6.94|10.00|
2451486|72927|17514|3077933|326657|2561|1764988|5|4|799|10|76.44|6.12|82.56|10.00|7.64|61.15|7.64|7.64|10.00|
2451050|33244|14352|639024|747677|169|4421155|6|11|799|4|18.88|1.51|20.39|10.00|1.89|15.10|1.89|1.89|10.00|
2450961|8495|3738|7215913|835381|3644|3353191|9|23|800|8|15.85|1.27|17.12|10.00|1.58|12.68|1.58|1.58|10.00|
2451434|53528|9164|7140029|718056|5397|1823910|11|17|800|10|24.89|1.99|26.88|10.00|2.49|19.91|2.49|2.49|10.00|
2450994|45337|7250|8804401|920834|3279|1560369|8|24|801|9|16.14|1.29|17.43|10.00|1.61|12.91|1.61|1.61|10.00|
2451007|56012|12950|6849700|1007645|873|496899|9|15|801|9|58.71|4.70|63.41|10.00|5.87|46.97|5.87|5.87|10.00|
2451227|5689|9086|3429141|719209|6284|1134117|3|24|802|7|57.62|4.61|62.23|10.00|5.76|46.10|5.76|5.76|10.00|
2451170|50728|7884|4494033|616712|6856|1546241|12|15|802|9|44.05|3.52|47.57|10.00|4.41|35.24|4.41|4.41|10.00|
2450875|77771|14271|9648549|1107343|5102|1425319|7|18|803|8|18.45|1.48|19.93|10.00|1.84|14.76|1.84|1.84|10.00|
2451347|83931|3559|9344829|377304|4942|2206901|2|33|803|10|32.48|2.60|35.08|10.00|3.25|25.98|3.25|3.25|10.00|
2450897|68942|1891|10713258|1298287|1958|2699134|6|11|804|8|3.39|0.27|3.66|10.00|0.34|2.71|0.34|0.34|10.00|
2451015|75625|1733|6862751|1183658|4671|1861703|12|5|804|4|13.54|1.08|14.62|10.00|1.35|10.83|1.35|1.35|10.00|
2450976|81659|6539|9800437|325218|5889|592551|10|13|805|9|9.25|0.74|9.99|10.00|0.93|7.40|0.93|0.93|10.00|
2451367|70693|5746|9079301|1337421|5975|3700433|6|1|805|10|56.03|4.48|60.51|10.00|5.60|44.82|5.60|5.60|10.00|
2451337|28366|6005|3762458|1716143|2899|1728538|7|17|806|6|55.54|4.44|59.98|10.00|5.55|44.43|5.55|5.55|10.00|
2451270|79329|12850|6661926|1744039|158|1357464|6|30|806|5|14.44|1.16|15.60|10.00|1.44|11.55|1.44|1.44|10.00|
2450919|52909|10180|3993112|570452|6810|659758|10|35|807|10|8.43|0.67|9.10|10.00|0.84|6.74|0.84|0.84|10.00|
2451168|54760|5760|1091080|407947|2139|5959026|7|10|807|4|74.85|5.99|80.84|10.00|7.48|59.88|7.48|7.48|10.00|
2451001|12457|5157|5910029|1006801|4370|1952692|6|11|808|4|23.44|1.88|25.32|10.00|2.34|18.75|2.34|2.34|10.00|
2450921|79311|12663|8291114|713221|5960|5037025|1|5|808|9|12.88|1.03|13.91|10.00|1.29|10.30|1.29|1.29|10.00|
2450990|27936|16338|6395808|1161213|3566|345274|2|2|809|9|39.43|3.15|42.58|10.00|3.94|31.54|3.94|3.94|10.00|
2450904|57185|6000|11882634|180236|7145|5070876|12|8|809|1|65.45|5.24|70.69|10.00|6.55|52.36|6.55|6.55|10.00|
2451239|55994|10894|2033043|703837|5469|4645126|1|10|810|2|27.98|2.24|30.22|10.00|2.80|22.38|2.80|2.80|10.00|
2450852|30381|8648|4911379|1337441|3130|2486221|10|17|810|10|88.51|7.08|95.59|10.00|8.85|70.81|8.85|8.85|10.00|
2451221|16796|9679|4794844|979734|7069|3556088|5|31|811|8|16.48|1.32|17.80|10.00|1.65|13.18|1.65|1.65|10.00|
2451539|8213|10821|6485256|779367|226|3831960|11|10|811|2|30.59|2.45|33.04|10.00|3.06|24.47|3.06|3.06|10.00|
2451202|18981|11014|4376827|1343821|2477|2159001|10|12|812|1|70.04|5.60|75.64|10.00|7.00|56.03|7.00|7.00|10.00|
2450952|13004|2284|9829152|1847901|2767|1628929|6|14|812|8|52.94|4.24|57.18|10.00|5.29|42.35|5.29|5.29|10.00|
2450995|41415|15684|7635116|664206|3140|679466|2|29|813|2|68.72|5.50|74.22|10.00|6.87|54.98|6.87|6.87|10.00|
2451198|49759|386|8190498|216600|126|2544394|12|8|813|9|35.17|2.81|37.98|10.00|3.52|28.14|3.52|3.52|10.00|
2450944|53047|16762|11798910|1386429|7055|5739089|4|30|814|1|39.08|3.13|42.21|10.00|3.91|31.26|3.91|3.91|10.00|
2451073|47755|1683|1091005|1120739|3853|1773845|5|21|814|9|88.32|7.07|95.39|10.00|8.83|70.66|8.83|8.83|10.00|
2451197|83638|4774|8549228|1666201|2776|802124|2|20|815|6|45.27|3.62|48.89|10.00|4.53|36.22|4.53|4.53|10.00|
2451539|63230|5432|4972992|186995|4807|1045813|11|14|815|9|23.90|1.91|25.81|10.00|2.39|19.12|2.39|2.39|10.00|
2451125|28792|7980|6089381|1696503|414|1195824|4|9|816|6|0.02|0.00|0.02|10.00|0.00|0.02|0.00|0.00|10.00|
2451518|23646|14309|9367560|345691|1275|3487234|1|21|816|8|21.09|1.69|22.78|10.00|2.11|16.87|2.11|2.11|10.00|
2450921|27069|4481|667992|1857075|208|3136128|8|18|817|4|36.12|2.89|39.01|10.00|3.61|28.90|3.61|3.61|10.00|
2450829|77913|16096|3276378|965721|5974|5179346|1|2|817|8|89.66|7.17|96.83|10.00|8.97|71.73|8.97|8.97|10.00|
2451333|49562|10965|11212339|192016|3354|399369|1|4|818|7|11.55|0.92|12.47|10.00|1.16|9.24|1.16|1.16|10.00|
2451348|60374|17214|7576079|34661|5131|1705760|8|5|818|7|60.07|4.81|64.88|10.00|6.01|48.06|6.01|6.01|10.00|
2451341|2913|10985|1884950|349909|4084|4526620|5|9|819|2|38.08|3.05|41.13|10.00|3.81|30.46|3.81|3.81|10.00|
2451513|25491|607|11315019|1731980|3603|2318482|2|7|819|3|7.71|0.62|8.33|10.00|0.77|6.17|0.77|0.77|10.00|
2451301|37039|964|9177254|520546|471|539582|7|9|820|9|96.91|7.75|104.66|10.00|9.69|77.53|9.69|9.69|10.00|
2451475|2131|289|6962216|348491|6212|4841474|5|30|820|7|39.28|3.14|42.42|10.00|3.93|31.42|3.93|3.93|10.00|
2451151|32856|8707|2036484|292874|469|1940089|3|1|821|10|5.98|0.48|6.46|10.00|0.60|4.78|0.60|0.60|10.00|
2451064|66667|4051|11526371|493122|214|4990390|12|2|821|10|61.36|4.91|66.27|10.00|6.14|49.09|6.14|6.14|10.00|
2450954|34125|16172|4769454|621485|2356|2726991|10|11|822|3|30.58|2.45|33.03|10.00|3.06|24.46|3.06|3.06|10.00|
2451208|77843|13610|11226366|736462|6516|3219678|1|19|822|10|50.97|4.08|55.05|10.00|5.10|40.78|5.10|5.10|10.00|
2450947|33543|6330|9572726|204937|84|2269591|10|32|823|6|60.40|4.83|65.23|10.00|6.04|48.32|6.04|6.04|10.00|
2451373|40304|8543|5284268|829300|3241|4703076|8|27|823|3|95.93|7.67|103.60|10.00|9.59|76.74|9.59|9.59|10.00|
2451192|22994|16116|9228844|1361258|1135|1052592|11|27|824|1|4.48|0.36|4.84|10.00|0.45|3.58|0.45|0.45|10.00|
2451393|40596|17871|1635836|1011265|989|267033|5|35|824|5|37.15|2.97|40.12|10.00|3.71|29.72|3.71|3.71|10.00|
2451353|66148|8358|6155021|1222453|6739|1251837|1|7|825|10|64.88|5.19|70.07|10.00|6.49|51.90|6.49|6.49|10.00|
2451538|39233|16819|6295273|1191726|933|977581|11|23|825|9|75.10|6.01|81.11|10.00|7.51|60.08|7.51|7.51|10.00|
2451272|53904|10346|6279737|636128|4658|1275575|1|23|826|10|54.73|4.38|59.11|10.00|5.47|43.78|5.47|5.47|10.00|
2451395|53540|508|413720|554973|2685|1949602|4|9|826|6|45.87|3.67|49.54|10.00|4.59|36.70|4.59|4.59|10.00|
2451284|74361|15135|11645356|1832868|3918|1472850|7|31|827|8|62.34|4.99|67.33|10.00|6.23|49.87|6.23|6.23|10.00|
2451168|60444|7097|8265266|1838037|6638|4249715|7|30|827|9|16.20|1.30|17.50|10.00|1.62|12.96|1.62|1.62|10.00|
2451514|7929|17323|8785122|581393|6219|2852392|2|11|828|3|48.14|3.85|51.99|10.00|4.81|38.51|4.81|4.81|10.00|
2451284|85790|14993|8890416|1501824|3433|796918|6|19|828|6|9.45|0.76|10.21|10.00|0.94|7.56|0.94|0.94|10.00|
2451420|76621|11703|3400625|1882085|4862|348678|10|35|829|10|48.80|3.90|52.70|10.00|4.88|39.04|4.88|4.88|10.00|
2450969|32015|16764|9724494|148820|1273|2326554|8|31|829|2|91.20|7.30|98.50|10.00|9.12|72.96|9.12|9.12|10.00|
2451076|79674|6849|2507457|1908930|4476|4729668|2|33|830|4|19.72|1.58|21.30|10.00|1.97|15.78|1.97|1.97|10.00|
2451245|81660|588|8476425|121517|6491|4565465|4|33|830|8|74.84|5.99|80.83|10.00|7.48|59.87|7.48|7.48|10.00|
2451517|32012|6592|9729889|488988|6640|4608394|9|3|831|5|54.02|4.32|58.34|10.00|5.40|43.22|5.40|5.40|10.00|
2450839|52220|2003|4149926|1477829|291|3401161|10|23|831|1|25.29|2.02|27.31|10.00|2.53|20.23|2.53|2.53|10.00|
2451303|41308|2006|2901288|1455633|3400|5576875|1|32|832|2|54.34|4.35|58.69|10.00|5.43|43.47|5.43|5.43|10.00|
2451353|75753|10206|1744610|1507571|4029|2519550|1|3|832|9|9.40|0.75|10.15|10.00|0.94|7.52|0.94|0.94|10.00|
2450841|55089|7136|9827957|352774|6853|5940934|8|27|833|8|7.27|0.58|7.85|10.00|0.73|5.82|0.73|0.73|10.00|
2451495|10317|6441|5617673|531699|1882|2103014|7|9|833|5|82.75|6.62|89.37|10.00|8.28|66.20|8.28|8.28|10.00|
2450872|43815|14452|8958215|46267|4779|2926789|10|35|834|5|75.19|6.02|81.21|10.00|7.52|60.15|7.52|7.52|10.00|
2451061|22917|7994|10122535|1234054|6525|1703545|6|3|834|8|2.74|0.22|2.96|10.00|0.27|2.19|0.27|0.27|10.00|
2451208|49429|9222|9924628|1054758|5664|2285478|3|28|835|7|2.76|0.22|2.98|10.00|0.28|2.21|0.28|0.28|10.00|
2451313|45121|17795|600792|1407972|726|1971969|9|13|835|6|88.18|7.05|95.23|10.00|8.82|70.54|8.82|8.82|10.00|
2450835|9195|13811|3263104|1286990|2945|2751583|6|16|836|6|58.23|4.66|62.89|10.00|5.82|46.58|5.82|5.82|10.00|
2451082|62939|12347|7880225|870799|2052|4408689|12|2|836|2|73.84|5.91|79.75|10.00|7.38|59.07|7.38|7.38|10.00|
2451500|42276|16851|10798589|343618|1929|2201354|7|17|837|1|30.49|2.44|32.93|10.00|3.05|24.39|3.05|3.05|10.00|
2451020|31905|8400|8406832|1814479|425|5118908|1|4|837|9|59.45|4.76|64.21|10.00|5.95|47.56|5.95|5.95|10.00|
2450962|15480|107|3405580|1050911|6888|4421855|7|20|838|9|88.86|7.11|95.97|10.00|8.89|71.09|8.89|8.89|10.00|
2450964|35324|8077|9791089|1626418|7171|4812429|10|21|838|2|64.27|5.14|69.41|10.00|6.43|51.42|6.43|6.43|10.00|
2451523|49563|10386|2928657|249257|846|3009339|2|34|839|4|90.03|7.20|97.23|10.00|9.00|72.02|9.00|9.00|10.00|
2451041|84472|15050|2126083|972876|4424|5147448|4|12|839|2|27.23|2.18|29.41|10.00|2.72|21.78|2.72|2.72|10.00|
2451302|53421|5675|5107994|191198|6930|1079060|3|11|840|6|83.55|6.68|90.23|10.00|8.36|66.84|8.36|8.36|10.00|
2451428|25967|3033|2399634|1206828|3098|5736878|3|15|840|5|5.14|0.41|5.55|10.00|0.51|4.11|0.51|0.51|10.00|
2451219|34439|1367|11340393|1399703|1204|478950|2|19|841|1|40.36|3.23|43.59|10.00|4.04|32.29|4.04|4.04|10.00|
2451367|36494|6114|5093461|600592|3916|3423743|9|31|841|2|43.04|3.44|46.48|10.00|4.30|34.43|4.30|4.30|10.00|
2450999|54002|9238|11062629|802236|5317|5932806|3|2|842|1|39.54|3.16|42.70|10.00|3.95|31.63|3.95|3.95|10.00|
2451225|4641|16152|73714|586842|4189|5042459|4|2|842|7|29.79|2.38|32.17|10.00|2.98|23.83|2.98|2.98|10.00|
2451531|14903|8632|10277274|864449|6272|4214637|8|13|843|2|70.55|5.64|76.19|10.00|7.05|56.44|7.05|7.05|10.00|
2450957|55031|1689|10038985|87573|762|5261133|3|32|843|3|46.10|3.69|49.79|10.00|4.61|36.88|4.61|4.61|10.00|
2451333|31528|11852|4917538|1641022|2937|2328254|10|5|844|5|55.13|4.41|59.54|10.00|5.51|44.10|5.51|5.51|10.00|
2451418|67349|9641|1854469|913707|3037|5725081|6|18|844|2|80.71|6.46|87.17|10.00|8.07|64.57|8.07|8.07|10.00|
2450984|7373|10085|5081495|224797|1879|3474538|7|3|845|9|71.01|5.68|76.69|10.00|7.10|56.81|7.10|7.10|10.00|
2451519|60923|9791|6935167|1702298|2190|5741275|12|3|845|9|30.81|2.46|33.27|10.00|3.08|24.65|3.08|3.08|10.00|
2451505|3980|3033|504208|1276580|6910|2917086|3|5|846|3|48.67|3.89|52.56|10.00|4.87|38.94|4.87|4.87|10.00|
2450936|3422|12324|8930892|508174|1355|1483890|1|32|846|1|72.73|5.82|78.55|10.00|7.27|58.18|7.27|7.27|10.00|
2450853|24295|622|3538768|926104|4689|4749392|1|22|847|3|0.81|0.06|0.87|10.00|0.08|0.65|0.08|0.08|10.00|
2450980|58598|5566|8385455|458393|4781|4395254|5|34|847|9|75.81|6.06|81.87|10.00|7.58|60.65|7.58|7.58|10.00|
2451008|2883|11041|5071658|1665458|897|5362973|7|2|848|4|45.55|3.64|49.19|10.00|4.55|36.44|4.55|4.55|10.00|
2450903|62584|11915|3038553|363890|5613|1500620|10|14|848|7|26.06|2.08|28.14|10.00|2.61|20.85|2.61|2.61|10.00|
2451093|58822|16278|2922671|1091492|1767|610564|2|22|849|4|81.08|6.49|87.57|10.00|8.11|64.86|8.11|8.11|10.00|
2451267|56276|10269|5546454|688677|876|5479249|6|5|849|8|50.40|4.03|54.43|10.00|5.04|40.32|5.04|5.04|10.00|
2451357|8290|15532|8115869|431317|3943|539135|11|8|850|4|24.19|1.94|26.13|10.00|2.42|19.35|2.42|2.42|10.00|
2451392|30629|5315|1840432|1841736|4017|5369957|10|27|850|5|41.71|3.34|45.05|10.00|4.17|33.37|4.17|4.17|10.00|
2451257|79880|10728|10163475|1026524|5297|2793066|1|34|851|2|23.86|1.91|25.77|10.00|2.39|19.09|2.39|2.39|10.00|
2451426|29850|285|2044993|1724607|4701|3897389|4|30|851|5|55.95|4.48|60.43|10.00|5.60|44.76|5.60|5.60|10.00|
2450845|51730|2864|6117373|664918|2355|277251|9|32|852|9|36.31|2.90|39.21|10.00|3.63|29.05|3.63|3.63|10.00|
2451405|25709|4528|10817878|549770|4076|5579354|12|9|852|1|66.54|5.32|71.86|10.00|6.65|53.23|6.65|6.65|10.00|
2451358|74|14370|5516731|1178896|5907|1124405|3|17|853|1|80.12|6.41|86.53|10.00|8.01|64.10|8.01|8.01|10.00|
2451252|6654|16510|1915461|454047|2190|2747867|12|13|853|8|19.01|1.52|20.53|10.00|1.90|15.21|1.90|1.90|10.00|
2451448|26886|13841|557008|1087803|7149|3743694|8|31|854|4|71.15|5.69|76.84|10.00|7.12|56.92|7.12|7.12|10.00|
2451178|36368|9915|6679941|180255|2585|487520|8|28|854|2|82.51|6.60|89.11|10.00|8.25|66.01|8.25|8.25|10.00|
2451175|25855|7034|6303908|1770498|6085|4073217|2|1|855|4|21.19|1.70|22.89|10.00|2.12|16.95|2.12|2.12|10.00|
2451501|27016|2554|7904312|1105946|3843|1949841|3|24|855|2|27.83|2.23|30.06|10.00|2.78|22.26|2.78|2.78|10.00|
2451234|7993|3753|7100125|1681234|651|2484617|4|29|856|9|93.78|7.50|101.28|10.00|9.38|75.02|9.38|9.38|10.00|
2451509|76095|10310|3714308|1329802|2999|666928|12|20|856|4|1.10|0.09|1.19|10.00|0.11|0.88|0.11|0.11|10.00|
2450987|56010|6252|10968196|59916|3535|2949255|10|35|857|2|47.78|3.82|51.60|10.00|4.78|38.22|4.78|4.78|10.00|
2450970|39007|1505|9313739|762012|4368|1987854|9|20|857|4|2.46|0.20|2.66|10.00|0.25|1.97|0.25|0.25|10.00|
2451177|20819|15450|4272214|1535829|716|1851549|7|35|858|3|70.50|5.64|76.14|10.00|7.05|56.40|7.05|7.05|10.00|
2451098|65190|6522|7795677|1378364|2574|2120685|5|10|858|10|27.28|2.18|29.46|10.00|2.73|21.82|2.73|2.73|10.00|
2450862|11558|13127|9640244|1204247|3121|2069064|6|25|859|10|21.71|1.74|23.45|10.00|2.17|17.37|2.17|2.17|10.00|
2451264|31401|12749|9983750|1832660|5990|2627594|1|34|859|7|23.79|1.90|25.69|10.00|2.38|19.03|2.38|2.38|10.00|
2451145|69462|14887|2833811|1434018|4229|136959|3|6|860|3|36.21|2.90|39.11|10.00|3.62|28.97|3.62|3.62|10.00|
2450943|16623|5586|10068461|1497268|5418|5341876|5|19|860|1|59.64|4.77|64.41|10.00|5.96|47.71|5.96|5.96|10.00|
2451168|84551|5130|145413|452838|7163|2958528|4|29|861|9|68.21|5.46|73.67|10.00|6.82|54.57|6.82|6.82|10.00|
2450941|43848|5983|5455016|347040|1593|5299333|5|12|861|8|93.53|7.48|101.01|10.00|9.35|74.82|9.35|9.35|10.00|
2451411|57492|8546|4047243|295660|893|3509805|10|9|862|3|89.00|7.12|96.12|10.00|8.90|71.20|8.90|8.90|10.00|
2451509|70969|12925|8390709|298134|4332|3925397|2|6|862|7|67.01|5.36|72.37|10.00|6.70|53.61|6.70|6.70|10.00|
2451025|302|9538|2105751|346526|4448|1803400|12|23|863|3|70.74|5.66|76.40|10.00|7.07|56.59|7.07|7.07|10.00|
2450840|47314|10045|5021229|284329|4845|2731177|2|3|863|7|2.30|0.18|2.48|10.00|0.23|1.84|0.23|0.23|10.00|
2450972|66363|1992|5391735|933517|5546|1510236|1|16|864|2|58.26|4.66|62.92|10.00|5.83|46.61|5.83|5.83|10.00|
2450854|72331|5032|168454|1836062|1327|463169|1|9|864|4|44.98|3.60|48.58|10.00|4.50|35.98|4.50|4.50|10.00|
2451455|28624|6333|4879753|628676|1022|4414698|2|20|865|10|25.60|2.05|27.65|10.00|2.56|20.48|2.56|2.56|10.00|
2450973|21264|9740|10706864|1068439|910|441491|11|8|865|5|33.59|2.69|36.28|10.00|3.36|26.87|3.36|3.36|10.00|
2450862|67595|5115|5785944|1549528|1532|5577478|7|34|866|3|70.72|5.66|76.38|10.00|7.07|56.58|7.07|7.07|10.00|
2451291|16710|6312|910431|1570825|1115|3297582|3|10|866|7|97.19|7.78|104.97|10.00|9.72|77.75|9.72|9.72|10.00|
2451179|46486|6680|9015586|115203|31|1528029|3|11|867|7|43.39|3.47|46.86|10.00|4.34|34.71|4.34|4.34|10.00|
2451262|3903|13520|8840159|938010|1796|2648236|8|20|867|7|32.74|2.62|35.36|10.00|3.27|26.19|3.27|3.27|10.00|
2451486|61995|1514|3936875|1609826|2675|2510191|2|20|868|10|95.19|7.62|102.81|10.00|9.52|76.15|9.52|9.52|10.00|
2451402|38528|7274|4753169|274610|4783|206697|4|3|868|4|62.78|5.02|67.80|10.00|6.28|50.22|6.28|6.28|10.00|
2451513|2779|2696|10361512|528389|3535|5626938|11|4|869|3|15.42|1.23|16.65|10.00|1.54|12.34|1.54|1.54|10.00|
2451173|20251|5470|10944772|1575435|5614|1706477|12|32|869|4|46.58|3.73|50.31|10.00|4.66|37.26|4.66|4.66|10.00|
2451074|25187|10254|1550872|1645120|2314|3623504|9|16|870|10|49.98|4.00|53.98|10.00|5.00|39.98|5.00|5.00|10.00|
2451236|76988|7932|8505348|1529622|147|2517553|4|5|870|2|43.64|3.49|47.13|10.00|4.36|34.91|4.36|4.36|10.00|
2451242|64388|1747|11394663|1125269|386|4963571|4|27|871|3|71.90|5.75|77.65|10.00|7.19|57.52|7.19|7.19|10.00|
2450943|44630|5327|6024572|767754|5008|1147703|11|10|871|3|95.15|7.61|102.76|10.00|9.52|76.12|9.52|9.52|10.00|
2450920|39013|11609|9441630|870863|6616|1401397|2|24|872|5|90.43|7.23|97.66|10.00|9.04|72.34|9.04|9.04|10.00|
2450976|74610|9344|1238665|1813205|1880|3038876|11|25|872|8|55.53|4.44|59.97|10.00|5.55|44.42|5.55|5.55|10.00|
2450974|85613|8143|5637561|1403795|891|1158070|1|23|873|2|44.09|3.53|47.62|10.00|4.41|35.27|4.41|4.41|10.00|
2451116|84662|12819|5656196|1340688|951|1081229|10|29|873|10|11.40|0.91|12.31|10.00|1.14|9.12|1.14|1.14|10.00|
2451357|14347|415|10827117|1711376|4574|448704|4|34|874|8|6.64|0.53|7.17|10.00|0.66|5.31|0.66|0.66|10.00|
2450986|36631|1908|4187466|1344924|1041|4503774|7|19|874|10|95.64|7.65|103.29|10.00|9.56|76.51|9.56|9.56|10.00|
2451373|25672|5085|6990649|1709252|6595|3602116|7|10|875|8|16.32|1.31|17.63|10.00|1.63|13.06|1.63|1.63|10.00|
2451415|9694|3762|7635841|1033809|6302|1913339|3|16|875|9|59.38|4.75|64.13|10.00|5.94|47.50|5.94|5.94|10.00|
2451255|3705|4513|11316311|1191681|164|5650833|1|26|876|1|50.10|4.01|54.11|10.00|5.01|40.08|5.01|5.01|10.00|
2450853|7574|16740|248624|532459|3728|3864382|4|17|876|5|36.85|2.95|39.80|10.00|3.69|29.48|3.69|3.69|10.00|
2450967|67844|11138|11716395|1390423|1213|2504520|6|9|877|9|35.04|2.80|37.84|10.00|3.50|28.03|3.50|3.50|10.00|
2451109|41616|15318|4867306|938566|831|4507004|3|17|877|3|73.97|5.92|79.89|10.00|7.40|59.18|7.40|7.40|10.00|
2450835|33471|6221|6349424|499874|6706|232545|7|34|878|3|98.69|7.90|106.59|10.00|9.87|78.95|9.87|9.87|10.00|
2451113|46456|13809|6289812|173305|2406|3973333|10|23|878|1|89.41|7.15|96.56|10.00|8.94|71.53|8.94|8.94|10.00|
2451096|37721|3876|11449399|978575|6214|1529693|11|7|879|1|74.70|5.98|80.68|10.00|7.47|59.76|7.47|7.47|10.00|
2451002|31156|485|6236047|567801|377|2271526|10|3|879|6|95.44|7.64|103.08|10.00|9.54|76.35|9.54|9.54|10.00|
2451208|27579|9272|5547924|14466|4045|301202|12|13|880|4|42.68|3.41|46.09|10.00|4.27|34.14|4.27|4.27|10.00|
2451146|66007|8653|10830597|977674|1430|3168029|7|14|880|5|75.31|6.02|81.33|10.00|7.53|60.25|7.53|7.53|10.00|
2451513|64005|11264|8122157|575227|6375|2648040|2|26|881|10|69.49|5.56|75.05|10.00|6.95|55.59|6.95|6.95|10.00|
2450971|36874|16528|6183946|555762|3488|1196068|11|5|881|6|5.85|0.47|6.32|10.00|0.58|4.68|0.58|0.58|10.00|
2451009|1402|7480|9773707|1465788|732|1218468|7|5|882|1|54.64|4.37|59.01|10.00|5.46|43.71|5.46|5.46|10.00|
2450968|69819|17369|2970890|758300|1975|2182424|8|3|882|7|91.47|7.32|98.79|10.00|9.15|73.18|9.15|9.15|10.00|
2450895|38067|12763|8724106|2124|5772|3773184|5|29|883|5|30.98|2.48|33.46|10.00|3.10|24.78|3.10|3.10|10.00|
2451523|79418|7531|6773675|1846109|3181|1191675|12|3|883|6|4.04|0.32|4.36|10.00|0.40|3.23|0.40|0.40|10.00|
2451036|75388|1055|3078365|1670923|7152|5649513|12|13|884|4|62.24|4.98|67.22|10.00|6.22|49.79|6.22|6.22|10.00|
2451517|66964|1426|2152000|205385|2117|648339|3|18|884|1|87.84|7.03|94.87|10.00|8.78|70.27|8.78|8.78|10.00|
2450880|36619|15688|10678381|1010281|2237|3381956|7|30|885|1|76.76|6.14|82.90|10.00|7.68|61.41|7.68|7.68|10.00|
2451472|8885|3711|4887871|1240531|6397|929148|10|4|885|5|39.92|3.19|43.11|10.00|3.99|31.94|3.99|3.99|10.00|
2451273|76731|14894|73751|1836763|4812|442306|9|20|886|9|16.66|1.33|17.99|10.00|1.67|13.33|1.67|1.67|10.00|
2450922|38421|1733|3966183|1680791|6272|5317538|12|22|886|8|51.16|4.09|55.25|10.00|5.12|40.93|5.12|5.12|10.00|
2451075|73371|13594|7936523|655196|485|941241|3|27|887|3|16.41|1.31|17.72|10.00|1.64|13.13|1.64|1.64|10.00|
2451173|39693|14857|11963354|925153|6480|2929499|4|22|887|10|90.14|7.21|97.35|10.00|9.01|72.11|9.01|9.01|10.00|
2451097|64758|11277|7114924|1504995|2053|2192707|6|21|888|7|95.55|7.64|103.19|10.00|9.55|76.44|9.55|9.55|10.00|
2451371|80465|1915|7521962|303982|3434|240595|10|30|888|5|87.87|7.03|94.90|10.00|8.79|70.30|8.79|8.79|10.00|
2451143|21003|776|2268716|1284703|2444|2964380|10|13|889|4|89.95|7.20|97.15|10.00|9.00|71.96|9.00|9.00|10.00|
2451225|29148|11058|5555417|1431916|5236|5710163|1|11|889|2|78.19|6.26|84.45|10.00|7.82|62.55|7.82|7.82|10.00|
2451512|9061|3401|5659929|1149295|2553|4700086|3|11|890|7|71.09|5.69|76.78|10.00|7.11|56.87|7.11|7.11|10.00|
2451503|27333|17809|11924434|875734|2020|267271|6|1|890|10|33.71|2.70|36.41|10.00|3.37|26.97|3.37|3.37|10.00|
2450961|75149|2921|6527378|549747|6179|1689335|6|15|891|1|58.23|4.66|62.89|10.00|5.82|46.58|5.82|5.82|10.00|
2450857|37342|4177|5029684|1105621|4929|4640527|2|34|891|3|28.08|2.25|30.33|10.00|2.81|22.46|2.81|2.81|10.00|
2451398|47260|3461|3050909|115143|1474|1498344|5|26|892|4|22.96|1.84|24.80|10.00|2.30|18.37|2.30|2.30|10.00|
2451167|82944|11070|11653535|88805|6945|795578|11|29|892|9|49.51|3.96|53.47|10.00|4.95|39.61|4.95|4.95|10.00|
2451032|13100|8294|11865768|497650|6370|3981174|6|23|893|3|48.90|3.91|52.81|10.00|4.89|39.12|4.89|4.89|10.00|
2450919|15254|11223|4364241|827135|1046|2939744|6|18|893|2|70.78|5.66|76.44|10.00|7.08|56.62|7.08|7.08|10.00|
2451268|47732|72|2352551|833698|4935|870279|2|24|894|6|67.01|5.36|72.37|10.00|6.70|53.61|6.70|6.70|10.00|
2450935|9492|17026|4428563|984005|6933|505798|9|24|894|5|84.58|6.77|91.35|10.00|8.46|67.66|8.46|8.46|10.00|
2450975|63798|13355|200647|1156183|4577|5601574|3|28|895|6|62.14|4.97|67.11|10.00|6.21|49.71|6.21|6.21|10.00|
2451382|36566|6920|4639638|1087658|5535|57251|1|17|895|8|42.48|3.40|45.88|10.00|4.25|33.98|4.25|4.25|10.00|
2450918|51141|11837|6103206|255244|5569|126800|9|30|896|4|79.61|6.37|85.98|10.00|7.96|63.69|7.96|7.96|10.00|
2451149|40214|12055|8133000|903377|7184|1417493|5|14|896|3|1.38|0.11|1.49|10.00|0.14|1.10|0.14|0.14|10.00|
2451023|74107|13237|6398786|853910|6485|1615502|8|12|897|4|17.02|1.36|18.38|10.00|1.70|13.62|1.70|1.70|10.00|
2451483|60991|5021|275290|379579|2479|1238074|1|26|897|5|71.76|5.74|77.50|10.00|7.18|57.41|7.18|7.18|10.00|
2451087|23451|8272|8303080|1486496|5532|4615255|9|25|898|3|84.72|6.78|91.50|10.00|8.47|67.78|8.47|8.47|10.00|
2451114|15679|7104|4794911|233320|5094|37152|7|16|898|4|94.46|7.56|102.02|10.00|9.45|75.57|9.45|9.45|10.00|
2451041|83119|174|7719199|1453310|1033|1441916|9|17|899|10|26.86|2.15|29.01|10.00|2.69|21.49|2.69|2.69|10.00|
2451485|8337|12609|3817294|1444471|5974|219682|10|21|899|9|68.97|5.52|74.49|10.00|6.90|55.18|6.90|6.90|10.00|
2450858|37864|7764|2402623|1138116|549|3102082|4|17|900|9|59.46|4.76|64.22|10.00|5.95|47.57|5.95|5.95|10.00|
2451455|28362|7361|3038996|1573819|2760|4436532|12|28|900|4|64.96|5.20|70.16|10.00|6.50|51.97|6.50|6.50|10.00|
2451099|27324|8996|9751004|1361142|3378|1279473|6|4|901|6|15.35|1.23|16.58|10.00|1.54|12.28|1.54|1.54|10.00|
2451324|49917|2602|9334410|857448|4698|584466|1|35|901|6|7.65|0.61|8.26|10.00|0.77|6.12|0.77|0.77|10.00|
2450929|69587|9300|83943|1065181|585|5302103|4|21|902|2|43.13|3.45|46.58|10.00|4.31|34.50|4.31|4.31|10.00|
2451042|33686|16919|5290038|344687|5951|468155|11|12|902|9|22.51|1.80|24.31|10.00|2.25|18.01|2.25|2.25|10.00|
2451239|14752|2629|2306181|1664263|6231|4051582|6|33|903|3|75.90|6.07|81.97|10.00|7.59|60.72|7.59|7.59|10.00|
2451214|85928|9404|11545444|886798|2903|3352688|2|8|903|7|91.74|7.34|99.08|10.00|9.17|73.39|9.17|9.17|10.00|
2451112|8633|1148|3966420|491102|916|3955344|2|21|904|6|44.46|3.56|48.02|10.00|4.45|35.57|4.45|4.45|10.00|
2450933|19552|6140|5361363|1800338|1936|4648404|7|5|904|7|34.14|2.73|36.87|10.00|3.41|27.31|3.41|3.41|10.00|
2451249|2859|7173|5248263|33283|1885|5840865|5|8|905|6|96.54|7.72|104.26|10.00|9.65|77.23|9.65|9.65|10.00|
2451419|52726|11922|880542|166598|2496|2097314|9|24|905|7|56.77|4.54|61.31|10.00|5.68|45.42|5.68|5.68|10.00|
2451280|80677|8792|10657655|491155|574|2101639|7|7|906|1|30.23|2.42|32.65|10.00|3.02|24.18|3.02|3.02|10.00|
2451441|49953|16972|7216363|1211230|5496|4758357|2|8|906|4|68.24|5.46|73.70|10.00|6.82|54.59|6.82|6.82|10.00|
2450834|57189|7962|11228618|742996|4173|5700452|10|23|907|2|8.63|0.69|9.32|10.00|0.86|6.90|0.86|0.86|10.00|
2451204|64548|8962|3711400|52697|3300|1715468|12|26|907|7|31.70|2.54|34.24|10.00|3.17|25.36|3.17|3.17|10.00|
2451353|3309|417|6153739|883848|499|3422661|12|22|908|2|30.06|2.40|32.46|10.00|3.01|24.05|3.01|3.01|10.00|
2451174|60394|16401|7568785|1037644|6882|569164|6|9|908|1|0.74|0.06|0.80|10.00|0.07|0.59|0.07|0.07|10.00|
2451209|64348|13142|11508859|1369972|5718|4693545|6|26|909|10|20.72|1.66|22.38|10.00|2.07|16.58|2.07|2.07|10.00|
2451470|21322|17016|1704688|1831782|6259|367572|4|13|909|8|11.57|0.93|12.50|10.00|1.16|9.26|1.16|1.16|10.00|
2451298|43553|4301|6261898|1032994|6074|730272|4|6|910|9|88.28|7.06|95.34|10.00|8.83|70.62|8.83|8.83|10.00|
2451303|30978|667|1961552|787570|1603|4703928|9|34|910|5|87.03|6.96|93.99|10.00|8.70|69.62|8.70|8.70|10.00|
2451013|28008|13118|1817664|1516283|1506|4900559|12|11|911|5|18.89|1.51|20.40|10.00|1.89|15.11|1.89|1.89|10.00|
2450965|35955|8413|1626822|485771|617|3883055|11|15|911|5|26.46|2.12|28.58|10.00|2.65|21.17|2.65|2.65|10.00|
2451508|19469|15315|7659690|1745859|4982|4006168|2|21|912|3|29.51|2.36|31.87|10.00|2.95|23.61|2.95|2.95|10.00|
2450842|34207|10310|2101520|935321|4397|5111037|7|14|912|9|44.74|3.58|48.32|10.00|4.47|35.79|4.47|4.47|10.00|
2451386|13023|426|10900797|827394|5527|3816403|12|35|913|4|16.33|1.31|17.64|10.00|1.63|13.06|1.63|1.63|10.00|
2450986|17396|2740|4472461|1345967|5576|2067437|2|6|913|4|67.31|5.38|72.69|10.00|6.73|53.85|6.73|6.73|10.00|
2451126|52476|8045|9657871|1491799|5631|1573437|9|11|914|4|28.95|2.32|31.27|10.00|2.90|23.16|2.90|2.90|10.00|
2451012|51011|15971|5217156|1086897|6150|3216414|8|22|914|8|83.04|6.64|89.68|10.00|8.30|66.43|8.30|8.30|10.00|
2450857|44030|115|914444|379764|1428|251557|3|13|915|7|5.06|0.40|5.46|10.00|0.51|4.05|0.51|0.51|10.00|
2451444|77947|12925|3361389|385259|5114|5687605|12|17|915|5|27.69|2.22|29.91|10.00|2.77|22.15|2.77|2.77|10.00|
2451176|998|274|5156969|1638203|4087|768374|7|35|916|9|95.55|7.64|103.19|10.00|9.55|76.44|9.55|9.55|10.00|
2451148|75558|5299|1939872|1190920|2422|977950|4|29|916|10|98.44|7.88|106.32|10.00|9.84|78.75|9.84|9.84|10.00|
2451458|68309|13190|1598636|1027813|5112|4374086|1|20|917|5|59.21|4.74|63.95|10.00|5.92|47.37|5.92|5.92|10.00|
2451460|35633|1442|6478946|1387417|5153|2333584|5|3|917|2|30.39|2.43|32.82|10.00|3.04|24.31|3.04|3.04|10.00|
2451503|16851|3075|8842630|768674|5863|531807|1|35|918|8|23.58|1.89|25.47|10.00|2.36|18.86|2.36|2.36|10.00|
2451228|21777|2793|3901676|917311|1712|1520895|1|11|918|6|76.78|6.14|82.92|10.00|7.68|61.42|7.68|7.68|10.00|
2450908|45385|8012|8536886|604673|6561|3458644|4|32|919|5|36.85|2.95|39.80|10.00|3.69|29.48|3.69|3.69|10.00|
2451131|71667|11833|1972265|1572231|5443|669745|11|17|919|2|73.36|5.87|79.23|10.00|7.34|58.69|7.34|7.34|10.00|
2451172|67469|6196|6466889|578434|1623|1782852|1|14|920|4|78.37|6.27|84.64|10.00|7.84|62.70|7.84|7.84|10.00|
2451248|3404|5551|10475307|1499764|5436|410503|4|17|920|3|88.85|7.11|95.96|10.00|8.88|71.08|8.88|8.88|10.00|
2451382|37798|4137|70739|277198|1489|4757049|11|26|921|2|0.95|0.08|1.03|10.00|0.10|0.76|0.10|0.10|10.00|
2451363|33923|13851|8527969|834773|3504|3862317|7|6|921|7|59.12|4.73|63.85|10.00|5.91|47.30|5.91|5.91|10.00|
2451287|62532|8551|2946598|599870|2880|493713|7|28|922|10|57.45|4.60|62.05|10.00|5.75|45.96|5.75|5.75|10.00|
2451153|12653|8672|9521627|1553458|4535|4993406|7|17|922|2|8.12|0.65|8.77|10.00|0.81|6.50|0.81|0.81|10.00|
2451223|47605|12122|5413199|1517586|3619|1120902|6|3|923|3|50.36|4.03|54.39|10.00|5.04|40.29|5.04|5.04|10.00|
2450849|52885|4999|6856748|113682|2317|3956956|2|10|923|3|37.47|3.00|40.47|10.00|3.75|29.98|3.75|3.75|10.00|
2451040|52655|8432|6853110|1073042|6376|2739089|8|6|924|3|68.96|5.52|74.48|10.00|6.90|55.17|6.90|6.90|10.00|
2451213|47978|14289|7829404|188883|2298|4306140|2|31|924|1|89.33|7.15|96.48|10.00|8.93|71.46|8.93|8.93|10.00|
2450940|23169|588|2194057|589116|232|3216267|8|3|925|4|41.09|3.29|44.38|10.00|4.11|32.87|4.11|4.11|10.00|
2451369|26455|2930|1544674|1692671|6492|1616118|4|25|925|1|33.63|2.69|36.32|10.00|3.36|26.90|3.36|3.36|10.00|
2451289|37976|14055|3886892|1135520|5961|1717939|8|16|926|7|25.40|2.03|27.43|10.00|2.54|20.32|2.54|2.54|10.00|
2451143|42625|5103|5593611|49548|5165|5871539|12|4|926|4|57.09|4.57|61.66|10.00|5.71|45.67|5.71|5.71|10.00|
2451388|22406|13639|5737023|349361|329|1988753|10|21|927|3|60.94|4.88|65.82|10.00|6.09|48.75|6.09|6.09|10.00|
2450999|2415|9645|727320|684793|4218|488838|12|34|927|4|21.62|1.73|23.35|10.00|2.16|17.30|2.16|2.16|10.00|
2451070|62487|11028|8028966|1177423|3267|1514584|9|34|928|1|90.68|7.25|97.93|10.00|9.07|72.54|9.07|9.07|10.00|
2451270|11277|9812|2421370|1265319|5311|4288758|8|18|928|3|54.96|4.40|59.36|10.00|5.50|43.97|5.50|5.50|10.00|
2451303|76388|1091|6128552|1897282|5027|2453517|3|17|929|4|1.14|0.09|1.23|10.00|0.11|0.91|0.11|0.11|10.00|
2451279|36686|16251|4773737|1382327|7111|1652819|5|7|929|2|34.72|2.78|37.50|10.00|3.47|27.78|3.47|3.47|10.00|
2451496|71885|13639|9658503|1917366|4380|4701893|6|32|930|3|47.65|3.81|51.46|10.00|4.76|38.12|4.76|4.76|10.00|
2451448|22867|5368|6156435|1726250|1163|1848448|9|28|930|6|40.15|3.21|43.36|10.00|4.01|32.12|4.01|4.01|10.00|
2451243|62169|3992|10800651|268624|2309|4918739|7|8|931|8|25.40|2.03|27.43|10.00|2.54|20.32|2.54|2.54|10.00|
2451001|14424|14907|882508|212264|5605|2316575|1|4|931|4|0.95|0.08|1.03|10.00|0.10|0.76|0.10|0.10|10.00|
2451247|52114|12983|658383|121508|7048|2442300|3|17|932|6|78.66|6.29|84.95|10.00|7.87|62.93|7.87|7.87|10.00|
2451458|11462|10845|9017196|1359114|783|1142038|4|35|932|2|61.31|4.90|66.21|10.00|6.13|49.05|6.13|6.13|10.00|
2450881|37301|11643|1256110|55845|330|860038|4|19|933|1|94.95|7.60|102.55|10.00|9.50|75.96|9.50|9.50|10.00|
2450831|2582|8228|5033833|1827856|6126|5346090|4|20|933|7|77.26|6.18|83.44|10.00|7.73|61.81|7.73|7.73|10.00|
2451061|16133|16327|7426027|537080|5133|1004641|12|30|934|9|94.96|7.60|102.56|10.00|9.50|75.97|9.50|9.50|10.00|
2451411|7845|8259|9061593|923130|2750|5802405|10|12|934|8|20.77|1.66|22.43|10.00|2.08|16.62|2.08|2.08|10.00|
2451482|36876|17958|2263496|209958|4603|1363404|1|32|935|4|83.12|6.65|89.77|10.00|8.31|66.50|8.31|8.31|10.00|
2450819|57586|14896|201187|1192241|6554|2043061|9|10|935|1|66.18|5.29|71.47|10.00|6.62|52.94|6.62|6.62|10.00|
2450972|7667|14476|5682717|1716941|5037|796656|8|7|936|8|75.06|6.00|81.06|10.00|7.51|60.05|7.51|7.51|10.00|
2451294|72954|14991|3303070|285899|1663|3606135|6|4|936|3|46.08|3.69|49.77|10.00|4.61|36.86|4.61|4.61|10.00|
2451528|80380|4158|208065|169580|187|4956297|10|1|937|10|23.97|1.92|25.89|10.00|2.40|19.18|2.40|2.40|10.00|
2451411|50669|17022|8951733|1756117|3894|4883451|8|21|937|4|52.83|4.23|57.06|10.00|5.28|42.26|5.28|5.28|10.00|
2451186|9191|15602|7981159|621670|2410|4075144|8|5|938|4|21.43|1.71|23.14|10.00|2.14|17.14|2.14|2.14|10.00|
2451395|229|281|4220630|1747602|6519|3333447|5|22|938|1|32.60|2.61|35.21|10.00|3.26|26.08|3.26|3.26|10.00|
2451317|10212|14303|11075530|678360|5735|1443918|6|15|939|4|10.62|0.85|11.47|10.00|1.06|8.50|1.06|1.06|10.00|
2451333|6866|15231|7688443|254842|5445|3621667|5|33|939|1|68.69|5.50|74.19|10.00|6.87|54.95|6.87|6.87|10.00|
2451183|53958|5001|11003279|1555157|1060|3382532|5|35|940|1|86.27|6.90|93.17|10.00|8.63|69.02|8.63|8.63|10.00|
2451117|50358|12447|5397692|574133|1046|386078|6|30|940|2|59.11|4.73|63.84|10.00|5.91|47.29|5.91|5.91|10.00|
2451092|70661|14715|11622002|1670819|947|2649193|9|31|941|1|8.33|0.67|9.00|10.00|0.83|6.66|0.83|0.83|10.00|
2451270|49813|14158|2533423|270140|6109|1593565|9|24|941|9|3.91|0.31|4.22|10.00|0.39|3.13|0.39|0.39|10.00|
2450872|76032|13339|11770233|29975|2522|4338804|10|34|942|7|11.12|0.89|12.01|10.00|1.11|8.90|1.11|1.11|10.00|
2451378|71806|11796|11859646|1691088|1309|2004982|7|9|942|8|3.56|0.28|3.84|10.00|0.36|2.85|0.36|0.36|10.00|
2451040|12202|17749|7374040|811789|3151|13746|1|13|943|6|11.45|0.92|12.37|10.00|1.15|9.16|1.15|1.15|10.00|
2450866|81592|16423|1991334|1323259|4569|1417724|8|30|943|5|38.52|3.08|41.60|10.00|3.85|30.82|3.85|3.85|10.00|
2451219|21051|623|7046504|152446|3420|2060966|3|32|944|1|53.33|4.27|57.60|10.00|5.33|42.66|5.33|5.33|10.00|
2451033|53267|12169|5459838|515687|2260|5996543|4|21|944|5|36.96|2.96|39.92|10.00|3.70|29.57|3.70|3.70|10.00|
2451112|64221|9900|10143425|1497336|5577|626615|8|25|945|1|72.43|5.79|78.22|10.00|7.24|57.94|7.24|7.24|10.00|
2451519|19988|5048|6500557|867819|4990|1361729|11|34|945|6|59.51|4.76|64.27|10.00|5.95|47.61|5.95|5.95|10.00|
2451353|59026|2433|1644870|530517|6883|2483694|5|32|946|8|11.69|0.94|12.63|10.00|1.17|9.35|1.17|1.17|10.00|
2450950|42338|17217|2236744|1342232|4261|4892775|2|26|946|9|27.03|2.16|29.19|10.00|2.70|21.62|2.70|2.70|10.00|
2451089|58878|2108|8611570|1236238|3098|487298|7|18|947|6|88.40|7.07|95.47|10.00|8.84|70.72|8.84|8.84|10.00|
2451414|72432|16854|11560873|130000|5909|4608098|3|31|947|4|28.92|2.31|31.23|10.00|2.89|23.14|2.89|2.89|10.00|
2451204|83824|1683|9197510|1606964|5160|5872700|7|33|948|9|32.09|2.57|34.66|10.00|3.21|25.67|3.21|3.21|10.00|
2451126|18401|15768|8682836|417544|6594|3661855|5|18|948|9|44.70|3.58|48.28|10.00|4.47|35.76|4.47|4.47|10.00|
2451307|82365|2589|9309187|1822786|366|5289091|4|6|949|6|71.25|5.70|76.95|10.00|7.12|57.00|7.12|7.12|10.00|
2451129|76376|921|8580672|1530799|912|1314511|1|35|949|3|97.01|7.76|104.77|10.00|9.70|77.61|9.70|9.70|10.00|
2450976|61829|17225|2812899|1488874|94|5614379|12|6|950|6|92.95|7.44|100.39|10.00|9.29|74.36|9.29|9.29|10.00|
2450888|78370|17787|1250368|1719266|5479|5208146|4|5|950|6|95.91|7.67|103.58|10.00|9.59|76.73|9.59|9.59|10.00|
2451038|57617|5866|11997356|1805198|2184|4738250|11|17|951|5|15.86|1.27|17.13|10.00|1.59|12.69|1.59|1.59|10.00|
2451470|61276|7847|9492790|156750|4011|4315146|10|1|951|9|65.31|5.22|70.53|10.00|6.53|52.25|6.53|6.53|10.00|
2451089|39739|6622|1138223|1785908|3937|2283827|11|35|952|4|28.44|2.28|30.72|10.00|2.84|22.75|2.84|2.84|10.00|
2451086|32564|17932|2340230|612272|4950|3846706|9|35|952|2|20.87|1.67|22.54|10.00|2.09|16.70|2.09|2.09|10.00|
2450958|46153|11707|8214253|605008|1052|2473683|2|17|953|7|78.50|6.28|84.78|10.00|7.85|62.80|7.85|7.85|10.00|
2451273|38964|152|2035723|1607600|112|3826778|5|17|953|1|53.54|4.28|57.82|10.00|5.35|42.83|5.35|5.35|10.00|
2451211|11963|13058|10666687|1543467|4804|1083611|6|6|954|10|85.33|6.83|92.16|10.00|8.53|68.26|8.53|8.53|10.00|
2451139|48294|10169|7798880|1893642|3888|3828902|5|5|954|1|16.91|1.35|18.26|10.00|1.69|13.53|1.69|1.69|10.00|
2451114|78540|12382|5852525|589778|3731|4358977|1|19|955|4|63.38|5.07|68.45|10.00|6.34|50.70|6.34|6.34|10.00|
2451127|32554|5876|9228838|1313525|958|2628218|9|7|955|6|41.91|3.35|45.26|10.00|4.19|33.53|4.19|4.19|10.00|
2451140|24353|3524|5442247|1358735|2625|3844974|9|6|956|4|98.69|7.90|106.59|10.00|9.87|78.95|9.87|9.87|10.00|
2450952|6751|8206|6567360|410808|1527|4513849|1|33|956|8|92.00|7.36|99.36|10.00|9.20|73.60|9.20|9.20|10.00|
2450958|16351|11041|10522498|1608745|6440|3205778|3|7|957|2|85.22|6.82|92.04|10.00|8.52|68.18|8.52|8.52|10.00|
2450947|12048|15298|1959062|1558605|7019|5687626|2|29|957|8|75.42|6.03|81.45|10.00|7.54|60.34|7.54|7.54|10.00|
2450895|58522|6604|10873809|809896|3542|2760580|12|1|958|10|84.19|6.74|90.93|10.00|8.42|67.35|8.42|8.42|10.00|
2450902|69734|10604|4839686|1406936|330|1865349|9|19|958|8|1.46|0.12|1.58|10.00|0.15|1.17|0.15|0.15|10.00|
2451211|6148|11486|299681|1018550|7156|3646283|3|13|959|3|39.32|3.15|42.47|10.00|3.93|31.46|3.93|3.93|10.00|
2451020|74069|8412|6794633|116785|82|3984093|12|4|959|5|94.71|7.58|102.29|10.00|9.47|75.77|9.47|9.47|10.00|
2450996|59913|10172|928943|198106|6182|5482727|3|8|960|6|18.13|1.45|19.58|10.00|1.81|14.50|1.81|1.81|10.00|
2451536|29321|10062|3226694|1123548|6469|998371|11|6|960|8|26.19|2.10|28.29|10.00|2.62|20.95|2.62|2.62|10.00|
2451476|39708|15529|2176435|892313|1563|1139107|12|21|961|5|4.26|0.34|4.60|10.00|0.43|3.41|0.43|0.43|10.00|
2450940|24362|15652|4291417|957914|6357|1896149|11|7|961|9|16.49|1.32|17.81|10.00|1.65|13.19|1.65|1.65|10.00|
2451203|30925|15109|8103122|1277722|3591|3510202|7|5|962|9|42.32|3.39|45.71|10.00|4.23|33.86|4.23|4.23|10.00|
2451522|42312|8171|142336|141956|1398|2079468|11|4|962|5|63.22|5.06|68.28|10.00|6.32|50.58|6.32|6.32|10.00|
2451267|24908|1017|8133393|941699|6485|5553921|12|21|963|2|42.67|3.41|46.08|10.00|4.27|34.14|4.27|4.27|10.00|
2451471|60354|6251|11527078|1597824|709|5876622|10|18|963|4|93.34|7.47|100.81|10.00|9.33|74.67|9.33|9.33|10.00|
2451404|1959|11318|9298137|1145839|4802|115992|3|14|964|8|70.05|5.60|75.65|10.00|7.00|56.04|7.00|7.00|10.00|
2451428|46220|15917|3175985|894843|3741|2587892|5|15|964|7|87.32|6.99|94.31|10.00|8.73|69.86|8.73|8.73|10.00|
2451294|43968|771|23727|227105|1812|1429447|6|8|965|5|36.31|2.90|39.21|10.00|3.63|29.05|3.63|3.63|10.00|
2451164|80317|6643|4199285|5512|4451|1226998|3|25|965|7|37.96|3.04|41.00|10.00|3.80|30.37|3.80|3.80|10.00|
2450881|19108|10293|3461058|578942|1526|4479681|5|13|966|10|98.47|7.88|106.35|10.00|9.85|78.78|9.85|9.85|10.00|
2451432|16458|17768|4842265|1671455|3042|5774444|8|16|966|9|45.62|3.65|49.27|10.00|4.56|36.50|4.56|4.56|10.00|
2450877|48279|13507|3280132|203888|2259|4690077|11|31|967|5|96.61|7.73|104.34|10.00|9.66|77.29|9.66|9.66|10.00|
2450901|31925|7289|6398329|1327136|5103|2328226|11|35|967|4|78.15|6.25|84.40|10.00|7.82|62.52|7.82|7.82|10.00|
2451391|14226|10868|7854664|1688825|3415|4867364|9|1|968|6|9.85|0.79|10.64|10.00|0.98|7.88|0.98|0.98|10.00|
2451385|75331|8486|6788041|456551|4629|2679940|2|29|968|7|58.05|4.64|62.69|10.00|5.80|46.44|5.80|5.80|10.00|
2451539|21382|940|6430358|286612|143|3255999|10|21|969|7|34.49|2.76|37.25|10.00|3.45|27.59|3.45|3.45|10.00|
2450955|81490|2425|10947116|1475140|1594|3948513|3|32|969|9|48.13|3.85|51.98|10.00|4.81|38.50|4.81|4.81|10.00|
2451341|8899|5977|10427773|1494875|6928|367136|5|26|970|8|22.90|1.83|24.73|10.00|2.29|18.32|2.29|2.29|10.00|
2451340|76569|11296|1389114|1754971|4940|662381|1|17|970|2|20.00|1.60|21.60|10.00|2.00|16.00|2.00|2.00|10.00|
2451475|31998|2129|7959904|423082|4719|2281692|4|13|971|1|78.82|6.31|85.13|10.00|7.88|63.06|7.88|7.88|10.00|
2451105|35246|6001|2962530|687538|77|1048185|4|5|971|2|50.31|4.02|54.33|10.00|5.03|40.25|5.03|5.03|10.00|
2451493|40259|10804|1693451|1206683|6779|2142355|3|35|972|2|21.58|1.73|23.31|10.00|2.16|17.26|2.16|2.16|10.00|
2451355|52909|12327|3674881|473703|4570|2773127|8|30|972|1|1.71|0.14|1.85|10.00|0.17|1.37|0.17|0.17|10.00|
2451123|41727|1889|10285917|1062479|7018|1949487|9|17|973|5|51.26|4.10|55.36|10.00|5.13|41.01|5.13|5.13|10.00|
2450995|26924|12140|1506747|1374728|4580|2512978|1|20|973|2|78.50|6.28|84.78|10.00|7.85|62.80|7.85|7.85|10.00|
2451319|26973|605|9189174|1120445|702|5691213|5|16|974|10|60.03|4.80|64.83|10.00|6.00|48.02|6.00|6.00|10.00|
2451018|2585|4953|511251|1448524|4697|1214934|7|25|974|1|65.09|5.21|70.30|10.00|6.51|52.07|6.51|6.51|10.00|
2451166|15984|5141|7277404|763893|1898|368484|12|28|975|8|96.52|7.72|104.24|10.00|9.65|77.22|9.65|9.65|10.00|
2450906|8030|1923|5973719|805830|4720|5046437|6|21|975|9|83.94|6.72|90.66|10.00|8.39|67.15|8.39|8.39|10.00|
2451147|14107|11778|5684429|362209|1737|4586997|9|15|976|6|89.40|7.15|96.55|10.00|8.94|71.52|8.94|8.94|10.00|
2450823|9860|4204|7837391|1660731|1004|5824351|4|26|976|9|27.88|2.23|30.11|10.00|2.79|22.30|2.79|2.79|10.00|
2451039|55208|8372|10731461|357715|2291|5195816|12|12|977|1|26.20|2.10|28.30|10.00|2.62|20.96|2.62|2.62|10.00|
2451309|55929|1287|6790636|455945|5564|3006451|1|17|977|10|43.35|3.47|46.82|10.00|4.33|34.68|4.33|4.33|10.00|
2451364|16438|17435|314190|431765|1812|1939930|6|24|978|3|44.76|3.58|48.34|10.00|4.48|35.81|4.48|4.48|10.00|
2451210|9729|17760|2060944|845836|751|473457|10|19|978|5|23.95|1.92|25.87|10.00|2.40|19.16|2.40|2.40|10.00|
2451071|47259|684|8792488|1399234|1154|4249347|9|19|979|5|85.60|6.85|92.45|10.00|8.56|68.48|8.56|8.56|10.00|
2450915|60967|6779|1505632|1135051|4867|4406278|8|32|979|8|0.30|0.02|0.32|10.00|0.03|0.24|0.03|0.03|10.00|
2450970|76519|10500|3682186|925607|6742|5201046|1|8|980|3|53.79|4.30|58.09|10.00|5.38|43.03|5.38|5.38|10.00|
2450911|81305|9378|5633521|1689617|6028|2820275|12|26|980|4|27.19|2.18|29.37|10.00|2.72|21.75|2.72|2.72|10.00|
2451244|75107|1867|9942332|495215|5013|535643|7|23|981|7|9.92|0.79|10.71|10.00|0.99|7.94|0.99|0.99|10.00|
2451089|71393|14927|8724352|1537885|4984|5267121|1|10|981|10|29.52|2.36|31.88|10.00|2.95|23.62|2.95|2.95|10.00|
2450864|26701|5035|1335363|281345|2120|1988656|7|11|982|3|11.79|0.94|12.73|10.00|1.18|9.43|1.18|1.18|10.00|
2451064|35933|6216|551261|76013|4255|4125244|7|12|982|10|61.35|4.91|66.26|10.00|6.14|49.08|6.14|6.14|10.00|
2451520|59564|9877|10396815|461171|82|4412570|9|9|983|1|55.63|4.45|60.08|10.00|5.56|44.50|5.56|5.56|10.00|
2451317|15548|7787|9330195|57091|5587|5196827|12|32|983|10|70.40|5.63|76.03|10.00|7.04|56.32|7.04|7.04|10.00|
2451287|81287|11489|10226282|445144|7148|5416034|5|21|984|3|69.49|5.56|75.05|10.00|6.95|55.59|6.95|6.95|10.00|
2451432|21375|8586|1577819|167253|3104|5296967|4|35|984|7|5.00|0.40|5.40|10.00|0.50|4.00|0.50|0.50|10.00|
2450987|35984|10104|2368267|943388|5705|4968100|10|12|985|6|19.54|1.56|21.10|10.00|1.95|15.63|1.95|1.95|10.00|
2451417|75466|2954|4811574|842048|2693|2510020|8|31|985|1|69.54|5.56|75.10|10.00|6.95|55.63|6.95|6.95|10.00|
2451054|57918|5565|4027115|1799182|78|5276895|2|9|986|4|44.97|3.60|48.57|10.00|4.50|35.98|4.50|4.50|10.00|
2451517|4872|10881|7538051|1515050|6086|225392|12|14|986|3|57.49|4.60|62.09|10.00|5.75|45.99|5.75|5.75|10.00|
2451342|81582|9789|10019918|1093346|3531|3040172|1|8|987|3|0.79|0.06|0.85|10.00|0.08|0.63|0.08|0.08|10.00|
2451282|14074|136|1108564|1355807|5074|1071338|1|27|987|5|35.80|2.86|38.66|10.00|3.58|28.64|3.58|3.58|10.00|
2450916|25132|11423|8102841|278851|348|2293206|8|31|988|1|46.04|3.68|49.72|10.00|4.60|36.83|4.60|4.60|10.00|
2451442|3448|6140|915046|1389677|127|4590927|2|29|988|2|75.56|6.04|81.60|10.00|7.56|60.45|7.56|7.56|10.00|
2451006|9416|2796|3704919|941203|69|5145912|9|12|989|3|41.11|3.29|44.40|10.00|4.11|32.89|4.11|4.11|10.00|
2450955|8661|7083|2903617|630525|2341|1898135|8|10|989|3|29.66|2.37|32.03|10.00|2.97|23.73|2.97|2.97|10.00|
2451501|17219|1321|11755429|347773|6093|802047|4|25|990|7|10.14|0.81|10.95|10.00|1.01|8.11|1.01|1.01|10.00|
2451124|66863|397|11335873|926098|567|5910759|11|2|990|1|38.07|3.05|41.12|10.00|3.81|30.46|3.81|3.81|10.00|
2451039|74011|15362|6313457|953259|5059|1593130|4|32|991|10|16.61|1.33|17.94|10.00|1.66|13.29|1.66|1.66|10.00|
2451252|19374|13882|10572713|1530217|4482|2639923|11|33|991|9|5.52|0.44|5.96|10.00|0.55|4.42|0.55|0.55|10.00|
2451174|32588|3834|2317039|675746|6096|4248387|4|35|992|8|29.76|2.38|32.14|10.00|2.98|23.81|2.98|2.98|10.00|
2451072|30918|5786|7305911|1336568|3680|5378645|12|11|992|6|20.15|1.61|21.76|10.00|2.02|16.12|2.02|2.02|10.00|
2451370|67504|13505|4528746|1420118|3836|4072403|2|2|993|5|75.58|6.05|81.63|10.00|7.56|60.46|7.56|7.56|10.00|
2451449|80128|14232|7221722|1567536|5044|2143012|7|21|993|9|30.17|2.41|32.58|10.00|3.02|24.14|3.02|3.02|10.00|
2451512|12998|14984|11745443|52088|3842|4812382|6|17|994|1|16.36|1.31|17.67|10.00|1.64|13.09|1.64|1.64|10.00|
2451039|33076|13687|6115552|325362|974|1881251|9|18|994|10|22.74|1.82|24.56|10.00|2.27|18.19|2.27|2.27|10.00|
2451085|65322|6110|4389781|1886133|1916|5904883|4|14|995|5|4.60|0.37|4.97|10.00|0.46|3.68|0.46|0.46|10.00|
2451246|49429|11388|4022661|1290189|4513|897110|1|19|995|3|31.71|2.54|34.25|10.00|3.17|25.37|3.17|3.17|10.00|
2451257|62331|7153|8694870|217313|2304|124534|4|28|996|6|4.65|0.37|5.02|10.00|0.47|3.72|0.47|0.47|10.00|
2450853|64038|3738|660083|573773|3991|3895184|11|21|996|4|76.92|6.15|83.07|10.00|7.69|61.54|7.69|7.69|10.00|
2451477|84420|1743|2729746|569392|4587|689405|8|16|997|10|0.00|0.00|0.00|10.00|0.00|0.00|0.00|0.00|10.00|
2451278|47432|8714|919405|631277|3251|2685477|10|13|997|8|9.79|0.78|10.57|10.00|0.98|7.83|0.98|0.98|10.00|
2451016|84664|6164|9058015|149315|725|5663029|6|7|998|5|75.30|6.02|81.32|10.00|7.53|60.24|7.53|7.53|10.00|
2450862|85066|3331|4604076|392176|7158|4866232|4|16|998|5|34.74|2.78|37.52|10.00|3.47|27.79|3.47|3.47|10.00|
2451336|80285|8739|886133|502145|4697|5834129|3|16|999|8|8.89|0.71|9.60|10.00|0.89|7.11|0.89|0.89|10.00|
2451048|36901|3796|3314991|1400176|4236|5440885|10|22|999|7|50.49|4.04|54.53|10.00|5.05|40.39|5.05|5.05|10.00|
2451472|30273|1227|1735584|458017|1562|3077587|5|17|1000|1|94.13|7.53|101.66|10.00|9.41|75.30|9.41|9.41|10.00|
2451099|26212|2508|4652475|1231494|6184|5548397|1|9|1000|6|19.74|1.58|21.32|10.00|1.97|15.79|1.97|1.97|10.00|
2451281|13371|708|1123851|537466|3369|2394727|3|11|1001|3|93.27|7.46|100.73|10.00|9.33|74.62|9.33|9.33|10.00|
2451353|47968|7528|9903043|1438868|1543|2214534|6|29|1001|3|99.04|7.92|106.96|10.00|9.90|79.23|9.90|9.90|10.00|
2451520|37971|15089|8606878|966287|1034|3267299|3|20|1002|4|74.06|5.92|79.98|10.00|7.41|59.25|7.41|7.41|10.00|
2451409|55137|13984|4548829|563539|35|2893200|11|8|1002|10|20.95|1.68|22.63|10.00|2.10|16.76|2.10|2.10|10.00|
2451041|28677|13559|9128950|1659482|1018|5699827|12|24|1003|7|77.17|6.17|83.34|10.00|7.72|61.74|7.72|7.72|10.00|
2450897|45002|1871|9765918|1247659|3205|3884826|1|10|1003|9|63.88|5.11|68.99|10.00|6.39|51.10|6.39|6.39|10.00|
2451094|24453|13156|8669094|197278|589|3822436|4|19|1004|9|74.34|5.95|80.29|10.00|7.43|59.47|7.43|7.43|10.00|
2450989|71426|13939|4679256|1210358|309|3119190|8|22|1004|6|17.31|1.38|18.69|10.00|1.73|13.85|1.73|1.73|10.00|
2450871|12083|4992|11934810|1691484|5911|4253523|1|33|1005|1|95.95|7.68|103.63|10.00|9.60|76.76|9.60|9.60|10.00|
2451331|632|3208|9838675|146589|3835|5153434|11|8|1005|10|59.88|4.79|64.67|10.00|5.99|47.90|5.99|5.99|10.00|
2451209|56197|12172|1586774|1488723|4186|1924061|9|9|1006|10|75.04|6.00|81.04|10.00|7.50|60.03|7.50|7.50|10.00|
2451236|70989|4594|4323454|1667065|3502|1670983|4|15|1006|8|51.60|4.13|55.73|10.00|5.16|41.28|5.16|5.16|10.00|
2451428|34063|16904|10492342|1721230|3784|4112259|6|17|1007|1|72.66|5.81|78.47|10.00|7.27|58.13|7.27|7.27|10.00|
2451482|83011|1370|10953187|68934|4950|2875521|7|34|1007|4|1.69|0.14|1.83|10.00|0.17|1.35|0.17|0.17|10.00|
2450938|14440|15096|1751771|1181688|4718|1160895|8|26|1008|2|68.21|5.46|73.67|10.00|6.82|54.57|6.82|6.82|10.00|
2451221|65988|10001|4856164|502801|6012|3155347|1|11|1008|4|57.08|4.57|61.65|10.00|5.71|45.66|5.71|5.71|10.00|
2450879|80674|1619|11497336|167710|2899|5198338|10|23|1009|9|9.46|0.76|10.22|10.00|0.95|7.57|0.95|0.95|10.00|
2451509|26698|12703|3477688|1778792|4395|2209110|8|9|1009|5|95.95|7.68|103.63|10.00|9.60|76.76|9.60|9.60|10.00|
2451153|16135|6097|4551185|905644|2887|3577807|3|33|1010|8|8.11|0.65|8.76|10.00|0.81|6.49|0.81|0.81|10.00|
2450969|52501|12949|4197890|1794106|337|3769609|1|2|1010|8|93.51|7.48|100.99|10.00|9.35|74.81|9.35|9.35|10.00|
2451369|27191|4399|8490258|1290819|3851|2989184|2|21|1011|5|6.68|0.53|7.21|10.00|0.67|5.34|0.67|0.67|10.00|
2451344|19572|11967|4446785|291970|1352|5705830|2|8|1011|7|15.22|1.22|16.44|10.00|1.52|12.18|1.52|1.52|10.00|
2451293|24691|5685|4300363|1314670|4653|5563640|2|27|1012|8|77.38|6.19|83.57|10.00|7.74|61.90|7.74|7.74|10.00|
2451151|51283|15219|5060746|1889290|4683|1965247|6|29|1012|2|23.66|1.89|25.55|10.00|2.37|18.93|2.37|2.37|10.00|
2451380|44380|877|7994802|228150|3954|3460092|6|6|1013|8|22.29|1.78|24.07|10.00|2.23|17.83|2.23|2.23|10.00|
2451324|65556|13665|8660487|637444|5898|2864468|9|30|1013|3|23.19|1.86|25.05|10.00|2.32|18.55|2.32|2.32|10.00|
2451037|77892|1399|10585615|731814|6665|3910373|8|1|1014|4|9.62|0.77|10.39|10.00|0.96|7.70|0.96|0.96|10.00|
2451237|80978|6165|7249016|1851039|1401|5267598|9|9|1014|8|25.40|2.03|27.43|10.00|2.54|20.32|2.54|2.54|10.00|
2451543|18860|8447|9434110|816535|1002|430505|6|6|1015|6|69.60|5.57|75.17|10.00|6.96|55.68|6.96|6.96|10.00|
2450961|27281|2242|5836902|1391249|1153|4461095|11|18|1015|1|13.20|1.06|14.26|10.00|1.32|10.56|1.32|1.32|10.00|
2451379|22122|1608|4146653|917|3435|1956239|4|30|1016|9|24.03|1.92|25.95|10.00|2.40|19.22|2.40|2.40|10.00|
2451442|35002|12580|11078806|652432|1282|5853259|9|11|1016|1|51.15|4.09|55.24|10.00|5.12|40.92|5.12|5.12|10.00|
2451126|58567|3959|8598922|831424|5036|3320069|4|17|1017|9|4.10|0.33|4.43|10.00|0.41|3.28|0.41|0.41|10.00|
2450931|74575|10819|7842683|1158844|6590|3649791|9|34|1017|7|95.87|7.67|103.54|10.00|9.59|76.70|9.59|9.59|10.00|
2451001|37240|2457|6539051|307782|471|3250786|12|22|1018|5|9.46|0.76|10.22|10.00|0.95|7.57|0.95|0.95|10.00|
2451059|71732|236|4590198|628975|4357|158885|10|21|1018|4|32.06|2.56|34.62|10.00|3.21|25.65|3.21|3.21|10.00|
2451190|61866|1233|608476|226416|2829|2598351|4|35|1019|2|50.15|4.01|54.16|10.00|5.02|40.12|5.02|5.02|10.00|
2451477|14445|1570|3408373|724493|6036|2245097|7|29|1019|7|4.37|0.35|4.72|10.00|0.44|3.50|0.44|0.44|10.00|
2451462|39362|8590|11035069|1858058|3510|5512026|2|24|1020|6|92.18|7.37|99.55|10.00|9.22|73.74|9.22|9.22|10.00|
2451448|20585|15644|5621374|1335952|3618|1542715|3|11|1020|1|73.05|5.84|78.89|10.00|7.30|58.44|7.30|7.30|10.00|
2451321|66521|4097|775292|1648778|1123|4182396|4|35|1021|9|81.00|6.48|87.48|10.00|8.10|64.80|8.10|8.10|10.00|
2451385|45153|7968|1285850|1195673|252|2552053|2|20|1021|8|64.47|5.16|69.63|10.00|6.45|51.58|6.45|6.45|10.00|
2451110|48476|4577|9042623|1773148|4455|1617523|5|11|1022|8|45.43|3.63|49.06|10.00|4.54|36.34|4.54|4.54|10.00|
2451351|71059|12096|6800209|1049117|5095|4546755|9|31|1022|8|75.67|6.05|81.72|10.00|7.57|60.54|7.57|7.57|10.00|
2450961|53101|2478|969318|596597|3849|754240|6|22|1023|1|52.69|4.22|56.91|10.00|5.27|42.15|5.27|5.27|10.00|
2450897|64229|15923|5490182|1798736|2543|2799966|3|28|1023|1|28.56|2.28|30.84|10.00|2.86|22.85|2.86|2.86|10.00|
2451097|14002|9019|1416943|1741967|4248|5318247|7|13|1024|3|75.92|6.07|81.99|10.00|7.59|60.74|7.59|7.59|10.00|
2451293|34454|1974|221425|514982|468|4583761|3|35|1024|8|14.48|1.16|15.64|10.00|1.45|11.58|1.45|1.45|10.00|
2451414|49498|10583|11912916|670712|2122|3889942|9|15|1025|1|62.23|4.98|67.21|10.00|6.22|49.78|6.22|6.22|10.00|
2451500|67333|17361|11975818|184256|3004|3319661|6|14|1025|1|28.43|2.27|30.70|10.00|2.84|22.74|2.84|2.84|10.00|
2451126|81216|592|2889364|1027751|5097|4049950|2|32|1026|8|27.84|2.23|30.07|10.00|2.78|22.27|2.78|2.78|10.00|
2451061|79440|9537|5904550|342664|1873|5763040|7|31|1026|2|92.63|7.41|100.04|10.00|9.26|74.10|9.26|9.26|10.00|
2450868|5904|3011|10055903|1062593|2307|5250906|7|2|1027|4|40.47|3.24|43.71|10.00|4.05|32.38|4.05|4.05|10.00|
2451379|43511|16412|5251275|1792884|257|921803|5|22|1027|10|19.40|1.55|20.95|10.00|1.94|15.52|1.94|1.94|10.00|
2451460|3915|2525|1073766|163554|7189|1384368|6|17|1028|4|9.66|0.77|10.43|10.00|0.97|7.73|0.97|0.97|10.00|
2451358|61379|1655|1689606|892947|5887|1918381|7|13|1028|10|98.87|7.91|106.78|10.00|9.89|79.10|9.89|9.89|10.00|
2450928|72132|17351|10832451|1748786|3752|1264214|9|20|1029|7|86.91|6.95|93.86|10.00|8.69|69.53|8.69|8.69|10.00|
2451238|52025|7071|4096960|141157|1645|1383305|10|9|1029|8|20.27|1.62|21.89|10.00|2.03|16.22|2.03|2.03|10.00|
2451530|81689|16020|8469279|456126|7034|905885|8|12|1030|4|55.38|4.43|59.81|10.00|5.54|44.30|5.54|5.54|10.00|
2451004|2698|1478|1298748|1500697|2689|4703780|3|34|1030|6|71.76|5.74|77.50|10.00|7.18|57.41|7.18|7.18|10.00|
2451530|12266|3638|11296112|1054756|3968|4850597|11|34|1031|1|28.28|2.26|30.54|10.00|2.83|22.62|2.83|2.83|10.00|
2451347|41216|15005|5943634|503907|4058|2971912|11|1|1031|6|41.49|3.32|44.81|10.00|4.15|33.19|4.15|4.15|10.00|
2451493|606|12386|754615|1070188|6715|882763|5|23|1032|8|13.06|1.04|14.10|10.00|1.31|10.45|1.31|1.31|10.00|
2451243|8000|1236|4698346|593369|5615|1063450|3|26|1032|4|86.03|6.88|92.91|10.00|8.60|68.82|8.60|8.60|10.00|
2450869|40168|7889|2783450|195075|5014|495764|12|6|1033|4|12.09|0.97|13.06|10.00|1.21|9.67|1.21|1.21|10.00|
2451121|26080|5424|619273|892519|453|2812195|7|19|1033|10|31.79|2.54|34.33|10.00|3.18|25.43|3.18|3.18|10.00|
2451052|74506|7523|5819242|117798|2127|4546745|6|32|1034|1|30.11|2.41|32.52|10.00|3.01|24.09|3.01|3.01|10.00|
2451232|4983|1983|11733719|1216027|5802|101227|4|22|1034|3|83.62|6.69|90.31|10.00|8.36|66.90|8.36|8.36|10.00|
2451244|41827|1486|2452458|668076|651|2899779|12|33|1035|5|25.60|2.05|27.65|10.00|2.56|20.48|2.56|2.56|10.00|
2450937|71886|15449|5692241|1603736|1233|4961301|8|17|1035|3|32.27|2.58|34.85|10.00|3.23|25.82|3.23|3.23|10.00|
2451331|61355|8731|260531|1750318|455|2007604|2|13|1036|3|60.62|4.85|65.47|10.00|6.06|48.50|6.06|6.06|10.00|
2451108|7450|16973|1784475|387066|1235|3889168|2|2|1036|6|92.19|7.38|99.57|10.00|9.22|73.75|9.22|9.22|10.00|
2451389|37170|4647|10117119|502063|5975|796639|12|10|1037|3|84.58|6.77|91.35|10.00|8.46|67.66|8.46|8.46|10.00|
2451454|59662|6119|3512657|767638|3589|5054239|5|27|1037|9|83.55|6.68|90.23|10.00|8.36|66.84|8.36|8.36|10.00|
2451075|75380|8482|5299858|1046610|563|5184517|1|32|1038|10|8.19|0.66|8.85|10.00|0.82|6.55|0.82|0.82|10.00|
2451414|37467|8016|8819040|960701|3188|5210922|8|4|1038|7|20.93|1.67|22.60|10.00|2.09|16.74|2.09|2.09|10.00|
2451529|35218|8854|1651397|300206|5247|3469412|10|24|1039|10|31.78|2.54|34.32|10.00|3.18|25.42|3.18|3.18|10.00|
2450863|7776|6841|2928598|1141791|6158|2093599|4|12|1039|6|38.80|3.10|41.90|10.00|3.88|31.04|3.88|3.88|10.00|
2451247|84164|1101|8363093|952622|2587|3444237|9|22|1040|2|1.80|0.14|1.94|10.00|0.18|1.44|0.18|0.18|10.00|
2451263|40083|3959|4057522|658045|7068|5745066|7|31|1040|2|33.24|2.66|35.90|10.00|3.32|26.59|3.32|3.32|10.00|
2451147|63387|16237|7350644|285597|6266|4546478|12|18|1041|3|70.59|5.65|76.24|10.00|7.06|56.47|7.06|7.06|10.00|
2451368|79921|6100|8863596|1452364|5420|5475415|1|6|1041|3|41.21|3.30|44.51|10.00|4.12|32.97|4.12|4.12|10.00|
2451370|17521|41|3370624|333470|2609|3287500|5|1|1042|1|76.67|6.13|82.80|10.00|7.67|61.34|7.67|7.67|10.00|
2451542|86171|15316|7645894|356732|2314|324122|8|1|1042|5|72.83|5.83|78.66|10.00|7.28|58.26|7.28|7.28|10.00|
2450961|60907|6503|6075571|222774|3465|4408374|9|3|1043|1|15.40|1.23|16.63|10.00|1.54|12.32|1.54|1.54|10.00|
2450953|32631|742|9386091|1836204|2883|3600053|7|17|1043|10|48.82|3.91|52.73|10.00|4.88|39.06|4.88|4.88|10.00|
2451181|20437|4066|1097460|1659692|5028|4301035|10|25|1044|7|55.04|4.40|59.44|10.00|5.50|44.03|5.50|5.50|10.00|
2450874|80930|839|3689282|303122|399|4980252|2|10|1044|5|30.18|2.41|32.59|10.00|3.02|24.14|3.02|3.02|10.00|
2451319|70355|347|10419391|1475068|7073|1679937|12|11|1045|9|53.14|4.25|57.39|10.00|5.31|42.51|5.31|5.31|10.00|
2451521|64589|822|9532206|999773|1678|4419273|8|8|1045|6|43.78|3.50|47.28|10.00|4.38|35.02|4.38|4.38|10.00|
2450964|41019|6683|10377786|997983|2584|4052640|3|25|1046|7|66.91|5.35|72.26|10.00|6.69|53.53|6.69|6.69|10.00|
2451334|44400|10242|8970746|156730|5858|1504998|9|34|1046|8|92.17|7.37|99.54|10.00|9.22|73.74|9.22|9.22|10.00|
2451439|61486|1091|5353048|653996|5716|1559246|5|2|1047|7|94.80|7.58|102.38|10.00|9.48|75.84|9.48|9.48|10.00|
2451339|54095|6174|5925166|1513921|3808|1718746|2|3|1047|7|46.52|3.72|50.24|10.00|4.65|37.22|4.65|4.65|10.00|
2451181|61411|13981|8801370|1306097|354|1193620|8|4|1048|5|52.83|4.23|57.06|10.00|5.28|42.26|5.28|5.28|10.00|
2451509|36188|705|1055776|204500|5126|966133|5|20|1048|2|77.22|6.18|83.40|10.00|7.72|61.78|7.72|7.72|10.00|
2451106|30126|13635|11417941|253935|3543|1715955|12|19|1049|5|20.50|1.64|22.14|10.00|2.05|16.40|2.05|2.05|10.00|
2451240|49518|12927|184051|1020015|3466|3032410|2|27|1049|9|97.07|7.77|104.84|10.00|9.71|77.66|9.71|9.71|10.00|
2451204|19600|5514|1551001|493887|5878|1632650|9|13|1050|7|50.25|4.02|54.27|10.00|5.03|40.20|5.03|5.03|10.00|
2451416|26624|14415|2014817|1118595|6067|2229801|1|30|1050|1|15.28|1.22|16.50|10.00|1.53|12.22|1.53|1.53|10.00|
2451421|81860|6392|3362970|407597|5401|188656|6|9|1051|4|67.73|5.42|73.15|10.00|6.77|54.18|6.77|6.77|10.00|
2450930|43453|16960|1109202|597231|2249|701012|12|16|1051|6|68.33|5.47|73.80|10.00|6.83|54.66|6.83|6.83|10.00|
2450821|36942|9748|4648965|1542324|3652|4985420|7|11|1052|7|88.59|7.09|95.68|10.00|8.86|70.87|8.86|8.86|10.00|
2451143|18492|15473|9954485|533171|2172|3543851|9|2|1052|3|66.77|5.34|72.11|10.00|6.68|53.42|6.68|6.68|10.00|
2451494|24144|12781|4442402|1669578|4137|1254018|5|27|1053|5|97.98|7.84|105.82|10.00|9.80|78.38|9.80|9.80|10.00|
2451095|10238|17920|8307482|383469|1003|5364858|3|2|1053|3|60.25|4.82|65.07|10.00|6.03|48.20|6.03|6.03|10.00|
2451174|61580|8250|2804412|987752|383|604880|1|24|1054|7|93.64|7.49|101.13|10.00|9.36|74.91|9.36|9.36|10.00|
2450990|63487|17805|10523266|667662|4915|5227019|7|4|1054|2|42.99|3.44|46.43|10.00|4.30|34.39|4.30|4.30|10.00|
2450925|16341|11645|1617825|1206085|62|1652831|4|7|1055|4|2.54|0.20|2.74|10.00|0.25|2.03|0.25|0.25|10.00|
2450819|4711|10428|7735732|1525651|1746|4880929|2|19|1055|4|71.47|5.72|77.19|10.00|7.15|57.18|7.15|7.15|10.00|
2451480|73809|13756|2584614|1132908|4673|1200366|12|14|1056|5|95.20|7.62|102.82|10.00|9.52|76.16|9.52|9.52|10.00|
2451331|49299|14415|9180713|28337|5560|1036898|10|5|1056|4|57.32|4.59|61.91|10.00|5.73|45.86|5.73|5.73|10.00|
2450993|83524|17135|2884777|864874|7066|3740884|10|19|1057|10|28.16|2.25|30.41|10.00|2.82|22.53|2.82|2.82|10.00|
2451190|36570|13225|7975163|28756|5227|1136872|10|19|1057|10|85.28|6.82|92.10|10.00|8.53|68.22|8.53|8.53|10.00|
2451053|59696|933|30776|1562350|1403|4815044|2|34|1058|3|73.44|5.88|79.32|10.00|7.34|58.75|7.34|7.34|10.00|
2451454|41714|14538|7913251|751877|5890|5619173|1|6|1058|9|31.84|2.55|34.39|10.00|3.18|25.47|3.18|3.18|10.00|
2451360|82374|9424|4679426|829555|3395|5223221|11|5|1059|6|88.89|7.11|96.00|10.00|8.89|71.11|8.89|8.89|10.00|
2450911|41949|17405|9551475|1703584|2676|4285200|8|21|1059|1|25.22|2.02|27.24|10.00|2.52|20.18|2.52|2.52|10.00|
2451497|81271|10090|3890561|778781|4811|782659|3|27|1060|6|5.51|0.44|5.95|10.00|0.55|4.41|0.55|0.55|10.00|
2451522|32324|2253|9192074|439909|2782|58920|10|22|1060|1|12.78|1.02|13.80|10.00|1.28|10.22|1.28|1.28|10.00|
2450823|46537|5818|1641958|1184709|4149|5833729|11|7|1061|6|37.91|3.03|40.94|10.00|3.79|30.33|3.79|3.79|10.00|
2451401|59920|2142|3673249|1551477|1861|1088622|2|12|1061|7|37.00|2.96|39.96|10.00|3.70|29.60|3.70|3.70|10.00|
2451352|42613|9121|5874050|1788792|2728|2122760|11|5|1062|2|3.54|0.28|3.82|10.00|0.35|2.83|0.35|0.35|10.00|
2451284|27314|4145|8483706|1384136|6051|2675938|1|32|1062|1|68.63|5.49|74.12|10.00|6.86|54.90|6.86|6.86|10.00|
2450857|52176|13798|8418306|60449|6754|1060748|7|22|1063|8|31.77|2.54|34.31|10.00|3.18|25.42|3.18|3.18|10.00|
2451162|44548|14823|7766309|334587|5433|3332377|8|17|1063|7|88.08|7.05|95.13|10.00|8.81|70.46|8.81|8.81|10.00|
2451037|65615|8485|7070851|61984|1926|3081643|5|23|1064|9|48.23|3.86|52.09|10.00|4.82|38.58|4.82|4.82|10.00|
2451511|47384|17577|11810774|899267|5974|1566455|5|25|1064|3|41.54|3.32|44.86|10.00|4.15|33.23|4.15|4.15|10.00|
2451220|38543|9039|126634|240721|5502|5028512|3|7|1065|6|4.78|0.38|5.16|10.00|0.48|3.82|0.48|0.48|10.00|
2450817|25908|5240|4361118|229699|2955|2884299|8|35|1065|8|22.90|1.83|24.73|10.00|2.29|18.32|2.29|2.29|10.00|
2450876|41901|6210|81671|402873|1431|2178062|9|33|1066|6|47.00|3.76|50.76|10.00|4.70|37.60|4.70|4.70|10.00|
2451314|12905|827|4864753|767686|1774|452871|6|28|1066|2|49.80|3.98|53.78|10.00|4.98|39.84|4.98|4.98|10.00|
2451392|77195|7429|466291|120260|6777|2051516|4|9|1067|7|76.27|6.10|82.37|10.00|7.63|61.02|7.63|7.63|10.00|
2450906|54105|5797|10145026|786731|5936|3168461|9|33|1067|9|10.49|0.84|11.33|10.00|1.05|8.39|1.05|1.05|10.00|
2451145|27912|16529|877029|787287|731|4841506|10|21|1068|4|71.71|5.74|77.45|10.00|7.17|57.37|7.17|7.17|10.00|
2451093|60690|2559|1296861|1211002|4764|5306012|8|28|1068|3|44.06|3.52|47.58|10.00|4.41|35.25|4.41|4.41|10.00|
2451033|82171|10660|6956682|57349|7066|540386|5|3|1069|1|97.40|7.79|105.19|10.00|9.74|77.92|9.74|9.74|10.00|
2451232|8449|17758|5184588|1737676|5606|1006146|11|26|1069|7|73.96|5.92|79.88|10.00|7.40|59.17|7.40|7.40|10.00|
2451211|14429|13583|10300998|1050588|6888|259530|11|27|1070|6|64.91|5.19|70.10|10.00|6.49|51.93|6.49|6.49|10.00|
2451143|9611|14107|3149063|962298|6165|5606533|11|21|1070|9|22.88|1.83|24.71|10.00|2.29|18.30|2.29|2.29|10.00|
2450833|5590|12797|6487322|1735514|4267|2229844|2|32|1071|1|89.93|7.19|97.12|10.00|8.99|71.94|8.99|8.99|10.00|
2450888|37108|9371|10579033|758887|6339|1649973|2|9|1071|3|36.60|2.93|39.53|10.00|3.66|29.28|3.66|3.66|10.00|
2451368|46578|7433|6242007|793991|2065|699318|5|31|1072|8|41.98|3.36|45.34|10.00|4.20|33.58|4.20|4.20|10.00|
2451040|18778|9377|3089919|196205|1814|3710722|11|16|1072|2|10.70|0.86|11.56|10.00|1.07|8.56|1.07|1.07|10.00|
2451266|32987|2367|744524|755742|1936|3773972|12|7|1073|4|16.85|1.35|18.20|10.00|1.69|13.48|1.69|1.69|10.00|
2451488|1936|12829|3501521|1237163|5621|5822700|3|31|1073|5|95.36|7.63|102.99|10.00|9.54|76.29|9.54|9.54|10.00|
2450894|76292|8026|7159862|1603615|4000|5585828|2|23|1074|8|11.27|0.90|12.17|10.00|1.13|9.02|1.13|1.13|10.00|
2451506|82018|12456|4060214|1419851|4482|2150083|9|35|1074|10|18.78|1.50|20.28|10.00|1.88|15.02|1.88|1.88|10.00|
2451309|63538|11542|1099698|1702512|495|1593878|3|29|1075|7|46.66|3.73|50.39|10.00|4.67|37.33|4.67|4.67|10.00|
2451079|26509|3977|7824965|1883929|2005|2436478|7|4|1075|9|48.41|3.87|52.28|10.00|4.84|38.73|4.84|4.84|10.00|
2451523|56391|16862|10088021|959033|5244|74429|8|27|1076|9|64.25|5.14|69.39|10.00|6.43|51.40|6.43|6.43|10.00|
2450822|24173|16757|3478452|1912829|3594|2361488|12|3|1076|5|21.59|1.73|23.32|10.00|2.16|17.27|2.16|2.16|10.00|
2451307|27176|15793|9461092|328134|3624|1437065|3|5|1077|5|52.76|4.22|56.98|10.00|5.28|42.21|5.28|5.28|10.00|
2451115|65941|11999|10424654|136378|175|4005603|11|8|1077|7|85.70|6.86|92.56|10.00|8.57|68.56|8.57|8.57|10.00|
2450851|3694|5170|4191531|226666|504|1743661|9|28|1078|1|97.13|7.77|104.90|10.00|9.71|77.70|9.71|9.71|10.00|
2451517|45950|4751|10739292|1735254|5762|2936144|5|22|1078|10|85.63|6.85|92.48|10.00|8.56|68.50|8.56|8.56|10.00|
2451176|53477|4810|9182380|1578231|1347|1651558|5|4|1079|6|42.20|3.38|45.58|10.00|4.22|33.76|4.22|4.22|10.00|
2451112|69476|11447|4651719|1605216|2496|2401822|2|9|1079|6|56.97|4.56|61.53|10.00|5.70|45.58|5.70|5.70|10.00|
2451290|85437|4680|8964781|476285|3517|3764013|12|23|1080|4|23.85|1.91|25.76|10.00|2.39|19.08|2.39|2.39|10.00|
2451098|53706|8876|2502028|1559039|2607|3801344|6|34|1080|5|36.27|2.90|39.17|10.00|3.63|29.02|3.63|3.63|10.00|
2451531|78658|7652|6449402|1269883|1694|4207419|2|6|1081|9|11.32|0.91|12.23|10.00|1.13|9.06|1.13|1.13|10.00|
2450919|27106|15217|9726599|1227787|4684|682451|11|12|1081|4|87.62|7.01|94.63|10.00|8.76|70.10|8.76|8.76|10.00|
2450990|69503|14070|7744645|1297102|4416|865178|5|17|1082|3|77.55|6.20|83.75|10.00|7.75|62.04|7.75|7.75|10.00|
2451392|79697|6327|1523229|1901575|3600|860238|1|34|1082|1|98.50|7.88|106.38|10.00|9.85|78.80|9.85|9.85|10.00|
2451088|7668|15422|11857628|1409313|1431|2201321|12|23|1083|10|70.51|5.64|76.15|10.00|7.05|56.41|7.05|7.05|10.00|
2451195|82821|17020|2046076|1300352|4628|609297|10|24|1083|3|39.23|3.14|42.37|10.00|3.92|31.38|3.92|3.92|10.00|
2451422|10904|694|257238|1426388|1626|3646660|11|16|1084|3|94.00|7.52|101.52|10.00|9.40|75.20|9.40|9.40|10.00|
2451431|64490|3598|8043990|929604|4458|4818800|3|12|1084|9|62.54|5.00|67.54|10.00|6.25|50.03|6.25|6.25|10.00|
2451081|79134|9011|5498385|1613547|201|457148|8|33|1085|5|85.86|6.87|92.73|10.00|8.59|68.69|8.59|8.59|10.00|
2451003|4251|12750|7931232|1021257|3356|2309654|5|31|1085|7|44.95|3.60|48.55|10.00|4.50|35.96|4.50|4.50|10.00|
2451317|12464|17474|6962087|1811589|5841|4317059|5|32|1086|5|99.32|7.95|107.27|10.00|9.93|79.46|9.93|9.93|10.00|
2451180|5445|3441|6974374|1893651|4791|4325405|3|4|1086|8|70.99|5.68|76.67|10.00|7.10|56.79|7.10|7.10|10.00|
2451527|83102|12016|3418783|1021839|1763|5667584|3|5|1087|7|81.33|6.51|87.84|10.00|8.13|65.06|8.13|8.13|10.00|
2450947|29372|15356|6014567|501568|979|4887942|12|15|1087|5|37.63|3.01|40.64|10.00|3.76|30.10|3.76|3.76|10.00|
2450980|48268|10916|1769882|1911131|4837|742657|9|17|1088|8|89.89|7.19|97.08|10.00|8.99|71.91|8.99|8.99|10.00|
2451007|56051|15171|2360582|883046|1242|515202|12|6|1088|4|84.90|6.79|91.69|10.00|8.49|67.92|8.49|8.49|10.00|
2450839|83794|15485|3133466|1065630|473|5742255|12|16|1089|8|43.23|3.46|46.69|10.00|4.32|34.58|4.32|4.32|10.00|
2451315|65543|4393|10577437|847385|2660|2810957|12|29|1089|2|36.28|2.90|39.18|10.00|3.63|29.02|3.63|3.63|10.00|
2451518|11807|11116|11657890|992500|6440|4397616|3|16|1090|5|0.03|0.00|0.03|10.00|0.00|0.02|0.00|0.00|10.00|
2451055|42394|837|8345033|485058|5322|4462044|5|18|1090|9|87.31|6.98|94.29|10.00|8.73|69.85|8.73|8.73|10.00|
2451034|74820|4512|11496262|1190919|2397|999095|10|27|1091|8|22.54|1.80|24.34|10.00|2.25|18.03|2.25|2.25|10.00|
2451143|38387|15744|9054963|942395|5903|5266328|2|24|1091|2|18.29|1.46|19.75|10.00|1.83|14.63|1.83|1.83|10.00|
2450821|6542|6131|5498232|573399|3944|3271465|5|14|1092|7|20.86|1.67|22.53|10.00|2.09|16.69|2.09|2.09|10.00|
2451487|61735|11912|1712812|606604|34|2919573|6|25|1092|6|9.74|0.78|10.52|10.00|0.97|7.79|0.97|0.97|10.00|
2451048|67657|5822|10538116|1727735|1479|5421688|1|31|1093|4|73.24|5.86|79.10|10.00|7.32|58.59|7.32|7.32|10.00|
2450816|76043|2914|9595948|821980|2568|734841|3|25|1093|8|60.05|4.80|64.85|10.00|6.00|48.04|6.00|6.00|10.00|
2451330|27699|17596|5456342|540429|5680|4941058|5|9|1094|1|54.30|4.34|58.64|10.00|5.43|43.44|5.43|5.43|10.00|
2450929|57577|3759|748812|146159|1024|5192978|10|34|1094|8|95.47|7.64|103.11|10.00|9.55|76.38|9.55|9.55|10.00|
2451388|49655|2807|3233257|314035|83|3077956|6|11|1095|5|65.11|5.21|70.32|10.00|6.51|52.09|6.51|6.51|10.00|
2451126|63029|6464|1246143|581849|1464|760105|3|20|1095|6|93.87|7.51|101.38|10.00|9.39|75.10|9.39|9.39|10.00|
2450949|48047|10601|2587719|1268207|6778|394313|8|20|1096|8|72.54|5.80|78.34|10.00|7.25|58.03|7.25|7.25|10.00|
2450872|37595|11697|8930549|192072|716|5078259|3|1|1096|10|15.89|1.27|17.16|10.00|1.59|12.71|1.59|1.59|10.00|
2451074|1282|6091|4349708|303310|2202|2972358|7|15|1097|7|30.50|2.44|32.94|10.00|3.05|24.40|3.05|3.05|10.00|
2451542|18580|17444|4330183|1450331|758|5890483|6|32|1097|3|84.04|6.72|90.76|10.00|8.40|67.23|8.40|8.40|10.00|
2451142|22075|9624|7124519|452160|4011|960979|1|26|1098|1|9.34|0.75|10.09|10.00|0.93|7.47|0.93|0.93|10.00|
2450897|3575|498|7252584|677807|3598|2484975|9|34|1098|9|26.33|2.11|28.44|10.00|2.63|21.06|2.63|2.63|10.00|
2451519|14919|11756|11338699|1733927|2047|2825987|12|33|1099|7|53.77|4.30|58.07|10.00|5.38|43.02|5.38|5.38|10.00|
2450936|74443|4162|1311094|1167368|1834|4999820|10|8|1099|5|40.50|3.24|43.74|10.00|4.05|32.40|4.05|4.05|10.00|
2451108|37164|16195|1608558|1408470|5366|5872682|7|6|1100|4|87.08|6.97|94.05|10.00|8.71|69.66|8.71|8.71|10.00|
2451035|14151|13743|493825|823775|7096|5047856|1|24|1100|2|62.02|4.96|66.98|10.00|6.20|49.62|6.20|6.20|10.00|
2450911|48218|11920|2290378|410431|2860|2357621|2|17|1101|4|50.24|4.02|54.26|10.00|5.02|40.19|5.02|5.02|10.00|
2450826|85002|16780|11438366|864680|1657|3658348|1|28|1101|7|61.93|4.95|66.88|10.00|6.19|49.54|6.19|6.19|10.00|
2451245|59364|10576|4176678|332612|3626|2556239|12|8|1102|3|9.59|0.77|10.36|10.00|0.96|7.67|0.96|0.96|10.00|
2450892|68568|5065|3662778|126757|5277|3818973|1|26|1102|10|3.55|0.28|3.83|10.00|0.35|2.84|0.35|0.35|10.00|
2451388|7650|10511|6252631|391621|61|4373894|3|27|1103|2|19.69|1.58|21.27|10.00|1.97|15.75|1.97|1.97|10.00|
2450935|49903|8906|7379140|1073956|4914|2506725|4|35|1103|2|24.81|1.98|26.79|10.00|2.48|19.85|2.48|2.48|10.00|
2450819|84539|4662|1011677|376236|2885|4031844|1|15|1104|9|36.71|2.94|39.65|10.00|3.67|29.37|3.67|3.67|10.00|
2451131|7191|8102|2095120|230458|5905|2058238|2|16|1104|3|18.51|1.48|19.99|10.00|1.85|14.81|1.85|1.85|10.00|
2450942|63240|14475|3047128|469924|6199|555627|5|35|1105|8|19.85|1.59|21.44|10.00|1.99|15.88|1.99|1.99|10.00|
2451133|47886|8101|3341526|467209|6584|4985343|3|15|1105|8|64.86|5.19|70.05|10.00|6.49|51.89|6.49|6.49|10.00|
2451340|39212|17144|3850470|533192|1622|4198000|10|35|1106|3|10.07|0.81|10.88|10.00|1.01|8.06|1.01|1.01|10.00|
2451102|24904|7870|3318358|182219|5768|557816|2|1|1106|6|83.20|6.66|89.86|10.00|8.32|66.56|8.32|8.32|10.00|
2451000|18183|15558|276900|1140025|3821|5857239|8|12|1107|3|66.06|5.28|71.34|10.00|6.61|52.85|6.61|6.61|10.00|
2451329|34506|13781|4866320|1432636|1031|3432948|10|21|1107|3|62.81|5.02|67.83|10.00|6.28|50.25|6.28|6.28|10.00|
2451483|24880|10011|1600771|1717333|5182|2059900|2|13|1108|3|44.35|3.55|47.90|10.00|4.44|35.48|4.44|4.44|10.00|
2451052|24497|13843|10179836|944716|6838|254218|10|30|1108|4|36.11|2.89|39.00|10.00|3.61|28.89|3.61|3.61|10.00|
2451232|54881|17887|11994223|790276|1409|946773|6|17|1109|4|74.06|5.92|79.98|10.00|7.41|59.25|7.41|7.41|10.00|
2450821|81222|9214|1924857|481179|6611|4023054|5|25|1109|10|28.99|2.32|31.31|10.00|2.90|23.19|2.90|2.90|10.00|
2451451|37090|6839|6958855|448009|5322|3703643|11|33|1110|4|97.48|7.80|105.28|10.00|9.75|77.98|9.75|9.75|10.00|
2451481|47568|11865|4442080|134753|3261|4958693|5|5|1110|8|75.92|6.07|81.99|10.00|7.59|60.74|7.59|7.59|10.00|
2451525|29987|10989|432020|504747|1717|5138432|2|16|1111|9|54.29|4.34|58.63|10.00|5.43|43.43|5.43|5.43|10.00|
2450923|38622|12843|11856952|1158281|2445|5089812|4|28|1111|6|93.53|7.48|101.01|10.00|9.35|74.82|9.35|9.35|10.00|
2451110|24893|7606|3995124|1398970|1852|5126607|2|15|1112|5|1.97|0.16|2.13|10.00|0.20|1.58|0.20|0.20|10.00|
2451458|10412|14788|5660053|160093|4923|1402784|3|26|1112|9|52.46|4.20|56.66|10.00|5.25|41.97|5.25|5.25|10.00|
2451345|85962|5155|9170099|1036557|2485|2848570|11|23|1113|6|80.51|6.44|86.95|10.00|8.05|64.41|8.05|8.05|10.00|
2450992|66473|10295|9816924|179094|4512|5505482|7|11|1113|5|80.63|6.45|87.08|10.00|8.06|64.50|8.06|8.06|10.00|
2451179|77098|3837|362654|1062541|1083|5339754|6|23|1114|3|92.64|7.41|100.05|10.00|9.26|74.11|9.26|9.26|10.00|
2451020|25329|3706|3437481|449007|1866|2455902|8|11|1114|4|31.97|2.56|34.53|10.00|3.20|25.58|3.20|3.20|10.00|
2451106|55663|2428|7784602|675080|6755|1838200|9|9|1115|2|33.75|2.70|36.45|10.00|3.38|27.00|3.38|3.38|10.00|
2451043|45194|15115|8431529|576409|4436|2960292|12|14|1115|2|12.16|0.97|13.13|10.00|1.22|9.73|1.22|1.22|10.00|
2451478|46529|6520|9017765|175048|1485|1291280|5|14|1116|3|42.44|3.40|45.84|10.00|4.24|33.95|4.24|4.24|10.00|
2450820|15318|1399|6785080|492929|1262|4045299|4|26|1116|4|75.24|6.02|81.26|10.00|7.52|60.19|7.52|7.52|10.00|
2451306|38594|159|9479448|65430|3931|5061336|6|33|1117|1|88.28|7.06|95.34|10.00|8.83|70.62|8.83|8.83|10.00|
2451491|60356|15249|10290359|793095|5802|661029|12|6|1117|7|75.46|6.04|81.50|10.00|7.55|60.37|7.55|7.55|10.00|
2451450|13529|5740|11806578|1352979|2012|196795|7|6|1118|1|88.25|7.06|95.31|10.00|8.83|70.60|8.83|8.83|10.00|
2451207|28401|17600|11735643|326512|583|5841468|10|33|1118|8|85.48|6.84|92.32|10.00|8.55|68.38|8.55|8.55|10.00|
2451412|80611|8787|1947708|1135912|760|3695736|9|26|1119|8|15.99|1.28|17.27|10.00|1.60|12.79|1.60|1.60|10.00|
2450844|63881|800|11439515|524922|1568|1647472|2|11|1119|5|38.09|3.05|41.14|10.00|3.81|30.47|3.81|3.81|10.00|
2451424|37605|12060|7311118|434060|618|4914631|4|25|1120|3|21.30|1.70|23.00|10.00|2.13|17.04|2.13|2.13|10.00|
2451163|84944|10217|9552839|415721|6557|72018|2|15|1120|10|19.75|1.58|21.33|10.00|1.98|15.80|1.98|1.98|10.00|
2450961|12712|4517|786082|679084|1122|3911357|5|33|1121|8|72.27|5.78|78.05|10.00|7.23|57.82|7.23|7.23|10.00|
2450900|9427|12980|2834709|185920|6239|3304021|9|6|1121|5|28.07|2.25|30.32|10.00|2.81|22.46|2.81|2.81|10.00|
2451322|22287|11253|1823388|484413|6248|1807538|9|18|1122|8|99.13|7.93|107.06|10.00|9.91|79.30|9.91|9.91|10.00|
2451384|10754|6254|780130|1778850|1259|4361029|12|25|1122|6|26.78|2.14|28.92|10.00|2.68|21.42|2.68|2.68|10.00|
2451205|17742|10203|11586291|523557|1136|736456|11|34|1123|2|8.96|0.72|9.68|10.00|0.90|7.17|0.90|0.90|10.00|
2451149|37806|16440|6203716|905033|717|4244137|1|17|1123|4|89.09|7.13|96.22|10.00|8.91|71.27|8.91|8.91|10.00|
2451346|45757|13669|11015241|192661|5733|800061|1|30|1124|5|2.78|0.22|3.00|10.00|0.28|2.22|0.28|0.28|10.00|
2451303|64712|9208|10621086|1637049|4573|5510111|1|23|1124|10|35.63|2.85|38.48|10.00|3.56|28.50|3.56|3.56|10.00|
2451369|44702|13322|3415056|1042228|4022|2092939|11|21|1125|3|32.30|2.58|34.88|10.00|3.23|25.84|3.23|3.23|10.00|
2451212|37302|1454|6399312|1471793|7018|5582320|7|32|1125|10|86.05|6.88|92.93|10.00|8.61|68.84|8.61|8.61|10.00|
2451190|59809|14057|10390487|1156380|4531|2468995|9|6|1126|5|7.78|0.62|8.40|10.00|0.78|6.22|0.78|0.78|10.00|
2451070|75687|15226|11956354|1299062|5308|3992725|1|24|1126|3|35.54|2.84|38.38|10.00|3.55|28.43|3.55|3.55|10.00|
2451058|2458|16250|1072662|1770815|3222|1892616|3|20|1127|3|10.66|0.85|11.51|10.00|1.07|8.53|1.07|1.07|10.00|
2451460|38651|632|4241872|1426395|439|1056318|6|13|1127|8|72.31|5.78|78.09|10.00|7.23|57.85|7.23|7.23|10.00|
2451005|28988|1810|8207740|973187|6184|5136354|10|28|1128|8|74.42|5.95|80.37|10.00|7.44|59.54|7.44|7.44|10.00|
2451099|81919|14115|8874856|1504000|3471|5682067|5|26|1128|10|4.11|0.33|4.44|10.00|0.41|3.29|0.41|0.41|10.00|
2450918|19656|799|1137817|1870430|2837|5258558|2|20|1129|8|22.97|1.84|24.81|10.00|2.30|18.38|2.30|2.30|10.00|
2451431|12840|9042|1160096|334264|1372|3446572|2|5|1129|9|71.70|5.74|77.44|10.00|7.17|57.36|7.17|7.17|10.00|
2451386|73718|15314|6031170|1068094|4085|4534757|2|22|1130|6|54.09|4.33|58.42|10.00|5.41|43.27|5.41|5.41|10.00|
2451255|54484|17252|2800862|226906|5922|1368903|2|10|1130|7|71.14|5.69|76.83|10.00|7.11|56.91|7.11|7.11|10.00|
2451168|54811|2413|8601686|277125|2633|790410|4|15|1131|1|36.45|2.92|39.37|10.00|3.65|29.16|3.65|3.65|10.00|
2451253|53741|11246|944500|978749|5905|134436|1|8|1131|6|47.50|3.80|51.30|10.00|4.75|38.00|4.75|4.75|10.00|
2451156|85986|2540|83512|110326|6126|4267681|11|29|1132|1|39.08|3.13|42.21|10.00|3.91|31.26|3.91|3.91|10.00|
2451107|40968|9808|1278258|1125105|3516|2626131|12|22|1132|8|46.74|3.74|50.48|10.00|4.67|37.39|4.67|4.67|10.00|
2451350|8023|16719|11997195|374070|260|4072036|3|23|1133|7|44.97|3.60|48.57|10.00|4.50|35.98|4.50|4.50|10.00|
2450871|47719|1589|4053134|744100|2475|5366044|2|13|1133|7|87.28|6.98|94.26|10.00|8.73|69.82|8.73|8.73|10.00|
2451410|70115|576|4156744|823891|1650|2041035|7|1|1134|4|99.80|7.98|107.78|10.00|9.98|79.84|9.98|9.98|10.00|
2451085|57660|13079|7656432|575896|1885|2792302|2|34|1134|4|24.75|1.98|26.73|10.00|2.48|19.80|2.48|2.48|10.00|
2451272|65535|14944|9052565|662809|3907|1144692|10|12|1135|5|18.18|1.45|19.63|10.00|1.82|14.54|1.82|1.82|10.00|
2451060|36523|9216|926368|350818|6033|3017381|1|27|1135|6|84.88|6.79|91.67|10.00|8.49|67.90|8.49|8.49|10.00|
2451080|4903|16531|6013566|334780|817|4818410|1|19|1136|5|79.33|6.35|85.68|10.00|7.93|63.46|7.93|7.93|10.00|
2451029|70052|2458|4659366|398748|1416|2215440|2|18|1136|6|71.04|5.68|76.72|10.00|7.10|56.83|7.10|7.10|10.00|
2450938|52892|7507|2888995|71325|5026|5687686|8|8|1137|10|40.33|3.23|43.56|10.00|4.03|32.26|4.03|4.03|10.00|
2450897|18354|1396|10193112|853777|1125|1364890|5|34|1137|9|34.96|2.80|37.76|10.00|3.50|27.97|3.50|3.50|10.00|
2451052|78660|1330|8716538|1269384|6459|1392135|6|24|1138|8|28.16|2.25|30.41|10.00|2.82|22.53|2.82|2.82|10.00|
2451049|831|12149|5914518|61584|964|4368089|8|11|1138|3|72.17|5.77|77.94|10.00|7.22|57.74|7.22|7.22|10.00|
2451040|77783|4690|211930|871567|2072|2634636|6|32|1139|6|12.48|1.00|13.48|10.00|1.25|9.98|1.25|1.25|10.00|
2450910|37614|5169|8603315|1190621|5802|3383139|2|25|1139|8|78.53|6.28|84.81|10.00|7.85|62.82|7.85|7.85|10.00|
2451244|51221|6950|3807651|1326706|3042|1776102|12|2|1140|7|24.44|1.96|26.40|10.00|2.44|19.55|2.44|2.44|10.00|
2451056|24537|536|6545747|1543108|420|5104030|9|13|1140|5|25.27|2.02|27.29|10.00|2.53|20.22|2.53|2.53|10.00|
2450976|38106|16989|8134296|204361|856|1755311|12|13|1141|9|12.43|0.99|13.42|10.00|1.24|9.94|1.24|1.24|10.00|
2451111|35831|8936|9416287|195146|4924|1686717|10|12|1141|5|35.90|2.87|38.77|10.00|3.59|28.72|3.59|3.59|10.00|
2451541|67711|7309|11796302|203029|4619|5142027|1|7|1142|9|62.13|4.97|67.10|10.00|6.21|49.70|6.21|6.21|10.00|
2450962|58719|2506|6945701|1259537|2807|1763552|7|22|1142|1|79.32|6.35|85.67|10.00|7.93|63.46|7.93|7.93|10.00|
2451451|44189|10445|2587916|1506017|1942|1349880|12|17|1143|10|85.89|6.87|92.76|10.00|8.59|68.71|8.59|8.59|10.00|
2450982|17302|12500|6087563|451730|1029|2619872|6|13|1143|2|5.76|0.46|6.22|10.00|0.58|4.61|0.58|0.58|10.00|
2451364|59896|16663|9170376|1710234|4264|4295123|4|27|1144|2|54.64|4.37|59.01|10.00|5.46|43.71|5.46|5.46|10.00|
2451168|61788|17137|2591121|305792|4659|2503381|4|12|1144|3|21.28|1.70|22.98|10.00|2.13|17.02|2.13|2.13|10.00|
2451023|48286|13781|4002272|925379|1763|857204|2|5|1145|2|7.76|0.62|8.38|10.00|0.78|6.21|0.78|0.78|10.00|
2450832|21893|11017|6095389|227375|1760|2093497|8|32|1145|4|74.50|5.96|80.46|10.00|7.45|59.60|7.45|7.45|10.00|
2451076|58311|10994|8056829|180395|3344|1024091|3|29|1146|8|21.69|1.74|23.43|10.00|2.17|17.35|2.17|2.17|10.00|
2451411|2843|3467|3562614|265421|6875|4886887|10|14|1146|9|90.60|7.25|97.85|10.00|9.06|72.48|9.06|9.06|10.00|
2451364|22430|9656|5060166|1159053|6252|549226|2|27|1147|5|48.06|3.84|51.90|10.00|4.81|38.45|4.81|4.81|10.00|
2451325|41526|4308|6193065|166751|3535|464838|8|32|1147|3|11.30|0.90|12.20|10.00|1.13|9.04|1.13|1.13|10.00|
2451036|54497|10166|10240930|239998|1344|1600869|7|29|1148|9|33.30|2.66|35.96|10.00|3.33|26.64|3.33|3.33|10.00|
2451015|23140|2298|1563929|1294478|6687|4996963|6|6|1148|9|36.56|2.92|39.48|10.00|3.66|29.25|3.66|3.66|10.00|
2451062|11393|10443|6344443|1903972|2834|5164123|9|23|1149|8|33.07|2.65|35.72|10.00|3.31|26.46|3.31|3.31|10.00|
2451406|64554|1694|6649266|401691|1320|3333783|8|27|1149|4|1.83|0.15|1.98|10.00|0.18|1.46|0.18|0.18|10.00|
2451520|56976|9455|1879079|568295|1695|2011675|6|6|1150|4|31.16|2.49|33.65|10.00|3.12|24.93|3.12|3.12|10.00|
2451352|24768|3186|4985354|632338|6924|514807|1|22|1150|7|84.80|6.78|91.58|10.00|8.48|67.84|8.48|8.48|10.00|
2451477|47766|16008|2542322|392129|5932|4584595|9|10|1151|5|78.77|6.30|85.07|10.00|7.88|63.02|7.88|7.88|10.00|
2451460|69990|16290|832982|1379856|1539|471579|9|4|1151|8|23.30|1.86|25.16|10.00|2.33|18.64|2.33|2.33|10.00|
2451101|46745|3841|9152467|594699|812|4559074|3|15|1152|7|73.28|5.86|79.14|10.00|7.33|58.62|7.33|7.33|10.00|
2451374|53966|9761|7711296|870224|6407|3548947|4|30|1152|1|14.17|1.13|15.30|10.00|1.42|11.34|1.42|1.42|10.00|
2451114|32177|11817|11953722|1345083|3177|3606557|8|17|1153|10|82.88|6.63|89.51|10.00|8.29|66.30|8.29|8.29|10.00|
2451015|40101|11417|9759417|1556968|3291|4875873|5|9|1153|3|79.74|6.38|86.12|10.00|7.97|63.79|7.97|7.97|10.00|
2451308|31465|16601|1321764|1855143|4556|3317913|7|10|1154|5|36.66|2.93|39.59|10.00|3.67|29.33|3.67|3.67|10.00|
2451426|35007|4693|4509829|1074276|3487|3473839|2|9|1154|6|64.41|5.15|69.56|10.00|6.44|51.53|6.44|6.44|10.00|
2451314|13566|1621|7426259|882536|2914|16356|1|11|1155|5|29.98|2.40|32.38|10.00|3.00|23.98|3.00|3.00|10.00|
2451217|74699|12769|6486931|43242|5272|3538145|2|30|1155|6|83.27|6.66|89.93|10.00|8.33|66.62|8.33|8.33|10.00|
2451002|84956|15346|9522148|1491187|3621|5248830|1|18|1156|3|33.13|2.65|35.78|10.00|3.31|26.50|3.31|3.31|10.00|
2451450|32386|7738|2882320|201474|1036|2535184|11|19|1156|4|59.64|4.77|64.41|10.00|5.96|47.71|5.96|5.96|10.00|
2450981|43818|6218|3531452|428422|4419|3231860|11|5|1157|8|85.06|6.80|91.86|10.00|8.51|68.05|8.51|8.51|10.00|
2451027|70994|240|1057081|1909717|3432|3054500|5|34|1157|5|39.65|3.17|42.82|10.00|3.96|31.72|3.96|3.96|10.00|
2451478|81549|4817|10997844|991500|122|1212949|9|3|1158|4|73.82|5.91|79.73|10.00|7.38|59.06|7.38|7.38|10.00|
2451075|33143|2317|10044907|1676056|1437|4859273|3|35|1158|9|32.68|2.61|35.29|10.00|3.27|26.14|3.27|3.27|10.00|
2450863|72610|15610|7743016|1581285|5777|1426817|12|19|1159|3|78.25|6.26|84.51|10.00|7.83|62.60|7.83|7.83|10.00|
2451239|70468|5804|3433391|832965|3597|1155872|8|15|1159|1|74.77|5.98|80.75|10.00|7.48|59.82|7.48|7.48|10.00|
2451113|43373|10892|7626455|1772245|530|191907|5|31|1160|5|26.06|2.08|28.14|10.00|2.61|20.85|2.61|2.61|10.00|
2450949|5156|16235|3708120|755140|2170|1841328|8|6|1160|2|28.58|2.29|30.87|10.00|2.86|22.86|2.86|2.86|10.00|
2450829|26778|1364|8963207|184103|1752|2062142|6|17|1161|8|81.72|6.54|88.26|10.00|8.17|65.38|8.17|8.17|10.00|
2451024|10371|4497|10265749|988298|4900|5029368|11|34|1161|8|51.30|4.10|55.40|10.00|5.13|41.04|5.13|5.13|10.00|
2451252|61245|15620|10494181|362061|6371|503019|4|15|1162|4|28.80|2.30|31.10|10.00|2.88|23.04|2.88|2.88|10.00|
2450996|69953|364|1533630|586971|4887|5435334|9|8|1162|4|75.46|6.04|81.50|10.00|7.55|60.37|7.55|7.55|10.00|
2451135|11123|10495|792600|1639975|6705|3220089|8|17|1163|7|89.14|7.13|96.27|10.00|8.91|71.31|8.91|8.91|10.00|
2451510|11962|10624|3265587|814725|3087|3279687|2|17|1163|10|66.69|5.34|72.03|10.00|6.67|53.35|6.67|6.67|10.00|
2451300|50515|16562|8236743|974036|6746|1189257|11|6|1164|9|33.48|2.68|36.16|10.00|3.35|26.78|3.35|3.35|10.00|
2450871|41923|15423|7743656|1008980|518|4529642|4|17|1164|10|5.35|0.43|5.78|10.00|0.54|4.28|0.54|0.54|10.00|
2451406|64129|13507|6968314|1429094|5371|3921864|6|24|1165|5|22.02|1.76|23.78|10.00|2.20|17.62|2.20|2.20|10.00|
2451300|66370|12842|11516239|781622|583|4881720|11|13|1165|2|54.66|4.37|59.03|10.00|5.47|43.73|5.47|5.47|10.00|
2450898|84023|11322|2650373|911299|3022|253958|12|33|1166|8|46.04|3.68|49.72|10.00|4.60|36.83|4.60|4.60|10.00|
2451486|27019|17539|568954|819425|1434|371309|11|30|1166|4|51.88|4.15|56.03|10.00|5.19|41.50|5.19|5.19|10.00|
2451282|85802|653|7733359|655476|7001|3047887|9|11|1167|2|21.70|1.74|23.44|10.00|2.17|17.36|2.17|2.17|10.00|
2451139|75933|135|8171657|1405411|1356|4827706|4|24|1167|6|58.06|4.64|62.70|10.00|5.81|46.45|5.81|5.81|10.00|
2451093|4163|14561|4036680|1317813|355|5726476|5|19|1168|1|50.59|4.05|54.64|10.00|5.06|40.47|5.06|5.06|10.00|
2451123|54069|4879|10486170|1742201|3355|164610|9|8|1168|10|32.36|2.59|34.95|10.00|3.24|25.89|3.24|3.24|10.00|
2451271|5971|8068|2610119|801098|5920|3964698|2|33|1169|2|88.51|7.08|95.59|10.00|8.85|70.81|8.85|8.85|10.00|
2450957|79737|10931|1727520|1873308|4080|307028|1|31|1169|8|51.79|4.14|55.93|10.00|5.18|41.43|5.18|5.18|10.00|
2451251|54722|14503|5469358|1065729|6222|2697363|5|35|1170|2|37.86|3.03|40.89|10.00|3.79|30.29|3.79|3.79|10.00|
2451154|35127|11063|8999746|707613|4722|3860248|7|14|1170|10|97.98|7.84|105.82|10.00|9.80|78.38|9.80|9.80|10.00|
2451034|57741|10692|6743772|647413|6662|5952769|5|35|1171|1|20.91|1.67|22.58|10.00|2.09|16.73|2.09|2.09|10.00|
2451097|27954|7225|10617480|216391|882|3368026|1|33|1171|10|97.77|7.82|105.59|10.00|9.78|78.22|9.78|9.78|10.00|
2451120|31716|585|3189008|82272|5832|3684119|10|12|1172|10|65.26|5.22|70.48|10.00|6.53|52.21|6.53|6.53|10.00|
2451128|57563|1168|11408039|1854733|240|3740787|10|30|1172|3|38.25|3.06|41.31|10.00|3.83|30.60|3.83|3.83|10.00|
2451543|32386|16863|4432345|378428|3093|1547224|11|4|1173|2|79.87|6.39|86.26|10.00|7.99|63.90|7.99|7.99|10.00|
2451434|70395|2463|33487|1182862|7198|1401182|4|5|1173|10|65.14|5.21|70.35|10.00|6.51|52.11|6.51|6.51|10.00|
2451006|60422|11344|6431187|1725432|4114|3640642|2|35|1174|4|21.30|1.70|23.00|10.00|2.13|17.04|2.13|2.13|10.00|
2450836|3439|2754|11894675|1100766|4290|5890358|2|19|1174|1|74.37|5.95|80.32|10.00|7.44|59.50|7.44|7.44|10.00|
2450884|58820|3213|4965994|1154718|5359|5093021|4|29|1175|5|50.38|4.03|54.41|10.00|5.04|40.30|5.04|5.04|10.00|
2451285|78794|14402|1526607|1168082|5811|4395672|8|29|1175|3|74.03|5.92|79.95|10.00|7.40|59.22|7.40|7.40|10.00|
2450985|13806|4627|11987984|1146850|4365|2960996|1|5|1176|8|89.20|7.14|96.34|10.00|8.92|71.36|8.92|8.92|10.00|
2450976|63724|140|10182051|1721826|942|4090444|7|20|1176|2|94.40|7.55|101.95|10.00|9.44|75.52|9.44|9.44|10.00|
2451488|83132|3873|10951335|19410|6209|1166770|2|21|1177|2|30.70|2.46|33.16|10.00|3.07|24.56|3.07|3.07|10.00|
2451222|20957|8348|8077670|1556645|5354|2262389|2|12|1177|7|18.35|1.47|19.82|10.00|1.84|14.68|1.84|1.84|10.00|
2451381|76507|11990|3794568|1368673|3512|2032767|3|23|1178|7|35.42|2.83|38.25|10.00|3.54|28.34|3.54|3.54|10.00|
2451497|36196|1018|7130581|1291832|6944|2827581|3|16|1178|8|7.24|0.58|7.82|10.00|0.72|5.79|0.72|0.72|10.00|
2451491|76610|5416|8842876|1400642|2911|102548|9|16|1179|6|53.69|4.30|57.99|10.00|5.37|42.95|5.37|5.37|10.00|
2451459|46443|9374|8767242|1638754|631|704469|5|27|1179|9|30.52|2.44|32.96|10.00|3.05|24.42|3.05|3.05|10.00|
2451400|21127|13377|10943469|1602202|3676|339433|5|35|1180|2|6.04|0.48|6.52|10.00|0.60|4.83|0.60|0.60|10.00|
2451014|5410|3542|4714971|1377350|5792|4368920|2|9|1180|5|33.30|2.66|35.96|10.00|3.33|26.64|3.33|3.33|10.00|
2450944|28978|17454|4418772|1663227|4744|2102248|12|4|1181|4|78.13|6.25|84.38|10.00|7.81|62.50|7.81|7.81|10.00|
2451419|18352|17316|5496073|1755261|1425|1679413|2|17|1181|9|37.73|3.02|40.75|10.00|3.77|30.18|3.77|3.77|10.00|
2450955|23480|316|6054373|595257|4361|5890155|9|22|1182|6|72.07|5.77|77.84|10.00|7.21|57.66|7.21|7.21|10.00|
2451102|9737|848|9753395|352421|1156|2511661|4|6|1182|10|93.91|7.51|101.42|10.00|9.39|75.13|9.39|9.39|10.00|
2451496|4266|17912|7817490|1451178|2856|4684397|11|25|1183|5|85.97|6.88|92.85|10.00|8.60|68.78|8.60|8.60|10.00|
2451244|62450|722|6419207|1526917|4231|1491437|3|26|1183|5|73.56|5.88|79.44|10.00|7.36|58.85|7.36|7.36|10.00|
2451174|8785|9529|2179772|426698|7174|2021068|1|28|1184|9|10.90|0.87|11.77|10.00|1.09|8.72|1.09|1.09|10.00|
2450995|10863|15642|637601|1108370|3280|4063890|5|3|1184|5|76.21|6.10|82.31|10.00|7.62|60.97|7.62|7.62|10.00|
2451451|49129|127|6519231|619819|5879|1886367|7|2|1185|3|17.42|1.39|18.81|10.00|1.74|13.94|1.74|1.74|10.00|
2451486|39248|15178|1870309|1589420|3759|3856127|3|20|1185|1|35.49|2.84|38.33|10.00|3.55|28.39|3.55|3.55|10.00|
2451121|64776|12405|3311067|1010440|3871|600446|1|30|1186|1|41.63|3.33|44.96|10.00|4.16|33.30|4.16|4.16|10.00|
2451169|59485|15595|8506124|1483209|5654|5640561|3|16|1186|9|44.01|3.52|47.53|10.00|4.40|35.21|4.40|4.40|10.00|
2450894|27487|10434|11290093|447748|271|4174550|1|4|1187|10|2.80|0.22|3.02|10.00|0.28|2.24|0.28|0.28|10.00|
2451476|17493|8043|3569802|1431028|6229|2748746|11|13|1187|1|90.18|7.21|97.39|10.00|9.02|72.14|9.02|9.02|10.00|
2450896|27231|4838|1078046|974543|923|4253121|5|19|1188|5|4.70|0.38|5.08|10.00|0.47|3.76|0.47|0.47|10.00|
2451242|30329|11629|2137280|1826154|1287|3680651|4|7|1188|3|95.62|7.65|103.27|10.00|9.56|76.50|9.56|9.56|10.00|
2450948|40060|10550|7593038|811745|472|732910|9|34|1189|7|8.51|0.68|9.19|10.00|0.85|6.81|0.85|0.85|10.00|
2451400|76841|11807|7952629|346550|3883|3412612|1|35|1189|4|3.11|0.25|3.36|10.00|0.31|2.49|0.31|0.31|10.00|
2451313|72089|1799|1270517|863571|1600|4178183|10|34|1190|4|56.41|4.51|60.92|10.00|5.64|45.13|5.64|5.64|10.00|
2451412|32159|4596|10475958|1114966|2485|574907|10|29|1190|5|73.72|5.90|79.62|10.00|7.37|58.98|7.37|7.37|10.00|
2451407|14957|7795|575920|1771568|3500|995564|10|31|1191|4|5.19|0.42|5.61|10.00|0.52|4.15|0.52|0.52|10.00|
2450863|1509|3909|2673873|1402843|6741|2633267|2|23|1191|6|88.54|7.08|95.62|10.00|8.85|70.83|8.85|8.85|10.00|
2451399|8246|2630|10108054|444924|2749|5002259|6|14|1192|2|29.28|2.34|31.62|10.00|2.93|23.42|2.93|2.93|10.00|
2451240|10969|4331|1518383|1208898|3906|4682637|5|16|1192|8|9.04|0.72|9.76|10.00|0.90|7.23|0.90|0.90|10.00|
2450909|68297|12120|10263033|67109|1269|643365|10|10|1193|3|23.73|1.90|25.63|10.00|2.37|18.98|2.37|2.37|10.00|
2451173|24590|260|11813119|613922|5229|2175220|4|24|1193|7|84.50|6.76|91.26|10.00|8.45|67.60|8.45|8.45|10.00|
2450909|73876|5794|9534844|1047703|6592|4839371|7|14|1194|2|68.89|5.51|74.40|10.00|6.89|55.11|6.89|6.89|10.00|
2450916|5960|5933|8538515|1038359|1215|5332370|11|32|1194|9|2.43|0.19|2.62|10.00|0.24|1.94|0.24|0.24|10.00|
2450905|30365|16437|3355842|111395|2277|1841406|7|20|1195|3|52.91|4.23|57.14|10.00|5.29|42.33|5.29|5.29|10.00|
2451263|84096|8905|5949420|620957|5727|346477|5|30|1195|5|89.94|7.20|97.14|10.00|8.99|71.95|8.99|8.99|10.00|
2451128|79866|2297|1541500|1342667|1593|4656196|2|32|1196|5|1.43|0.11|1.54|10.00|0.14|1.14|0.14|0.14|10.00|
2450984|16959|12613|3644698|1775887|4524|5027638|1|11|1196|1|12.72|1.02|13.74|10.00|1.27|10.18|1.27|1.27|10.00|
2451409|8003|6964|3568169|1059573|701|2572793|6|19|1197|1|77.97|6.24|84.21|10.00|7.80|62.38|7.80|7.80|10.00|
2450850|3162|7864|7469402|280422|6173|2062288|11|30|1197|1|0.43|0.03|0.46|10.00|0.04|0.34|0.04|0.04|10.00|
2451065|84095|3549|11635686|1403189|2316|5190897|6|12|1198|10|47.01|3.76|50.77|10.00|4.70|37.61|4.70|4.70|10.00|
2451092|10865|10289|4460813|1392338|4717|3911330|5|18|1198|7|33.50|2.68|36.18|10.00|3.35|26.80|3.35|3.35|10.00|
2451233|2166|3601|2393160|1440986|362|4634888|7|20|1199|9|74.72|5.98|80.70|10.00|7.47|59.78|7.47|7.47|10.00|
2450880|27822|16955|10714388|746687|3133|420061|3|2|1199|1|25.64|2.05|27.69|10.00|2.56|20.51|2.56|2.56|10.00|
2451259|67928|10763|4436945|1364313|622|31432|2|15|1200|1|5.66|0.45|6.11|10.00|0.57|4.53|0.57|0.57|10.00|
2450818|17423|17390|11496061|11135|4797|1088071|12|17|1200|4|3.82|0.31|4.13|10.00|0.38|3.06|0.38|0.38|10.00|
2451106|48067|1562|4818882|149066|538|1993368|8|11|1201|10|66.70|5.34|72.04|10.00|6.67|53.36|6.67|6.67|10.00|
2450916|39503|14816|10052447|1649005|5556|18443|3|30|1201|4|59.77|4.78|64.55|10.00|5.98|47.82|5.98|5.98|10.00|
2451378|81910|14543|9876474|145317|947|4371588|8|31|1202|6|50.42|4.03|54.45|10.00|5.04|40.34|5.04|5.04|10.00|
2450816|14306|5159|2823173|1428148|6176|150558|12|34|1202|1|27.75|2.22|29.97|10.00|2.78|22.20|2.78|2.78|10.00|
2451426|11396|3448|2366080|768461|6504|104728|10|29|1203|8|67.08|5.37|72.45|10.00|6.71|53.66|6.71|6.71|10.00|
2451003|72923|14437|4200858|955390|6310|5100848|3|28|1203|2|55.60|4.45|60.05|10.00|5.56|44.48|5.56|5.56|10.00|
2451542|83592|14745|1501217|1401806|3245|1837331|8|3|1204|6|94.08|7.53|101.61|10.00|9.41|75.26|9.41|9.41|10.00|
2450876|54245|5439|1391481|1503683|4605|820910|2|9|1204|5|43.61|3.49|47.10|10.00|4.36|34.89|4.36|4.36|10.00|
2451540|11004|595|1374015|714937|4195|418015|8|9|1205|3|47.93|3.83|51.76|10.00|4.79|38.34|4.79|4.79|10.00|
2451094|28868|8814|3505328|1072155|3778|3502122|5|25|1205|10|75.92|6.07|81.99|10.00|7.59|60.74|7.59|7.59|10.00|
2451511|64661|4076|1980625|761838|4109|2020756|9|31|1206|8|71.54|5.72|77.26|10.00|7.15|57.23|7.15|7.15|10.00|
2450836|43967|17070|8435202|1135986|370|2942075|6|15|1206|5|36.32|2.91|39.23|10.00|3.63|29.06|3.63|3.63|10.00|
2451076|16284|12495|5490859|1038943|620|1271801|7|27|1207|9|64.58|5.17|69.75|10.00|6.46|51.66|6.46|6.46|10.00|
2451360|38846|9962|5723756|527535|5956|3432452|8|34|1207|2|9.62|0.77|10.39|10.00|0.96|7.70|0.96|0.96|10.00|
2451274|19176|13288|8307937|1658418|1572|3924326|7|31|1208|5|52.09|4.17|56.26|10.00|5.21|41.67|5.21|5.21|10.00|
2451366|58029|10186|3148523|1454850|714|5755994|2|19|1208|5|13.28|1.06|14.34|10.00|1.33|10.62|1.33|1.33|10.00|
2451102|84910|12233|4201277|1229705|5573|2128601|3|17|1209|10|59.49|4.76|64.25|10.00|5.95|47.59|5.95|5.95|10.00|
2451080|42742|14122|11976533|1298260|1686|1058424|12|19|1209|4|86.88|6.95|93.83|10.00|8.69|69.50|8.69|8.69|10.00|
2451207|78517|1511|821135|1664749|1078|4824157|12|26|1210|3|62.79|5.02|67.81|10.00|6.28|50.23|6.28|6.28|10.00|
2451403|83249|9335|79161|1763524|1727|4431116|10|28|1210|2|97.82|7.83|105.65|10.00|9.78|78.26|9.78|9.78|10.00|
2451368|33707|1520|648403|825472|3402|1554287|4|1|1211|2|61.86|4.95|66.81|10.00|6.19|49.49|6.19|6.19|10.00|
2451122|26675|1100|2970417|1810046|2277|1603805|8|25|1211|3|81.82|6.55|88.37|10.00|8.18|65.46|8.18|8.18|10.00|
2451406|65235|2348|7221703|540212|1074|3345532|11|30|1212|2|43.96|3.52|47.48|10.00|4.40|35.17|4.40|4.40|10.00|
2451271|77890|12904|7831559|1498765|1623|162201|2|28|1212|10|25.22|2.02|27.24|10.00|2.52|20.18|2.52|2.52|10.00|
2450969|55515|7198|9359601|1608788|2218|1218703|10|13|1213|4|9.22|0.74|9.96|10.00|0.92|7.38|0.92|0.92|10.00|
2451429|69710|14067|7376125|627019|3136|1888750|4|31|1213|9|0.17|0.01|0.18|10.00|0.02|0.14|0.02|0.02|10.00|
2450946|5120|3842|8296390|864198|654|4000930|11|6|1214|8|99.83|7.99|107.82|10.00|9.98|79.86|9.98|9.98|10.00|
2451453|2294|13187|3170373|424869|3969|2363557|5|6|1214|7|71.38|5.71|77.09|10.00|7.14|57.10|7.14|7.14|10.00|
2451331|3189|12021|4922952|977074|1241|167301|1|11|1215|7|27.89|2.23|30.12|10.00|2.79|22.31|2.79|2.79|10.00|
2451466|11820|8536|4795917|1125872|3139|4794143|1|35|1215|7|54.23|4.34|58.57|10.00|5.42|43.38|5.42|5.42|10.00|
2451244|18778|11439|10974476|1822851|5622|1891661|4|28|1216|1|78.98|6.32|85.30|10.00|7.90|63.18|7.90|7.90|10.00|
2451035|14070|3706|3161880|863790|6643|2506119|2|17|1216|7|54.46|4.36|58.82|10.00|5.45|43.57|5.45|5.45|10.00|
2451370|22236|8598|3815069|4370|6201|1618818|5|17|1217|7|62.80|5.02|67.82|10.00|6.28|50.24|6.28|6.28|10.00|
2450863|55363|685|384165|951613|2017|2761525|4|16|1217|9|11.26|0.90|12.16|10.00|1.13|9.01|1.13|1.13|10.00|
2451175|70091|6289|9039070|553715|1657|2432505|7|23|1218|5|60.89|4.87|65.76|10.00|6.09|48.71|6.09|6.09|10.00|
2451112|4920|11018|8616902|162072|2799|3176569|6|2|1218|4|51.22|4.10|55.32|10.00|5.12|40.98|5.12|5.12|10.00|
2450959|36374|8232|2339984|688386|1784|1399638|8|1|1219|10|36.00|2.88|38.88|10.00|3.60|28.80|3.60|3.60|10.00|
2451171|47167|8018|10574430|219816|4388|4173357|5|20|1219|6|31.42|2.51|33.93|10.00|3.14|25.14|3.14|3.14|10.00|
2451150|70951|1677|5003134|1076723|2422|2566799|4|14|1220|7|59.24|4.74|63.98|10.00|5.92|47.39|5.92|5.92|10.00|
2451358|79712|11421|3810798|958551|926|5686645|11|30|1220|10|44.78|3.58|48.36|10.00|4.48|35.82|4.48|4.48|10.00|
2450951|46358|7304|9848606|1820577|3018|2713093|9|6|1221|7|50.40|4.03|54.43|10.00|5.04|40.32|5.04|5.04|10.00|
2451364|56399|7450|2266746|324651|1539|5990941|1|26|1221|8|97.24|7.78|105.02|10.00|9.72|77.79|9.72|9.72|10.00|
2450820|72500|17599|7445791|1491339|3063|2973168|1|2|1222|9|17.45|1.40|18.85|10.00|1.75|13.96|1.75|1.75|10.00|
2451529|11126|13866|9059515|116799|3403|5379938|1|21|1222|8|27.61|2.21|29.82|10.00|2.76|22.09|2.76|2.76|10.00|
2451531|85289|17572|11900232|892887|7|3318831|6|24|1223|9|42.34|3.39|45.73|10.00|4.23|33.87|4.23|4.23|10.00|
2451011|40044|6538|370498|676139|5406|3145203|10|18|1223|6|65.42|5.23|70.65|10.00|6.54|52.34|6.54|6.54|10.00|
2451151|84576|10606|11068441|251702|3131|3371335|12|4|1224|1|56.18|4.49|60.67|10.00|5.62|44.94|5.62|5.62|10.00|
2450906|17117|9416|35989|1521701|6379|4728398|2|22|1224|7|32.01|2.56|34.57|10.00|3.20|25.61|3.20|3.20|10.00|
2451296|84455|12327|9864239|1149203|3259|1883340|5|4|1225|1|72.67|5.81|78.48|10.00|7.27|58.14|7.27|7.27|10.00|
2451247|79889|11236|771718|154388|499|4359241|9|16|1225|3|47.70|3.82|51.52|10.00|4.77|38.16|4.77|4.77|10.00|
2451163|27382|3836|3291824|1341115|2158|831434|2|23|1226|3|23.76|1.90|25.66|10.00|2.38|19.01|2.38|2.38|10.00|
2451340|65377|11565|9911454|1474890|2676|798270|4|26|1226|7|5.25|0.42|5.67|10.00|0.53|4.20|0.53|0.53|10.00|
2451276|68027|10291|6859723|739096|5431|4554108|12|27|1227|7|66.89|5.35|72.24|10.00|6.69|53.51|6.69|6.69|10.00|
2451020|85115|15354|11487955|680246|1786|1070477|1|24|1227|8|45.43|3.63|49.06|10.00|4.54|36.34|4.54|4.54|10.00|
2451060|21068|6447|9064928|1334204|116|2484969|6|3|1228|7|69.22|5.54|74.76|10.00|6.92|55.38|6.92|6.92|10.00|
2451259|66877|14870|395984|1854895|429|4854407|7|21|1228|5|37.01|2.96|39.97|10.00|3.70|29.61|3.70|3.70|10.00|
2451433|54500|17294|3845010|1864166|3227|795459|4|14|1229|9|39.12|3.13|42.25|10.00|3.91|31.30|3.91|3.91|10.00|
2451200|66893|6281|6493895|1566491|641|1401155|10|24|1229|9|26.01|2.08|28.09|10.00|2.60|20.81|2.60|2.60|10.00|
2451315|57015|12319|985527|1640697|6676|5986478|6|30|1230|6|48.11|3.85|51.96|10.00|4.81|38.49|4.81|4.81|10.00|
2451300|14389|3064|1362304|1526136|2112|3485669|6|28|1230|3|69.40|5.55|74.95|10.00|6.94|55.52|6.94|6.94|10.00|
2451381|83020|16996|5623988|897427|4860|4948268|9|4|1231|2|19.96|1.60|21.56|10.00|2.00|15.97|2.00|2.00|10.00|
2450868|84401|1579|2900855|1675458|5412|1923520|9|35|1231|5|14.25|1.14|15.39|10.00|1.43|11.40|1.43|1.43|10.00|
2450977|56461|2626|11564838|218751|1891|1114857|5|34|1232|6|0.37|0.03|0.40|10.00|0.04|0.30|0.04|0.04|10.00|
2451336|19726|5768|3940814|1460888|6239|5140514|1|17|1232|6|22.13|1.77|23.90|10.00|2.21|17.70|2.21|2.21|10.00|
2451011|65019|16092|9191973|401930|5509|5948353|3|18|1233|9|92.47|7.40|99.87|10.00|9.25|73.98|9.25|9.25|10.00|
2451079|27989|7093|10693717|1515538|3554|2827742|5|15|1233|8|6.03|0.48|6.51|10.00|0.60|4.82|0.60|0.60|10.00|
2451374|65417|17760|8942495|822058|841|2581803|11|32|1234|8|52.31|4.18|56.49|10.00|5.23|41.85|5.23|5.23|10.00|
2450908|78374|11957|8980379|1200968|7087|2352561|9|23|1234|5|83.23|6.66|89.89|10.00|8.32|66.58|8.32|8.32|10.00|
2451045|58844|6165|11103694|621736|2274|4027331|10|7|1235|2|88.86|7.11|95.97|10.00|8.89|71.09|8.89|8.89|10.00|
2451086|39263|16047|11626767|1565927|1956|3597865|1|31|1235|1|60.99|4.88|65.87|10.00|6.10|48.79|6.10|6.10|10.00|
2451205|39320|11992|6810078|513959|1641|681181|9|20|1236|1|2.85|0.23|3.08|10.00|0.29|2.28|0.29|0.29|10.00|
2451505|51364|963|8088963|673657|6856|3078924|2|7|1236|10|37.16|2.97|40.13|10.00|3.72|29.73|3.72|3.72|10.00|
2451019|23195|12452|10704930|1252866|3300|1323424|5|30|1237|1|83.82|6.71|90.53|10.00|8.38|67.06|8.38|8.38|10.00|
2451054|85715|13376|4164850|387004|3378|1382338|5|22|1237|3|56.30|4.50|60.80|10.00|5.63|45.04|5.63|5.63|10.00|
2451352|53417|7300|4656927|962113|6031|2546259|10|15|1238|7|33.16|2.65|35.81|10.00|3.32|26.53|3.32|3.32|10.00|
2451514|8476|3465|10750953|1217552|6954|2178096|4|9|1238|8|21.25|1.70|22.95|10.00|2.12|17.00|2.12|2.12|10.00|
2451495|65358|17704|9973721|1167664|1504|5927835|6|18|1239|9|26.04|2.08|28.12|10.00|2.60|20.83|2.60|2.60|10.00|
2450973|30926|15819|9428456|1308963|1065|4239582|10|31|1239|2|0.14|0.01|0.15|10.00|0.01|0.11|0.01|0.01|10.00|
2451048|21610|4077|8049380|625040|3488|1941630|8|20|1240|6|48.75|3.90|52.65|10.00|4.88|39.00|4.88|4.88|10.00|
2450828|86358|4383|9350167|606591|5443|3433545|1|33|1240|3|69.73|5.58|75.31|10.00|6.97|55.78|6.97|6.97|10.00|
2450861|50829|11692|1730474|717095|6822|1547410|12|11|1241|6|55.13|4.41|59.54|10.00|5.51|44.10|5.51|5.51|10.00|
2451232|3175|15548|4045301|341641|5319|3134382|11|25|1241|9|22.39|1.79|24.18|10.00|2.24|17.91|2.24|2.24|10.00|
2451523|48118|5688|8812694|1144587|6324|3934819|6|26|1242|1|91.65|7.33|98.98|10.00|9.17|73.32|9.17|9.17|10.00|
2450893|74501|9865|2146498|757770|2975|2909528|5|27|1242|8|11.59|0.93|12.52|10.00|1.16|9.27|1.16|1.16|10.00|
2451081|60785|17532|3596205|214751|1291|4696931|11|6|1243|1|67.14|5.37|72.51|10.00|6.71|53.71|6.71|6.71|10.00|
2451258|14707|5638|634059|294441|3944|3148363|9|23|1243|1|56.29|4.50|60.79|10.00|5.63|45.03|5.63|5.63|10.00|
2451175|10385|5080|11331470|589752|4990|3689910|10|1|1244|4|21.17|1.69|22.86|10.00|2.12|16.94|2.12|2.12|10.00|
2451018|49121|7740|3249640|1005926|454|4739736|3|5|1244|7|91.52|7.32|98.84|10.00|9.15|73.22|9.15|9.15|10.00|
2451464|31442|204|2154075|925478|3033|4926855|3|2|1245|9|8.80|0.70|9.50|10.00|0.88|7.04|0.88|0.88|10.00|
2451205|45693|16821|5698950|941823|1950|1515596|11|4|1245|9|24.96|2.00|26.96|10.00|2.50|19.97|2.50|2.50|10.00|
2450818|21665|13659|2418171|447843|5665|867660|2|3|1246|8|61.82|4.95|66.77|10.00|6.18|49.46|6.18|6.18|10.00|
2451458|35368|12033|399072|856539|3425|5556052|3|3|1246|1|33.64|2.69|36.33|10.00|3.36|26.91|3.36|3.36|10.00|
2450955|85196|1335|4689104|1083343|3725|3032006|7|3|1247|6|91.91|7.35|99.26|10.00|9.19|73.53|9.19|9.19|10.00|
2451303|31177|6687|5577950|1643617|3824|2156524|11|4|1247|7|94.10|7.53|101.63|10.00|9.41|75.28|9.41|9.41|10.00|
2451406|42311|6792|7164176|949815|5504|1004409|6|19|1248|10|95.51|7.64|103.15|10.00|9.55|76.41|9.55|9.55|10.00|
2451385|28173|1117|1918496|838587|2482|3585357|6|19|1248|5|43.50|3.48|46.98|10.00|4.35|34.80|4.35|4.35|10.00|
2451069|27040|14857|9367457|1241670|2028|3946996|12|8|1249|4|17.23|1.38|18.61|10.00|1.72|13.78|1.72|1.72|10.00|
2450972|81056|15318|4622050|938814|3667|662467|1|2|1249|8|53.23|4.26|57.49|10.00|5.32|42.58|5.32|5.32|10.00|
2451539|53355|7330|5297244|1827005|623|817852|5|27|1250|3|6.96|0.56|7.52|10.00|0.70|5.57|0.70|0.70|10.00|
2451289|76352|13803|9321555|1237243|5077|2025328|2|27|1250|3|52.15|4.17|56.32|10.00|5.21|41.72|5.21|5.21|10.00|
2450975|45417|5149|802243|130193|7107|1092841|2|16|1251|10|97.93|7.83|105.76|10.00|9.79|78.34|9.79|9.79|10.00|
2451202|62516|4241|2269309|434676|3936|3012634|2|2|1251|3|64.48|5.16|69.64|10.00|6.45|51.58|6.45|6.45|10.00|
2451014|28875|10832|7267232|866771|6275|4129721|9|1|1252|5|43.77|3.50|47.27|10.00|4.38|35.02|4.38|4.38|10.00|
2451315|43632|11047|275367|317421|5946|135599|4|5|1252|1|76.18|6.09|82.27|10.00|7.62|60.94|7.62|7.62|10.00|
2450916|40959|7633|8096631|1189262|316|2226734|7|16|1253|4|9.61|0.77|10.38|10.00|0.96|7.69|0.96|0.96|10.00|
2451039|24040|12478|8456258|778785|5166|3115153|11|19|1253|1|50.70|4.06|54.76|10.00|5.07|40.56|5.07|5.07|10.00|
2451450|56396|7418|11806883|829388|1236|1746493|2|2|1254|6|48.76|3.90|52.66|10.00|4.88|39.01|4.88|4.88|10.00|
2451111|53704|7366|11032615|851694|406|4286159|3|35|1254|10|14.10|1.13|15.23|10.00|1.41|11.28|1.41|1.41|10.00|
2451362|17433|12485|7874729|847083|5910|3444723|7|10|1255|9|39.92|3.19|43.11|10.00|3.99|31.94|3.99|3.99|10.00|
2451491|46858|4620|1760937|610211|886|3154421|1|12|1255|6|68.33|5.47|73.80|10.00|6.83|54.66|6.83|6.83|10.00|
2451027|64231|6118|2859213|93147|5655|3000737|6|35|1256|1|58.59|4.69|63.28|10.00|5.86|46.87|5.86|5.86|10.00|
2451096|21396|4252|11452636|1352519|3900|4923723|11|19|1256|1|64.02|5.12|69.14|10.00|6.40|51.22|6.40|6.40|10.00|
2450948|12566|10819|11349487|734430|7098|2768756|10|19|1257|4|18.92|1.51|20.43|10.00|1.89|15.14|1.89|1.89|10.00|
2450920|34905|846|11597751|1808382|1860|282969|6|28|1257|10|16.28|1.30|17.58|10.00|1.63|13.02|1.63|1.63|10.00|
2451409|41565|17765|1013013|1175852|4971|2640962|7|1|1258|10|18.09|1.45|19.54|10.00|1.81|14.47|1.81|1.81|10.00|
2451464|60648|16064|1953460|1283200|5065|2408932|10|8|1258|8|45.09|3.61|48.70|10.00|4.51|36.07|4.51|4.51|10.00|
2451046|43215|11293|413355|1537733|1793|3297140|5|27|1259|2|45.11|3.61|48.72|10.00|4.51|36.09|4.51|4.51|10.00|
2450845|80881|16155|11683386|1502183|2680|5492944|4|9|1259|2|31.12|2.49|33.61|10.00|3.11|24.90|3.11|3.11|10.00|
2451070|44339|9887|2111551|459844|148|1658478|9|31|1260|2|31.49|2.52|34.01|10.00|3.15|25.19|3.15|3.15|10.00|
2451093|21140|733|5496923|644101|38|1220955|8|25|1260|5|97.12|7.77|104.89|10.00|9.71|77.70|9.71|9.71|10.00|
2450892|70095|17212|9112071|1360002|4402|3079971|11|4|1261|7|35.02|2.80|37.82|10.00|3.50|28.02|3.50|3.50|10.00|
2451491|16012|9248|6058198|211907|2807|2839848|12|29|1261|7|29.72|2.38|32.10|10.00|2.97|23.78|2.97|2.97|10.00|
2451520|22080|10379|4488442|198776|1060|5380974|9|32|1262|2|21.25|1.70|22.95|10.00|2.12|17.00|2.12|2.12|10.00|
2451301|71566|8936|5863020|1114016|5886|2784367|4|27|1262|6|12.54|1.00|13.54|10.00|1.25|10.03|1.25|1.25|10.00|
2451312|3240|14145|4078740|1868974|5636|5018305|6|22|1263|4|13.00|1.04|14.04|10.00|1.30|10.40|1.30|1.30|10.00|
2451275|31942|9613|7404828|1174833|5419|229994|12|20|1263|9|36.56|2.92|39.48|10.00|3.66|29.25|3.66|3.66|10.00|
2451108|75594|8187|3509252|838797|736|3141813|5|7|1264|6|67.32|5.39|72.71|10.00|6.73|53.86|6.73|6.73|10.00|
2451536|48548|4585|6250622|283325|4539|3591087|9|31|1264|7|34.36|2.75|37.11|10.00|3.44|27.49|3.44|3.44|10.00|
2451083|29700|9500|4265614|1416927|2778|5470148|12|34|1265|5|14.07|1.13|15.20|10.00|1.41|11.26|1.41|1.41|10.00|
2450880|81060|3259|2818534|793234|2722|5424839|12|16|1265|1|1.61|0.13|1.74|10.00|0.16|1.29|0.16|0.16|10.00|
2450979|85925|11543|3160043|1380169|404|3131368|3|21|1266|3|82.31|6.58|88.89|10.00|8.23|65.85|8.23|8.23|10.00|
2450963|19360|5827|11622594|1346149|6391|5490351|12|29|1266|8|56.06|4.48|60.54|10.00|5.61|44.85|5.61|5.61|10.00|
2451200|72818|7504|5032932|715929|5307|667739|4|28|1267|1|71.76|5.74|77.50|10.00|7.18|57.41|7.18|7.18|10.00|
2451212|52295|186|4467873|449999|6|4334479|1|30|1267|9|7.50|0.60|8.10|10.00|0.75|6.00|0.75|0.75|10.00|
2451291|5764|10013|9941996|570404|5527|1898247|5|10|1268|8|29.14|2.33|31.47|10.00|2.91|23.31|2.91|2.91|10.00|
2450898|80137|5604|2065284|1326780|5551|37647|12|2|1268|3|27.43|2.19|29.62|10.00|2.74|21.94|2.74|2.74|10.00|
2450964|40949|8298|5438276|40070|3475|5323762|7|30|1269|7|83.83|6.71|90.54|10.00|8.38|67.06|8.38|8.38|10.00|
2451395|46125|13508|2964368|635244|7127|4261857|8|7|1269|5|48.81|3.90|52.71|10.00|4.88|39.05|4.88|4.88|10.00|
2451221|53268|3400|4569161|1151586|6595|5033068|7|9|1270|1|93.02|7.44|100.46|10.00|9.30|74.42|9.30|9.30|10.00|
2450837|40524|7698|3349309|1014094|2863|4734881|5|7|1270|2|21.54|1.72|23.26|10.00|2.15|17.23|2.15|2.15|10.00|
2451331|7725|17763|4236572|1244570|5064|1400188|7|35|1271|10|59.22|4.74|63.96|10.00|5.92|47.38|5.92|5.92|10.00|
2451208|42536|15712|5308978|978219|4662|2474988|8|16|1271|6|33.29|2.66|35.95|10.00|3.33|26.63|3.33|3.33|10.00|
2451445|49055|3055|3913754|995884|3548|3603974|2|25|1272|1|40.53|3.24|43.77|10.00|4.05|32.42|4.05|4.05|10.00|
2451488|15054|17044|11136391|1577482|1564|5730953|8|25|1272|10|6.34|0.51|6.85|10.00|0.63|5.07|0.63|0.63|10.00|
2451466|82554|6070|6830883|36528|3161|321679|10|19|1273|2|85.45|6.84|92.29|10.00|8.54|68.36|8.54|8.54|10.00|
2451195|22967|2336|2364019|847181|4682|5459439|9|23|1273|4|40.84|3.27|44.11|10.00|4.08|32.67|4.08|4.08|10.00|
2451231|53132|15990|9588127|1759080|1300|2024369|3|10|1274|4|21.15|1.69|22.84|10.00|2.11|16.92|2.11|2.11|10.00|
2451424|23758|686|1603056|1687861|1040|517579|10|33|1274|7|53.11|4.25|57.36|10.00|5.31|42.49|5.31|5.31|10.00|
2451067|71810|17323|3313415|1057406|1738|724844|12|35|1275|9|56.30|4.50|60.80|10.00|5.63|45.04|5.63|5.63|10.00|
2451337|85301|1345|343147|1696297|5177|3040799|11|15|1275|7|93.68|7.49|101.17|10.00|9.37|74.94|9.37|9.37|10.00|
2451439|11979|3654|5057145|1802662|6608|5107113|12|30|1276|8|27.79|2.22|30.01|10.00|2.78|22.23|2.78|2.78|10.00|
2451527|7153|3952|9090529|213469|3357|2561041|10|30|1276|3|63.37|5.07|68.44|10.00|6.34|50.70|6.34|6.34|10.00|
2451185|65096|3053|8418748|1418756|2466|3333367|2|16|1277|9|69.07|5.53|74.60|10.00|6.91|55.26|6.91|6.91|10.00|
2450932|77336|800|8994086|951830|6556|5204513|2|24|1277|7|16.91|1.35|18.26|10.00|1.69|13.53|1.69|1.69|10.00|
2451298|39629|8447|7783427|101042|3351|926415|3|30|1278|3|59.04|4.72|63.76|10.00|5.90|47.23|5.90|5.90|10.00|
2451080|65609|11020|7049374|1013669|2810|1571759|7|8|1278|2|65.95|5.28|71.23|10.00|6.60|52.76|6.60|6.60|10.00|
2450923|75538|7147|5754508|1753343|4900|4605339|7|23|1279|1|17.74|1.42|19.16|10.00|1.77|14.19|1.77|1.77|10.00|
2451102|33379|6117|10846182|1041723|5368|3746564|3|22|1279|8|12.68|1.01|13.69|10.00|1.27|10.14|1.27|1.27|10.00|
2451158|51002|16429|10838839|1876326|127|4380548|5|24|1280|3|41.08|3.29|44.37|10.00|4.11|32.86|4.11|4.11|10.00|
2451031|60366|16806|9361239|1120279|2491|2558344|12|24|1280|8|88.63|7.09|95.72|10.00|8.86|70.90|8.86|8.86|10.00|
2451425|38244|3593|11689144|1225676|6461|5207|2|13|1281|10|55.64|4.45|60.09|10.00|5.56|44.51|5.56|5.56|10.00|
2451364|34897|13546|10430272|143132|5394|5762972|11|11|1281|9|28.12|2.25|30.37|10.00|2.81|22.50|2.81|2.81|10.00|
2450959|34396|15009|3049184|738023|2394|4313958|12|2|1282|7|40.44|3.24|43.68|10.00|4.04|32.35|4.04|4.04|10.00|
2450896|9723|10093|2680829|1529904|2376|3101344|6|33|1282|8|75.64|6.05|81.69|10.00|7.56|60.51|7.56|7.56|10.00|
2451112|53653|14921|11965722|763853|4430|363303|3|21|1283|9|73.81|5.90|79.71|10.00|7.38|59.05|7.38|7.38|10.00|
2450873|70157|7834|468048|1027906|1036|333571|12|17|1283|3|7.35|0.59|7.94|10.00|0.73|5.88|0.73|0.73|10.00|
2451217|33589|7352|3597258|1213191|1839|4939339|11|19|1284|4|47.75|3.82|51.57|10.00|4.78|38.20|4.78|4.78|10.00|
2450923|16955|12689|369267|1598393|2084|712830|1|6|1284|8|23.73|1.90|25.63|10.00|2.37|18.98|2.37|2.37|10.00|
2451482|53083|1487|6595670|1584999|927|5642386|7|29|1285|8|46.52|3.72|50.24|10.00|4.65|37.22|4.65|4.65|10.00|
2450837|63|4464|167127|61795|2771|5009561|9|33|1285|8|66.49|5.32|71.81|10.00|6.65|53.19|6.65|6.65|10.00|
2451002|64628|14932|11597683|964254|1073|1145514|12|12|1286|3|16.79|1.34|18.13|10.00|1.68|13.43|1.68|1.68|10.00|
2451405|72635|6261|6320515|1695613|6298|4907957|2|35|1286|3|13.94|1.12|15.06|10.00|1.39|11.15|1.39|1.39|10.00|
2450902|69567|14762|3624322|765285|2444|4329466|2|25|1287|2|62.58|5.01|67.59|10.00|6.26|50.06|6.26|6.26|10.00|
2451212|74127|7130|4553277|1200282|6442|3704773|5|29|1287|10|7.76|0.62|8.38|10.00|0.78|6.21|0.78|0.78|10.00|
2451173|32696|10326|5995118|498331|6182|922562|9|9|1288|5|86.35|6.91|93.26|10.00|8.63|69.08|8.63|8.63|10.00|
2451245|59256|11709|8628255|1445476|703|3832518|12|33|1288|3|83.97|6.72|90.69|10.00|8.40|67.18|8.40|8.40|10.00|
2451463|20031|11347|8671370|314241|1343|2607187|5|10|1289|8|85.74|6.86|92.60|10.00|8.57|68.59|8.57|8.57|10.00|
2451294|80919|8223|8436899|129697|5667|2199031|5|3|1289|3|51.72|4.14|55.86|10.00|5.17|41.38|5.17|5.17|10.00|
2451149|63410|4845|3030122|1314249|3821|4591275|4|26|1290|1|36.08|2.89|38.97|10.00|3.61|28.86|3.61|3.61|10.00|
2451460|61080|3028|7386943|1901360|19|2778863|9|5|1290|7|73.93|5.91|79.84|10.00|7.39|59.14|7.39|7.39|10.00|
2450909|29826|990|10847104|1184523|4378|4682257|3|1|1291|10|60.65|4.85|65.50|10.00|6.07|48.52|6.07|6.07|10.00|
2450940|46915|17976|4009294|729126|435|4694189|3|30|1291|7|11.03|0.88|11.91|10.00|1.10|8.82|1.10|1.10|10.00|
2451280|51266|11174|5547516|354700|329|5803773|8|22|1292|9|27.55|2.20|29.75|10.00|2.76|22.04|2.76|2.76|10.00|
2451143|51026|13286|3471428|1567999|3531|4990028|8|4|1292|6|22.74|1.82|24.56|10.00|2.27|18.19|2.27|2.27|10.00|
2451037|33445|14214|7022303|1884354|2042|5616034|9|34|1293|5|98.17|7.85|106.02|10.00|9.82|78.54|9.82|9.82|10.00|
2451141|41705|4192|6985187|1919550|4744|5823216|11|12|1293|5|28.63|2.29|30.92|10.00|2.86|22.90|2.86|2.86|10.00|
2451305|20855|5841|2359954|1530351|6628|5915777|4|31|1294|5|46.59|3.73|50.32|10.00|4.66|37.27|4.66|4.66|10.00|
2450903|83590|7780|7597164|253061|4204|3853720|5|21|1294|6|79.15|6.33|85.48|10.00|7.92|63.32|7.92|7.92|10.00|
2451060|36804|2752|11051823|275130|4135|3249528|10|34|1295|8|79.80|6.38|86.18|10.00|7.98|63.84|7.98|7.98|10.00|
2450975|80824|7060|9425394|132467|515|5629731|4|9|1295|1|28.39|2.27|30.66|10.00|2.84|22.71|2.84|2.84|10.00|
2451069|44114|130|8755125|1478727|4479|449791|12|28|1296|6|8.11|0.65|8.76|10.00|0.81|6.49|0.81|0.81|10.00|
2451369|352|15011|1465988|344788|1162|1854674|11|13|1296|9|9.39|0.75|10.14|10.00|0.94|7.51|0.94|0.94|10.00|
2451132|32849|17164|847410|1283490|949|2713604|5|2|1297|6|13.46|1.08|14.54|10.00|1.35|10.77|1.35|1.35|10.00|
2451278|10502|16186|8586547|1222537|1012|5765142|9|27|1297|8|63.71|5.10|68.81|10.00|6.37|50.97|6.37|6.37|10.00|
2451269|80781|5757|4876896|1266858|4465|2396353|11|28|1298|10|9.20|0.74|9.94|10.00|0.92|7.36|0.92|0.92|10.00|
2451010|14236|14262|8677599|1329276|1152|5857939|2|13|1298|3|18.59|1.49|20.08|10.00|1.86|14.87|1.86|1.86|10.00|
2451167|81189|3976|6605634|1348821|4776|1559826|5|12|1299|10|83.39|6.67|90.06|10.00|8.34|66.71|8.34|8.34|10.00|
2450842|10403|6555|1544651|1902120|3291|2195290|9|20|1299|5|20.79|1.66|22.45|10.00|2.08|16.63|2.08|2.08|10.00|
2451238|10081|247|3141849|199416|5859|5529142|7|27|1300|4|63.00|5.04|68.04|10.00|6.30|50.40|6.30|6.30|10.00|
2451110|31303|14684|6628737|768632|3059|3244451|12|27|1300|7|21.64|1.73|23.37|10.00|2.16|17.31|2.16|2.16|10.00|
2450818|81552|2077|6746422|1192454|6091|799084|12|26|1301|9|15.45|1.24|16.69|10.00|1.54|12.36|1.54|1.54|10.00|
2451175|56253|17378|5874476|106728|5448|5962417|8|16|1301|2|70.95|5.68|76.63|10.00|7.10|56.76|7.10|7.10|10.00|
2451151|77813|11008|11959825|90869|1805|730894|9|34|1302|1|66.93|5.35|72.28|10.00|6.69|53.54|6.69|6.69|10.00|
2451518|80585|6402|8780431|143750|5427|4582168|6|25|1302|6|51.62|4.13|55.75|10.00|5.16|41.30|5.16|5.16|10.00|
2450984|66973|403|4014472|846160|3016|2575306|3|24|1303|1|90.87|7.27|98.14|10.00|9.09|72.70|9.09|9.09|10.00|
2451362|62071|4486|10156357|1207510|567|4176755|10|10|1303|7|62.32|4.99|67.31|10.00|6.23|49.86|6.23|6.23|10.00|
2451321|63625|7470|10017989|812492|3548|4260960|2|32|1304|10|56.97|4.56|61.53|10.00|5.70|45.58|5.70|5.70|10.00|
2451364|24253|15472|5765425|1074826|95|2163462|5|4|1304|1|72.34|5.79|78.13|10.00|7.23|57.87|7.23|7.23|10.00|
2451390|15886|1148|11008419|839979|5997|5438790|3|25|1305|1|82.56|6.60|89.16|10.00|8.26|66.05|8.26|8.26|10.00|
2451428|72746|6279|5768072|112433|4616|2535047|11|12|1305|5|47.94|3.84|51.78|10.00|4.79|38.35|4.79|4.79|10.00|
2451149|78690|9387|3212306|220188|3000|464153|10|34|1306|9|59.27|4.74|64.01|10.00|5.93|47.42|5.93|5.93|10.00|
2451438|5300|15448|3418519|1595323|2291|2754458|11|4|1306|3|57.34|4.59|61.93|10.00|5.73|45.87|5.73|5.73|10.00|
2451175|82138|2457|7857135|773837|2727|5677059|2|12|1307|2|12.53|1.00|13.53|10.00|1.25|10.02|1.25|1.25|10.00|
2451474|38690|3184|10838337|234357|2984|5549922|7|5|1307|9|91.73|7.34|99.07|10.00|9.17|73.38|9.17|9.17|10.00|
2451277|43454|3263|4347281|820136|1686|1275859|3|28|1308|10|69.62|5.57|75.19|10.00|6.96|55.70|6.96|6.96|10.00|
2451282|10787|16096|2975876|1889384|439|4251210|7|18|1308|6|6.00|0.48|6.48|10.00|0.60|4.80|0.60|0.60|10.00|
2450928|58703|16746|7776059|578971|6343|4110421|4|18|1309|2|88.77|7.10|95.87|10.00|8.88|71.02|8.88|8.88|10.00|
2451448|37374|13885|8749746|1282964|3108|2325804|3|10|1309|3|42.94|3.44|46.38|10.00|4.29|34.35|4.29|4.29|10.00|
2451377|8191|5759|2778287|1219586|721|5766328|12|21|1310|4|31.58|2.53|34.11|10.00|3.16|25.26|3.16|3.16|10.00|
2451061|53259|17877|2086471|1136074|5445|725735|11|30|1310|4|27.63|2.21|29.84|10.00|2.76|22.10|2.76|2.76|10.00|
2450975|62931|9056|6174862|574172|6806|2734525|8|28|1311|7|58.01|4.64|62.65|10.00|5.80|46.41|5.80|5.80|10.00|
2451074|11569|314|1229118|1218329|5174|41972|1|13|1311|2|74.07|5.93|80.00|10.00|7.41|59.26|7.41|7.41|10.00|
2451053|19378|320|2334199|341578|5627|2337378|1|29|1312|1|28.42|2.27|30.69|10.00|2.84|22.74|2.84|2.84|10.00|
2450859|22973|5515|985694|1545429|5365|5588232|10|9|1312|6|20.59|1.65|22.24|10.00|2.06|16.47|2.06|2.06|10.00|
2451189|59741|16973|8040722|1047714|4015|5084461|10|12|1313|7|26.60|2.13|28.73|10.00|2.66|21.28|2.66|2.66|10.00|
2450850|70671|12991|9682719|1173216|3618|5868042|5|15|1313|8|84.70|6.78|91.48|10.00|8.47|67.76|8.47|8.47|10.00|
2451448|1355|10198|4897635|450230|5215|1015308|7|35|1314|4|46.20|3.70|49.90|10.00|4.62|36.96|4.62|4.62|10.00|
2450857|53618|8967|7504524|731607|2399|4773188|7|4|1314|1|0.39|0.03|0.42|10.00|0.04|0.31|0.04|0.04|10.00|
2451008|74641|5968|5638306|1176450|6679|1909886|11|27|1315|7|30.33|2.43|32.76|10.00|3.03|24.26|3.03|3.03|10.00|
2450858|5248|5648|1464064|1367184|1180|4768427|9|30|1315|3|31.46|2.52|33.98|10.00|3.15|25.17|3.15|3.15|10.00|
2451406|50944|2972|686223|1174064|24|3128205|7|20|1316|7|75.28|6.02|81.30|10.00|7.53|60.22|7.53|7.53|10.00|
2451477|17537|15240|3978779|1479107|6775|2399490|11|21|1316|10|63.90|5.11|69.01|10.00|6.39|51.12|6.39|6.39|10.00|
2451394|16751|11044|4715415|1221685|5884|1386571|4|18|1317|5|89.19|7.14|96.33|10.00|8.92|71.35|8.92|8.92|10.00|
2451148|29943|8113|10658208|1694835|5985|1146940|6|1|1317|5|91.09|7.29|98.38|10.00|9.11|72.87|9.11|9.11|10.00|
2451085|72831|3547|498048|1635675|5010|1525144|1|35|1318|3|16.52|1.32|17.84|10.00|1.65|13.22|1.65|1.65|10.00|
2451060|6498|11812|9157978|1843142|389|4562696|11|2|1318|3|58.41|4.67|63.08|10.00|5.84|46.73|5.84|5.84|10.00|
2451053|56535|9420|104758|1209985|3781|3835877|1|25|1319|8|52.30|4.18|56.48|10.00|5.23|41.84|5.23|5.23|10.00|
2451211|54238|16624|10059945|1370233|6289|1682683|12|22|1319|9|17.96|1.44|19.40|10.00|1.80|14.37|1.80|1.80|10.00|
2451168|19891|10697|10153563|1357559|6182|4843278|11|13|1320|4|28.14|2.25|30.39|10.00|2.81|22.51|2.81|2.81|10.00|
2450923|5506|16767|2288732|586825|4338|4885489|7|24|1320|8|3.93|0.31|4.24|10.00|0.39|3.14|0.39|0.39|10.00|
2451068|65692|16380|1635744|851801|5745|421119|10|27|1321|7|48.35|3.87|52.22|10.00|4.84|38.68|4.84|4.84|10.00|
2450865|73673|7761|7092798|1476662|3209|2419413|10|29|1321|6|60.89|4.87|65.76|10.00|6.09|48.71|6.09|6.09|10.00|
2450974|60405|5572|2451050|510384|2283|3180766|12|5|1322|7|50.79|4.06|54.85|10.00|5.08|40.63|5.08|5.08|10.00|
2451520|954|17511|9112278|1607032|4938|2711597|12|7|1322|2|28.55|2.28|30.83|10.00|2.86|22.84|2.86|2.86|10.00|
2451309|25650|13365|6551869|1749594|1852|5368594|2|4|1323|8|33.12|2.65|35.77|10.00|3.31|26.50|3.31|3.31|10.00|
2450871|66900|10845|1853320|1867455|6605|5815661|4|27|1323|4|11.03|0.88|11.91|10.00|1.10|8.82|1.10|1.10|10.00|
2450975|21128|12113|7925527|1674935|4728|3809665|9|33|1324|9|6.67|0.53|7.20|10.00|0.67|5.34|0.67|0.67|10.00|
2450973|2690|13865|1375276|1343341|3862|5431599|2|18|1324|1|11.54|0.92|12.46|10.00|1.15|9.23|1.15|1.15|10.00|
2451406|20592|10134|608667|1733218|1289|3651527|7|16|1325|8|38.13|3.05|41.18|10.00|3.81|30.50|3.81|3.81|10.00|
2450856|8645|12177|4169596|1030970|4533|4283335|12|16|1325|6|9.54|0.76|10.30|10.00|0.95|7.63|0.95|0.95|10.00|
2450935|83191|8980|4455807|1465103|4583|4716336|6|11|1326|1|80.22|6.42|86.64|10.00|8.02|64.18|8.02|8.02|10.00|
2451397|48646|4032|8656804|678836|5893|5545425|2|28|1326|7|76.00|6.08|82.08|10.00|7.60|60.80|7.60|7.60|10.00|
2450892|51662|5404|483203|1040894|5837|3437031|4|25|1327|4|96.26|7.70|103.96|10.00|9.63|77.01|9.63|9.63|10.00|
2450889|47185|17062|1581560|1918885|247|4918455|11|1|1327|6|96.82|7.75|104.57|10.00|9.68|77.46|9.68|9.68|10.00|
2450948|24716|13500|11166436|696662|5001|3344633|8|8|1328|7|80.10|6.41|86.51|10.00|8.01|64.08|8.01|8.01|10.00|
2451183|54739|6406|8287177|875882|1900|1303604|8|28|1328|8|69.24|5.54|74.78|10.00|6.92|55.39|6.92|6.92|10.00|
2450845|65924|2016|5376629|1884868|4998|3618764|1|3|1329|9|96.46|7.72|104.18|10.00|9.65|77.17|9.65|9.65|10.00|
2451383|4062|9161|7920050|305530|3952|1022686|7|35|1329|8|90.46|7.24|97.70|10.00|9.05|72.37|9.05|9.05|10.00|
2451011|66852|6889|4471370|1074493|436|2652832|7|28|1330|2|91.88|7.35|99.23|10.00|9.19|73.50|9.19|9.19|10.00|
2451158|7961|1575|11623535|99147|5165|3822569|8|30|1330|7|5.93|0.47|6.40|10.00|0.59|4.74|0.59|0.59|10.00|
2451379|52665|1519|8011261|620734|676|3384447|9|16|1331|7|4.64|0.37|5.01|10.00|0.46|3.71|0.46|0.46|10.00|
2451311|52989|12031|1349006|369347|4869|5044766|3|35|1331|1|30.87|2.47|33.34|10.00|3.09|24.70|3.09|3.09|10.00|
2451248|35642|13074|5214895|604506|1337|5239852|4|29|1332|10|35.65|2.85|38.50|10.00|3.56|28.52|3.56|3.56|10.00|
2451232|9996|6134|1255668|1614778|758|3712732|11|4|1332|10|90.45|7.24|97.69|10.00|9.04|72.36|9.04|9.04|10.00|
2451245|2187|14317|9429885|782967|6294|3904181|5|5|1333|10|82.76|6.62|89.38|10.00|8.28|66.21|8.28|8.28|10.00|
2451349|2090|3025|2187188|699658|2735|5560404|5|20|1333|6|25.99|2.08|28.07|10.00|2.60|20.79|2.60|2.60|10.00|
2451016|24276|10154|4489310|931613|2972|3685928|3|33|1334|4|7.55|0.60|8.15|10.00|0.76|6.04|0.76|0.76|10.00|
2451391|12335|8093|4942374|17974|2163|5280204|3|19|1334|10|97.37|7.79|105.16|10.00|9.74|77.90|9.74|9.74|10.00|
2451038|72730|5793|6979629|591581|6397|4728995|1|14|1335|8|56.82|4.55|61.37|10.00|5.68|45.46|5.68|5.68|10.00|
2451349|28993|16988|8143258|400256|2783|5401381|7|31|1335|1|52.35|4.19|56.54|10.00|5.24|41.88|5.24|5.24|10.00|
2450909|33034|2851|1913745|1536556|552|9328|7|19|1336|8|22.97|1.84|24.81|10.00|2.30|18.38|2.30|2.30|10.00|
2451375|80926|2017|11441832|97963|4704|3527004|3|14|1336|4|17.52|1.40|18.92|10.00|1.75|14.02|1.75|1.75|10.00|
2450954|70553|7546|5429237|1441435|5087|5179762|12|14|1337|1|50.48|4.04|54.52|10.00|5.05|40.38|5.05|5.05|10.00|
2450831|84513|8642|4025032|1008886|5466|632787|7|31|1337|6|11.60|0.93|12.53|10.00|1.16|9.28|1.16|1.16|10.00|
2451408|61105|15666|9862145|743963|3282|1762639|12|1|1338|8|69.17|5.53|74.70|10.00|6.92|55.34|6.92|6.92|10.00|
2450840|42169|9933|8786715|1320991|1903|4958532|12|29|1338|2|76.28|6.10|82.38|10.00|7.63|61.02|7.63|7.63|10.00|
2451506|65805|9356|4445815|238139|5119|708327|5|35|1339|8|68.91|5.51|74.42|10.00|6.89|55.13|6.89|6.89|10.00|
2451472|85009|5244|3469215|992902|682|2565660|2|26|1339|5|16.46|1.32|17.78|10.00|1.65|13.17|1.65|1.65|10.00|
2451308|55154|2328|2829173|614369|121|3559156|10|25|1340|5|17.54|1.40|18.94|10.00|1.75|14.03|1.75|1.75|10.00|
2451111|44895|2195|2063942|509958|6286|3746863|4|9|1340|6|28.16|2.25|30.41|10.00|2.82|22.53|2.82|2.82|10.00|
2451150|24589|3618|372924|1108946|878|2488980|10|27|1341|2|73.83|5.91|79.74|10.00|7.38|59.06|7.38|7.38|10.00|
2451471|40650|4740|7230705|584514|5692|4365837|1|27|1341|7|2.67|0.21|2.88|10.00|0.27|2.14|0.27|0.27|10.00|
2451162|73069|17792|7848323|718852|355|524172|9|22|1342|2|37.62|3.01|40.63|10.00|3.76|30.10|3.76|3.76|10.00|
2451275|31808|2107|5993478|1014000|3141|700927|12|32|1342|4|58.48|4.68|63.16|10.00|5.85|46.78|5.85|5.85|10.00|
2450907|65368|2530|2091566|1328969|2476|1347293|3|11|1343|8|50.66|4.05|54.71|10.00|5.07|40.53|5.07|5.07|10.00|
2451249|33607|14947|4686372|1232570|4504|1213411|3|17|1343|6|60.91|4.87|65.78|10.00|6.09|48.73|6.09|6.09|10.00|
2450912|86134|1671|9243207|1690405|6253|5758497|5|17|1344|6|48.78|3.90|52.68|10.00|4.88|39.02|4.88|4.88|10.00|
2450818|28884|4177|4942888|1226448|3619|2314944|7|28|1344|6|34.13|2.73|36.86|10.00|3.41|27.30|3.41|3.41|10.00|
2451323|46138|7010|7653102|1332044|5462|239590|12|3|1345|5|28.70|2.30|31.00|10.00|2.87|22.96|2.87|2.87|10.00|
2451118|5345|7359|6050678|791728|752|2163867|9|26|1345|9|68.99|5.52|74.51|10.00|6.90|55.19|6.90|6.90|10.00|
2451344|30039|1082|5361585|1732167|2487|1976482|8|8|1346|10|96.13|7.69|103.82|10.00|9.61|76.90|9.61|9.61|10.00|
2451074|25502|6271|5224308|1157348|5484|3377333|10|35|1346|5|94.09|7.53|101.62|10.00|9.41|75.27|9.41|9.41|10.00|
2451495|32803|12880|1064754|475179|240|4086723|7|21|1347|4|85.56|6.84|92.40|10.00|8.56|68.45|8.56|8.56|10.00|
2451007|26225|14835|4727692|497740|1888|1848991|5|12|1347|6|30.93|2.47|33.40|10.00|3.09|24.74|3.09|3.09|10.00|
2450988|11625|15490|5550500|1542846|6347|1750668|4|1|1348|3|29.87|2.39|32.26|10.00|2.99|23.90|2.99|2.99|10.00|
2451014|25319|4197|5053707|1647599|4915|2385915|9|15|1348|5|99.25|7.94|107.19|10.00|9.93|79.40|9.93|9.93|10.00|
2451255|59231|5530|11665116|1503961|2550|4754342|6|2|1349|9|75.81|6.06|81.87|10.00|7.58|60.65|7.58|7.58|10.00|
2451142|42553|11492|6319686|567782|5694|4611194|6|21|1349|10|70.09|5.61|75.70|10.00|7.01|56.07|7.01|7.01|10.00|
2451467|80001|17221|1076298|479928|3925|142566|5|32|1350|4|5.06|0.40|5.46|10.00|0.51|4.05|0.51|0.51|10.00|
2451327|21265|6484|6624356|1748421|1835|200482|4|2|1350|5|24.09|1.93|26.02|10.00|2.41|19.27|2.41|2.41|10.00|
2451442|44038|17555|10693377|1241060|6754|3321927|6|13|1351|10|80.19|6.42|86.61|10.00|8.02|64.15|8.02|8.02|10.00|
2451314|76949|7400|1776791|816031|5259|746938|9|22|1351|3|57.12|4.57|61.69|10.00|5.71|45.70|5.71|5.71|10.00|
2451108|45578|16924|5363877|794878|1449|2608746|9|19|1352|3|75.99|6.08|82.07|10.00|7.60|60.79|7.60|7.60|10.00|
2450912|66160|12665|1559289|1859461|1484|3772245|10|26|1352|6|43.72|3.50|47.22|10.00|4.37|34.98|4.37|4.37|10.00|
2451203|4870|7732|9507392|1379960|6993|2301161|3|1|1353|5|35.72|2.86|38.58|10.00|3.57|28.58|3.57|3.57|10.00|
2451303|73964|421|1166312|303284|1669|914767|3|12|1353|2|89.21|7.14|96.35|10.00|8.92|71.37|8.92|8.92|10.00|
2451035|33154|11138|9242220|572837|542|1689109|4|20|1354|8|15.69|1.26|16.95|10.00|1.57|12.55|1.57|1.57|10.00|
2451530|57520|15169|5851575|770711|1081|4331030|5|5|1354|1|28.81|2.30|31.11|10.00|2.88|23.05|2.88|2.88|10.00|
2451062|11583|17078|9555988|547680|7111|4118150|3|23|1355|6|56.06|4.48|60.54|10.00|5.61|44.85|5.61|5.61|10.00|
2450865|14430|12792|544793|482255|4082|780359|8|28|1355|7|36.95|2.96|39.91|10.00|3.70|29.56|3.70|3.70|10.00|
2451070|68407|796|4610169|1440332|1655|1624278|7|24|1356|10|19.29|1.54|20.83|10.00|1.93|15.43|1.93|1.93|10.00|
2450959|27555|2929|6096512|52065|1445|3954875|7|26|1356|3|29.95|2.40|32.35|10.00|3.00|23.96|3.00|3.00|10.00|
2451482|39004|17634|842456|115724|6018|3772340|11|29|1357|3|1.18|0.09|1.27|10.00|0.12|0.94|0.12|0.12|10.00|
2451346|13298|3915|11730479|398633|1230|1998641|11|5|1357|3|11.99|0.96|12.95|10.00|1.20|9.59|1.20|1.20|10.00|
2451171|55232|5114|5855441|352976|4968|5808063|1|6|1358|10|25.20|2.02|27.22|10.00|2.52|20.16|2.52|2.52|10.00|
2450894|29660|3904|8404001|1707005|782|5609447|4|25|1358|1|54.48|4.36|58.84|10.00|5.45|43.58|5.45|5.45|10.00|
2451128|31894|26|8219715|1192391|5083|2808264|4|12|1359|4|63.41|5.07|68.48|10.00|6.34|50.73|6.34|6.34|10.00|
2450876|86181|2634|2305796|876225|6879|2927191|9|26|1359|6|90.25|7.22|97.47|10.00|9.03|72.20|9.03|9.03|10.00|
2451341|77999|10488|8934821|1440210|4490|4573222|1|31|1360|6|93.04|7.44|100.48|10.00|9.30|74.43|9.30|9.30|10.00|
2451023|45051|12986|11180552|1874443|6390|2040164|1|13|1360|9|4.72|0.38|5.10|10.00|0.47|3.78|0.47|0.47|10.00|
2450927|10840|7091|10573103|367378|1714|563051|10|20|1361|8|41.28|3.30|44.58|10.00|4.13|33.02|4.13|4.13|10.00|
2451114|86189|11856|9243652|603931|1963|3911087|8|26|1361|9|5.99|0.48|6.47|10.00|0.60|4.79|0.60|0.60|10.00|
2450947|60916|9338|3553568|1667740|149|340235|4|30|1362|2|49.58|3.97|53.55|10.00|4.96|39.66|4.96|4.96|10.00|
2451197|58258|9718|1122194|136641|6111|4783491|4|1|1362|6|41.65|3.33|44.98|10.00|4.17|33.32|4.17|4.17|10.00|
2450884|64613|823|2860092|1338120|299|148796|9|20|1363|9|71.41|5.71|77.12|10.00|7.14|57.13|7.14|7.14|10.00|
2451457|60045|2404|11235671|1433797|2160|763877|6|4|1363|10|60.49|4.84|65.33|10.00|6.05|48.39|6.05|6.05|10.00|
2450926|58109|13628|6188770|1124871|235|2712398|4|33|1364|4|46.76|3.74|50.50|10.00|4.68|37.41|4.68|4.68|10.00|
2451082|76630|1794|8037983|1457032|283|4269666|12|8|1364|2|57.12|4.57|61.69|10.00|5.71|45.70|5.71|5.71|10.00|
2450922|78373|5677|1797277|1187719|1912|464835|11|13|1365|7|72.43|5.79|78.22|10.00|7.24|57.94|7.24|7.24|10.00|
2450991|56264|7411|679657|1591666|7150|2600545|1|34|1365|5|13.38|1.07|14.45|10.00|1.34|10.70|1.34|1.34|10.00|
2451144|37453|3554|3701481|480614|2449|5519095|10|24|1366|7|11.18|0.89|12.07|10.00|1.12|8.94|1.12|1.12|10.00|
2451235|10193|6298|651276|257383|4211|3333794|6|32|1366|10|40.60|3.25|43.85|10.00|4.06|32.48|4.06|4.06|10.00|
2451259|67272|9924|8316597|1397647|5599|2605102|12|3|1367|8|10.75|0.86|11.61|10.00|1.07|8.60|1.07|1.07|10.00|
2451397|44785|8590|947323|1731824|5891|4534252|5|34|1367|8|28.97|2.32|31.29|10.00|2.90|23.18|2.90|2.90|10.00|
2451065|76749|9029|9360652|529657|273|5561572|7|19|1368|5|59.63|4.77|64.40|10.00|5.96|47.70|5.96|5.96|10.00|
2451289|56120|5273|1997201|1793393|4784|2644831|4|20|1368|10|43.12|3.45|46.57|10.00|4.31|34.50|4.31|4.31|10.00|
2451113|3466|12537|5185580|414060|1734|3172281|8|13|1369|1|99.00|7.92|106.92|10.00|9.90|79.20|9.90|9.90|10.00|
2451509|66745|8561|5620663|981655|4745|5621275|7|22|1369|2|0.29|0.02|0.31|10.00|0.03|0.23|0.03|0.03|10.00|
2451095|81193|14137|1992119|1600854|2148|2103902|8|17|1370|6|29.61|2.37|31.98|10.00|2.96|23.69|2.96|2.96|10.00|
2451369|32296|13849|8415980|706389|3356|3329443|3|11|1370|8|89.70|7.18|96.88|10.00|8.97|71.76|8.97|8.97|10.00|
2451489|72163|480|4295819|76181|7006|4780213|11|1|1371|1|1.17|0.09|1.26|10.00|0.12|0.94|0.12|0.12|10.00|
2451536|42525|10354|51470|834180|4100|5668642|10|13|1371|9|78.63|6.29|84.92|10.00|7.86|62.90|7.86|7.86|10.00|
2451506|35861|7456|8386430|516408|1276|1454331|1|26|1372|8|62.53|5.00|67.53|10.00|6.25|50.02|6.25|6.25|10.00|
2451206|57548|15099|6226323|100473|5458|1163618|1|27|1372|6|2.07|0.17|2.24|10.00|0.21|1.66|0.21|0.21|10.00|
2451083|49897|201|6693067|1547444|4845|5113444|8|24|1373|1|96.91|7.75|104.66|10.00|9.69|77.53|9.69|9.69|10.00|
2451225|4742|60|10537699|1837618|2873|4804842|11|6|1373|8|6.02|0.48|6.50|10.00|0.60|4.82|0.60|0.60|10.00|
2451330|51105|13353|6349471|96434|3344|2425910|8|35|1374|6|91.26|7.30|98.56|10.00|9.13|73.01|9.13|9.13|10.00|
2451075|80322|12971|11066054|1603413|3896|3215325|10|16|1374|8|31.67|2.53|34.20|10.00|3.17|25.34|3.17|3.17|10.00|
2451404|23170|7076|3186351|1571534|4823|5961168|2|29|1375|3|35.59|2.85|38.44|10.00|3.56|28.47|3.56|3.56|10.00|
2451003|76963|3745|1823340|253247|5322|1665849|4|12|1375|8|28.28|2.26|30.54|10.00|2.83|22.62|2.83|2.83|10.00|
2450849|44608|11469|8526708|1281936|224|3533651|6|18|1376|10|59.56|4.76|64.32|10.00|5.96|47.65|5.96|5.96|10.00|
2451389|9740|12455|6950164|1838666|3188|3400673|6|17|1376|8|33.41|2.67|36.08|10.00|3.34|26.73|3.34|3.34|10.00|
2450922|29260|10385|1892175|128904|3761|3746531|10|18|1377|2|72.05|5.76|77.81|10.00|7.21|57.64|7.21|7.21|10.00|
2451512|44939|921|865484|1359884|7103|1126525|1|35|1377|10|7.60|0.61|8.21|10.00|0.76|6.08|0.76|0.76|10.00|
2450862|69807|4084|11237586|266501|1745|4103105|4|8|1378|6|80.19|6.42|86.61|10.00|8.02|64.15|8.02|8.02|10.00|
2450940|15059|7452|299604|192024|2121|3153532|3|25|1378|8|51.42|4.11|55.53|10.00|5.14|41.14|5.14|5.14|10.00|
2451154|74545|5484|10614810|1361785|1305|1479811|12|31|1379|6|18.66|1.49|20.15|10.00|1.87|14.93|1.87|1.87|10.00|
2451274|51678|2378|3909323|1850130|6162|4617061|10|17|1379|8|2.89|0.23|3.12|10.00|0.29|2.31|0.29|0.29|10.00|
2450985|25200|4785|7128907|902693|1862|620550|8|26|1380|6|83.97|6.72|90.69|10.00|8.40|67.18|8.40|8.40|10.00|
2450828|48758|4928|9649157|454116|3219|2673304|7|9|1380|2|68.26|5.46|73.72|10.00|6.83|54.61|6.83|6.83|10.00|
2450923|6229|3709|7426005|1327943|3044|3357070|6|25|1381|4|76.29|6.10|82.39|10.00|7.63|61.03|7.63|7.63|10.00|
2450823|78210|11567|865224|372101|264|661135|9|14|1381|4|97.65|7.81|105.46|10.00|9.77|78.12|9.77|9.77|10.00|
2451486|16888|9528|5075513|1587602|338|4067767|1|10|1382|7|54.36|4.35|58.71|10.00|5.44|43.49|5.44|5.44|10.00|
2451064|26327|16837|4320025|1175889|6151|1783202|10|12|1382|4|77.92|6.23|84.15|10.00|7.79|62.34|7.79|7.79|10.00|
2451201|55579|17571|1624147|658236|6994|3298033|12|27|1383|1|88.72|7.10|95.82|10.00|8.87|70.98|8.87|8.87|10.00|
2451071|34552|15340|5718601|1877582|582|5799801|7|17|1383|7|63.76|5.10|68.86|10.00|6.38|51.01|6.38|6.38|10.00|
2451181|74752|16488|9263829|716706|5890|5356214|2|10|1384|4|19.05|1.52|20.57|10.00|1.91|15.24|1.91|1.91|10.00|
2450926|67715|13812|9724509|1147539|2377|2085463|11|5|1384|1|54.03|4.32|58.35|10.00|5.40|43.22|5.40|5.40|10.00|
2451273|84374|8523|10302125|254097|3954|2879607|9|27|1385|3|88.72|7.10|95.82|10.00|8.87|70.98|8.87|8.87|10.00|
2450838|20131|3828|6623510|355637|967|3543213|5|12|1385|1|40.91|3.27|44.18|10.00|4.09|32.73|4.09|4.09|10.00|
2451255|67429|1231|5343176|1685194|888|939309|7|21|1386|4|83.07|6.65|89.72|10.00|8.31|66.46|8.31|8.31|10.00|
2451097|10194|11129|1036569|681624|3535|2626268|2|17|1386|6|13.16|1.05|14.21|10.00|1.32|10.53|1.32|1.32|10.00|
2451257|46293|3194|11879329|1274721|5399|491010|12|33|1387|5|30.06|2.40|32.46|10.00|3.01|24.05|3.01|3.01|10.00|
2451149|63356|7534|6368463|221141|6876|4565568|6|27|1387|3|1.91|0.15|2.06|10.00|0.19|1.53|0.19|0.19|10.00|
2451456|578|8698|9852659|514864|340|5913060|11|15|1388|8|57.38|4.59|61.97|10.00|5.74|45.90|5.74|5.74|10.00|
2451372|22780|16248|3961464|16741|3689|1546796|9|3|1388|8|65.00|5.20|70.20|10.00|6.50|52.00|6.50|6.50|10.00|
2450937|36644|17434|989377|997281|5810|4603278|5|33|1389|8|18.86|1.51|20.37|10.00|1.89|15.09|1.89|1.89|10.00|
2450831|32373|7407|2119430|77421|537|849618|8|22|1389|3|23.41|1.87|25.28|10.00|2.34|18.73|2.34|2.34|10.00|
2451019|78441|2027|1342513|1129842|3259|5216946|11|17|1390|2|14.88|1.19|16.07|10.00|1.49|11.90|1.49|1.49|10.00|
2450914|12151|8582|4410280|1787919|522|4746046|7|16|1390|1|25.71|2.06|27.77|10.00|2.57|20.57|2.57|2.57|10.00|
2450820|69225|8167|11376287|1382778|2508|2522119|3|8|1391|10|93.55|7.48|101.03|10.00|9.36|74.84|9.36|9.36|10.00|
2451474|68724|15366|9539790|1055789|1392|1336532|8|26|1391|3|78.40|6.27|84.67|10.00|7.84|62.72|7.84|7.84|10.00|
2450907|58495|17145|5897206|1392348|4903|3514521|8|30|1392|9|90.56|7.24|97.80|10.00|9.06|72.45|9.06|9.06|10.00|
2451434|23738|188|9158578|276861|1850|5283169|5|18|1392|9|42.26|3.38|45.64|10.00|4.23|33.81|4.23|4.23|10.00|
2451135|65961|1035|4103066|1127003|837|1041843|8|35|1393|10|15.02|1.20|16.22|10.00|1.50|12.02|1.50|1.50|10.00|
2451329|84972|14449|2028623|370787|1748|3165365|1|29|1393|9|79.94|6.40|86.34|10.00|7.99|63.95|7.99|7.99|10.00|
2451379|2099|2409|1081784|175757|2478|4694097|7|14|1394|1|12.57|1.01|13.58|10.00|1.26|10.06|1.26|1.26|10.00|
2451341|4814|12762|5278043|609317|3221|1342276|10|20|1394|10|92.56|7.40|99.96|10.00|9.26|74.05|9.26|9.26|10.00|
2451496|42482|3289|4305792|1430160|6241|5620396|12|12|1395|6|69.09|5.53|74.62|10.00|6.91|55.27|6.91|6.91|10.00|
2450892|15047|14496|3667414|1340780|5431|1436|1|25|1395|3|99.73|7.98|107.71|10.00|9.97|79.78|9.97|9.97|10.00|
2451469|29206|12654|10221074|1719751|6661|1982951|12|20|1396|5|38.27|3.06|41.33|10.00|3.83|30.62|3.83|3.83|10.00|
2451128|57475|12957|2722750|1848865|3069|5518408|3|10|1396|9|79.83|6.39|86.22|10.00|7.98|63.86|7.98|7.98|10.00|
2451514|63932|3474|10620375|515741|5912|2256868|2|5|1397|2|94.13|7.53|101.66|10.00|9.41|75.30|9.41|9.41|10.00|
2451209|8608|16748|9278095|379168|7115|126742|10|19|1397|5|29.62|2.37|31.99|10.00|2.96|23.70|2.96|2.96|10.00|
2451489|68020|8064|1787061|670805|3452|3053348|3|26|1398|1|66.48|5.32|71.80|10.00|6.65|53.18|6.65|6.65|10.00|
2451153|40017|204|915789|616053|2298|631679|5|29|1398|1|26.01|2.08|28.09|10.00|2.60|20.81|2.60|2.60|10.00|
2450944|15084|9213|5270621|1756831|6234|4950056|7|3|1399|3|60.04|4.80|64.84|10.00|6.00|48.03|6.00|6.00|10.00|
2450877|57302|12461|4086817|839570|6287|1899800|2|11|1399|2|31.21|2.50|33.71|10.00|3.12|24.97|3.12|3.12|10.00|
2451271|51272|5976|2541018|1252489|6109|3739673|1|5|1400|8|39.53|3.16|42.69|10.00|3.95|31.62|3.95|3.95|10.00|
2451342|58050|2589|7215612|1347505|340|220985|3|34|1400|6|46.57|3.73|50.30|10.00|4.66|37.26|4.66|4.66|10.00|
2451053|47452|11183|3263207|104884|1426|641612|2|5|1401|10|17.73|1.42|19.15|10.00|1.77|14.18|1.77|1.77|10.00|
2451456|7004|17315|1244631|1120391|3262|3622482|12|12|1401|1|89.04|7.12|96.16|10.00|8.90|71.23|8.90|8.90|10.00|
2451531|75130|5260|3808940|1820785|1605|99438|2|28|1402|4|52.23|4.18|56.41|10.00|5.22|41.78|5.22|5.22|10.00|
2450887|37460|12029|11944374|1684821|5786|418527|4|19|1402|2|79.73|6.38|86.11|10.00|7.97|63.78|7.97|7.97|10.00|
2451376|72946|4883|4944666|1616138|414|593313|5|18|1403|2|64.75|5.18|69.93|10.00|6.48|51.80|6.48|6.48|10.00|
2451022|39182|4186|7033977|847226|5307|495518|4|2|1403|9|57.95|4.64|62.59|10.00|5.80|46.36|5.80|5.80|10.00|
2450858|28543|7929|10835447|278696|1681|5773203|6|12|1404|1|14.53|1.16|15.69|10.00|1.45|11.62|1.45|1.45|10.00|
2450941|50484|15161|136840|708647|4811|656683|10|11|1404|7|31.22|2.50|33.72|10.00|3.12|24.98|3.12|3.12|10.00|
2451078|39264|6601|5070722|636652|268|5291182|4|26|1405|5|39.20|3.14|42.34|10.00|3.92|31.36|3.92|3.92|10.00|
2451083|4181|14811|9085320|1622628|2576|866971|1|11|1405|6|23.19|1.86|25.05|10.00|2.32|18.55|2.32|2.32|10.00|
2451484|45689|15798|1231999|71368|7149|2194592|8|34|1406|5|80.58|6.45|87.03|10.00|8.06|64.46|8.06|8.06|10.00|
2451339|51652|1454|6431914|1360907|1296|5621061|7|25|1406|7|99.11|7.93|107.04|10.00|9.91|79.29|9.91|9.91|10.00|
2450953|33182|11348|5452750|495951|5820|4159616|8|2|1407|5|46.72|3.74|50.46|10.00|4.67|37.38|4.67|4.67|10.00|
2450943|35533|17312|11165025|131703|3088|2743270|3|32|1407|8|51.52|4.12|55.64|10.00|5.15|41.22|5.15|5.15|10.00|
2451391|75965|11539|4904310|636992|1312|556205|6|10|1408|3|34.99|2.80|37.79|10.00|3.50|27.99|3.50|3.50|10.00|
2450956|5422|4733|1289570|40155|6702|1574639|1|3|1408|9|15.90|1.27|17.17|10.00|1.59|12.72|1.59|1.59|10.00|
2451392|7759|8276|4459788|975183|5087|4722446|11|32|1409|5|2.18|0.17|2.35|10.00|0.22|1.74|0.22|0.22|10.00|
2451174|5704|12230|1087039|1511133|4231|217934|9|22|1409|10|8.84|0.71|9.55|10.00|0.88|7.07|0.88|0.88|10.00|
2451211|20265|10295|9330304|1825967|5815|3865574|8|35|1410|1|85.74|6.86|92.60|10.00|8.57|68.59|8.57|8.57|10.00|
2451501|56467|2385|644175|141847|4074|4134664|5|9|1410|2|24.28|1.94|26.22|10.00|2.43|19.42|2.43|2.43|10.00|
2451031|8363|6157|5775237|1044231|55|3881538|1|17|1411|7|48.51|3.88|52.39|10.00|4.85|38.81|4.85|4.85|10.00|
2450844|35607|13536|5960321|822236|5416|5320180|9|28|1411|2|3.75|0.30|4.05|10.00|0.38|3.00|0.38|0.38|10.00|
2451301|59619|8486|10952451|415861|5228|3427882|8|30|1412|1|26.43|2.11|28.54|10.00|2.64|21.14|2.64|2.64|10.00|
2451314|71035|2464|4766983|1261797|3506|3714323|10|6|1412|8|14.45|1.16|15.61|10.00|1.45|11.56|1.45|1.45|10.00|
2451269|49363|2789|1453768|1154894|2020|3491426|2|34|1413|2|30.92|2.47|33.39|10.00|3.09|24.74|3.09|3.09|10.00|
2451521|52537|13113|11961856|1405587|6087|3344213|1|13|1413|7|32.30|2.58|34.88|10.00|3.23|25.84|3.23|3.23|10.00|
2451110|8183|6185|5766342|418603|2972|1781127|10|21|1414|9|38.86|3.11|41.97|10.00|3.89|31.09|3.89|3.89|10.00|
2450904|36251|15431|3506751|806766|4738|2369689|2|34|1414|1|79.84|6.39|86.23|10.00|7.98|63.87|7.98|7.98|10.00|
2451311|60826|12529|9607672|446989|4549|3254452|9|13|1415|9|43.61|3.49|47.10|10.00|4.36|34.89|4.36|4.36|10.00|
2451049|15218|669|2999512|1507571|4072|3598699|9|14|1415|2|29.70|2.38|32.08|10.00|2.97|23.76|2.97|2.97|10.00|
2451302|21595|16358|6555906|554134|2825|5312382|8|19|1416|10|56.82|4.55|61.37|10.00|5.68|45.46|5.68|5.68|10.00|
2451496|18040|1692|4698267|228531|458|759456|5|19|1416|5|12.21|0.98|13.19|10.00|1.22|9.77|1.22|1.22|10.00|
2451492|16535|173|2791770|375312|2342|1670963|3|5|1417|4|40.06|3.20|43.26|10.00|4.01|32.05|4.01|4.01|10.00|
2451429|61037|17445|3187447|930046|6926|1206501|7|24|1417|10|98.85|7.91|106.76|10.00|9.88|79.08|9.88|9.88|10.00|
2451256|17878|13531|2269557|933682|1685|3445202|3|6|1418|6|32.80|2.62|35.42|10.00|3.28|26.24|3.28|3.28|10.00|
2451043|55370|4065|10418326|280758|7159|4470726|5|8|1418|5|9.46|0.76|10.22|10.00|0.95|7.57|0.95|0.95|10.00|
2450848|78468|4118|2741572|948826|2592|3641713|6|4|1419|3|51.97|4.16|56.13|10.00|5.20|41.58|5.20|5.20|10.00|
2451428|5390|4654|2214716|175112|5358|613922|12|20|1419|6|93.02|7.44|100.46|10.00|9.30|74.42|9.30|9.30|10.00|
2451156|4032|1922|4865579|547057|4525|2523355|6|19|1420|10|44.45|3.56|48.01|10.00|4.45|35.56|4.45|4.45|10.00|
2451533|50487|7344|554825|1674440|7183|1465923|3|33|1420|4|10.96|0.88|11.84|10.00|1.10|8.77|1.10|1.10|10.00|
2451078|6224|6651|4020475|811487|5800|997872|7|31|1421|4|58.30|4.66|62.96|10.00|5.83|46.64|5.83|5.83|10.00|
2451282|70581|677|989138|960455|6779|5604525|3|35|1421|10|38.60|3.09|41.69|10.00|3.86|30.88|3.86|3.86|10.00|
2450865|42295|16658|7000598|696295|4423|706556|9|23|1422|6|61.19|4.90|66.09|10.00|6.12|48.95|6.12|6.12|10.00|
2451389|56711|2219|10147850|36062|1920|3503911|10|13|1422|3|34.76|2.78|37.54|10.00|3.48|27.81|3.48|3.48|10.00|
2450977|15884|13244|4132721|1023111|7179|2390260|10|16|1423|3|37.50|3.00|40.50|10.00|3.75|30.00|3.75|3.75|10.00|
2450867|15162|3195|1916013|386592|6366|4511655|11|10|1423|7|4.02|0.32|4.34|10.00|0.40|3.22|0.40|0.40|10.00|
2450987|65299|1080|1918092|427488|4378|5186955|7|21|1424|5|22.49|1.80|24.29|10.00|2.25|17.99|2.25|2.25|10.00|
2451359|57633|7422|10540361|217708|2591|164693|12|3|1424|8|22.31|1.78|24.09|10.00|2.23|17.85|2.23|2.23|10.00|
2451160|44396|8302|89266|805422|6161|2012570|3|22|1425|9|87.39|6.99|94.38|10.00|8.74|69.91|8.74|8.74|10.00|
2451138|48330|5670|5487192|1016241|4451|4534639|4|8|1425|3|50.07|4.01|54.08|10.00|5.01|40.06|5.01|5.01|10.00|
2451178|7655|9285|8549656|1536016|3070|5668813|10|34|1426|6|55.87|4.47|60.34|10.00|5.59|44.70|5.59|5.59|10.00|
2451262|53295|8793|1429609|1517492|5551|3094249|3|34|1426|9|65.40|5.23|70.63|10.00|6.54|52.32|6.54|6.54|10.00|
2451419|15154|16310|3115193|1082501|5103|2457485|10|32|1427|6|95.31|7.62|102.93|10.00|9.53|76.25|9.53|9.53|10.00|
2451288|78344|9705|8971821|624827|4519|1693877|8|5|1427|3|19.87|1.59|21.46|10.00|1.99|15.90|1.99|1.99|10.00|
2451031|37864|15189|10416075|89640|337|1730771|4|10|1428|2|72.05|5.76|77.81|10.00|7.21|57.64|7.21|7.21|10.00|
2450928|9714|8842|1864677|1554316|4535|1827864|4|4|1428|4|65.65|5.25|70.90|10.00|6.57|52.52|6.57|6.57|10.00|
2451407|22791|13262|6641063|1626323|311|1545517|7|35|1429|5|60.79|4.86|65.65|10.00|6.08|48.63|6.08|6.08|10.00|
2451178|84625|15019|11381825|892623|1358|3079792|1|9|1429|10|89.27|7.14|96.41|10.00|8.93|71.42|8.93|8.93|10.00|
2451486|37469|16078|2857186|1135330|7176|1677164|6|27|1430|9|78.54|6.28|84.82|10.00|7.85|62.83|7.85|7.85|10.00|
2451398|65130|14752|2810983|438084|1237|3460456|5|13|1430|9|49.30|3.94|53.24|10.00|4.93|39.44|4.93|4.93|10.00|
2451054|66000|16105|9401893|349664|3042|5389003|5|30|1431|6|87.62|7.01|94.63|10.00|8.76|70.10|8.76|8.76|10.00|
2451523|14167|101|10483136|197994|4437|4849492|8|8|1431|10|5.88|0.47|6.35|10.00|0.59|4.70|0.59|0.59|10.00|
2451250|8568|15949|8148994|1423082|4220|2648592|9|2|1432|4|0.10|0.01|0.11|10.00|0.01|0.08|0.01|0.01|10.00|
2450876|3452|10849|3358189|448707|2051|4159677|1|27|1432|1|73.30|5.86|79.16|10.00|7.33|58.64|7.33|7.33|10.00|
2450986|55545|15740|3388517|1305486|6691|5971122|11|23|1433|8|75.54|6.04|81.58|10.00|7.55|60.43|7.55|7.55|10.00|
2451421|76794|17907|5113089|624069|6078|3558276|4|27|1433|9|61.30|4.90|66.20|10.00|6.13|49.04|6.13|6.13|10.00|
2451387|74396|10758|2895231|747979|1048|819573|9|28|1434|3|85.72|6.86|92.58|10.00|8.57|68.58|8.57|8.57|10.00|
2451199|59309|1323|7077158|1667103|2802|497463|1|33|1434|5|66.85|5.35|72.20|10.00|6.68|53.48|6.68|6.68|10.00|
2451119|39322|4792|9042253|810375|10|3834625|3|6|1435|8|75.78|6.06|81.84|10.00|7.58|60.62|7.58|7.58|10.00|
2451387|40225|2757|9333096|890999|3164|1890808|1|30|1435|10|96.82|7.75|104.57|10.00|9.68|77.46|9.68|9.68|10.00|
2451355|11112|12024|10312589|1552739|3336|1743109|10|16|1436|8|24.32|1.95|26.27|10.00|2.43|19.46|2.43|2.43|10.00|
2451174|76882|4427|1946890|234031|1410|3871470|3|22|1436|8|24.02|1.92|25.94|10.00|2.40|19.22|2.40|2.40|10.00|
2451291|35330|2946|7652648|86475|1170|2014596|7|25|1437|6|24.34|1.95|26.29|10.00|2.43|19.47|2.43|2.43|10.00|
2451099|73750|3958|9108378|1038064|6499|2961305|6|33|1437|1|96.81|7.74|104.55|10.00|9.68|77.45|9.68|9.68|10.00|
2451276|4917|48|9493271|482175|550|1636640|6|9|1438|8|43.35|3.47|46.82|10.00|4.33|34.68|4.33|4.33|10.00|
